annotation_id,image_id,category_id,bbox_x,bbox_y,bbox_w,bbox_h,score
1,1,27925,602.6596,673.8214,251.4577,479.1844,0.9813
2,1,1899,159.1482,250.7309,200.9124,125.8738,0.9759
3,1,16550,561.1028,70.9035,394.7258,405.4048,0.9733
4,1,24849,173.0008,739.75,181.8248,291.9449,0.9717
5,3,27925,573.4324,629.7582,256.8151,485.9367,0.9729
6,3,16550,532.5143,64.3633,382.8077,395.4328,0.9721
7,3,1899,142.3182,241.4853,198.5582,128.5742,0.9678
8,3,24849,141.2902,702.6059,183.3717,296.1374,0.962
9,4,16550,129.798,648.4493,296.8749,492.4574,0.9757
10,4,1899,685.4612,806.8711,129.5248,209.4303,0.9714
11,4,24849,601.2386,252.3378,293.2106,167.0861,0.9647
12,4,29344,117.1557,155.8152,273.7194,410.0212,0.9467
13,5,1899,180.9332,265.6037,129.913,199.9428,0.9742
14,5,16550,569.5784,113.4613,284.901,477.5464,0.9726
15,5,24849,95.3757,893.8367,295.5283,164.0969,0.9624
16,5,29344,613.6122,715.3776,282.7909,449.8178,0.9503
17,8,22346,130.9179,220.3125,203.9281,196.1536,0.9773
18,8,20237,624.3954,177.2909,223.1018,215.2275,0.9746
19,8,27652,96.6668,854.7673,220.6822,205.1147,0.9727
20,8,3482,588.197,845.6982,284.0385,165.7518,0.9696
21,9,22346,114.5244,211.584,199.677,193.6083,0.9761
22,9,20237,595.7956,173.161,218.2926,212.7288,0.9751
23,9,3482,559.3271,811.0878,288.049,175.5142,0.9711
24,9,27652,62.5339,812.4644,225.1716,208.8364,0.9695
25,10,21770,642.7383,290.4287,189.4678,179.1761,0.9847
26,10,16547,103.1093,806.5812,239.9158,238.4821,0.9753
27,10,29450,104.5311,235.0588,403.5325,220.3504,0.9731
28,10,1899,643.0727,844.0201,190.3707,188.775,0.9705
29,13,33879,479.5834,241.3049,437.2964,278.8172,0.9775
30,13,16231,142.9713,329.3021,193.8428,191.7015,0.9773
31,13,3350,429.9301,852.2998,190.3556,191.2211,0.9691
32,15,16231,643.592,796.473,194.4383,188.9778,0.9867
33,15,33879,52.2824,783.7429,443.0822,277.1782,0.973
34,15,3350,360.3516,247.7649,183.9863,181.218,0.9727
35,17,35205,114.1395,587.531,305.0964,381.689,0.9767
36,17,3350,299.0788,166.2891,182.9596,188.1358,0.9631
37,17,41767,559.1305,646.6997,276.3669,300.0831,0.9589
38,19,28762,101.6337,169.6284,211.0204,202.8945,0.9814
39,19,3482,611.9934,788.2946,272.412,209.4373,0.9691
40,19,36636,621.6366,206.2619,259.2933,168.0743,0.9661
41,19,27732,126.5225,767.667,311.7661,273.9508,0.9643
42,23,25366,21.6267,88.9876,411.3137,439.081,0.9758
43,23,16261,594.131,176.4884,236.1908,229.0246,0.9713
44,23,3482,558.9682,811.2482,286.8047,175.4924,0.971
45,23,27652,62.2874,811.1155,223.7389,209.3718,0.97
46,24,25366,33.6202,105.6091,425.8992,442.5299,0.9778
47,24,27652,95.4725,853.6277,221.4002,205.423,0.9734
48,24,3482,587.7998,845.3979,283.0799,165.9971,0.9706
49,24,16261,622.4702,181.5173,240.7617,231.871,0.9701
50,27,23222,71.2587,103.6896,297.1862,508.334,0.9766
51,27,13394,601.4472,708.5514,232.8562,518.0345,0.9758
52,27,25437,123.8109,823.1971,260.738,264.9891,0.9702
53,27,2482,606.008,87.2031,193.7861,466.883,0.9562
54,28,25366,19.9641,64.9275,406.9414,456.3919,0.9771
55,28,3482,566.9098,812.278,262.5298,220.3641,0.9711
56,28,35205,613.763,143.1224,225.1183,399.0549,0.967
57,28,27776,178.5234,811.4746,174.3556,199.4488,0.9597
58,29,25366,7.4444,48.9208,396.9049,450.9332,0.9779
59,29,3482,538.2347,777.8528,265.0731,226.3309,0.9733
60,29,27776,145.5232,774.684,178.5375,206.4594,0.9721
61,29,35205,585.1287,132.3834,218.7054,392.1971,0.9682
62,31,12419,653.9626,847.6207,187.45,181.4297,0.9758
63,31,6562,197.7325,715.1854,215.5434,357.2117,0.9743
64,31,16550,590.7005,48.8668,286.6336,481.347,0.9724
65,31,3543,112.9881,241.4144,206.0944,198.6582,0.9681
66,32,6562,584.3748,231.9115,209.7547,338.7752,0.9785
67,32,16550,107.6314,703.9892,292.3348,498.8224,0.9768
68,32,12419,164.7875,278.1802,181.4022,178.1609,0.9757
69,32,3543,674.3858,826.6837,213.9877,211.9076,0.9738
70,38,20876,85.9638,725.1507,331.1915,240.8302,0.9758
71,38,35205,628.4658,161.0286,210.631,395.1229,0.9747
72,38,3482,625.2744,718.6812,208.8527,269.5023,0.9746
73,38,31884,116.9152,28.181,391.6936,503.7121,0.9611
74,40,3482,159.0087,214.6994,245.2125,220.5829,0.971
75,40,29666,120.832,839.3125,229.2298,225.1965,0.9689
76,40,19860,646.4609,277.3094,219.0184,171.5718,0.9639
77,40,31884,618.5501,610.4807,322.5477,552.5785,0.4732
78,41,19860,119.2179,864.7828,221.2618,168.0129,0.9733
79,41,3482,593.6203,873.2241,257.3771,230.1135,0.9711
80,41,31884,56.2839,92.5923,323.0384,537.6737,0.9103
81,41,29666,638.5594,206.0608,223.677,215.1184,0.7762
82,42,19860,82.5785,825.2426,228.0424,177.5691,0.9839
83,42,3482,565.774,841.8205,258.1894,231.9044,0.9728
84,42,29666,610.0722,200.1155,218.4228,214.2002,0.9605
85,42,31884,37.8097,73.5871,314.8266,529.5337,0.5018
86,44,13899,580.4577,673.1545,178.6246,263.316,0.97
87,44,29666,92.4289,722.3359,233.4225,231.5466,0.9691
88,44,3350,371.527,155.2303,181.6816,186.0303,0.9653
89,46,23222,104.0074,117.7159,306.1535,493.7943,0.9824
90,46,3742,119.2398,785.4136,322.777,318.491,0.9808
91,46,2482,593.8458,66.9157,244.4148,481.9408,0.9586
92,46,12080,602.2368,708.3252,233.3531,450.0677,0.9073
93,47,3742,492.9674,165.7996,314.6978,297.9074,0.9776
94,47,23222,535.4235,591.8796,302.0908,501.459,0.9754
95,47,2482,89.5201,668.3474,251.44,469.3534,0.9617
96,47,12080,113.4844,109.3223,223.2359,428.0747,0.9549
97,53,6191,100.6006,115.318,356.6556,476.326,0.9816
98,53,5885,606.831,683.8972,240.9828,502.2317,0.9674
99,53,25437,132.7248,852.4221,261.044,266.7807,0.9655
100,53,2482,656.0048,103.5748,207.5187,466.444,0.959
101,54,6191,465.073,640.5818,372.9696,489.7231,0.9708
102,54,25437,547.8404,176.2062,247.125,254.2976,0.9698
103,54,2482,71.311,667.6496,200.9918,480.8894,0.9569
104,54,5885,114.4398,79.553,228.3494,480.1455,0.9434
105,55,3350,424.3174,847.4269,187.224,189.8591,0.9685
106,55,16687,435.2053,161.3338,502.6367,459.959,0.9661
107,55,20013,48.323,282.9831,339.3105,318.7526,0.9426
108,56,3350,325.3483,192.9213,185.2093,189.1203,0.9644
109,56,16687,0.0,550.0578,505.5037,505.4596,0.9615
110,56,20013,550.1084,619.9682,349.2969,341.948,0.9607
111,58,19860,91.4563,825.7796,226.1062,178.4002,0.9878
112,58,34596,40.0301,52.5118,383.8176,462.9693,0.9718
113,58,3482,572.8499,838.1,261.3049,229.866,0.9697
114,58,35205,555.5341,90.7611,277.8021,368.1392,0.9384
115,60,35205,110.5169,774.9186,301.4392,388.4664,0.9748
116,60,3482,151.2902,219.9562,245.6754,219.0268,0.9707
117,60,34596,546.3813,694.2912,413.4294,482.7738,0.9698
118,60,19860,638.0875,277.119,219.3119,171.784,0.9692
119,62,36636,542.3669,649.188,203.5366,255.4617,0.9693
120,62,3350,326.2966,155.8933,183.4791,187.7134,0.9613
121,62,18146,93.3064,548.7508,284.9689,415.4297,0.9266
122,64,20013,593.5966,266.5994,337.5118,317.84,0.97
123,64,3350,396.7268,886.5823,190.2971,190.8107,0.9659
124,64,29666,153.2205,276.881,229.2084,223.6818,0.9654
125,65,29666,558.246,729.5312,233.7525,229.2748,0.9666
126,65,3350,350.819,154.3114,183.7367,186.3558,0.9614
127,65,20013,1.7668,630.0788,335.452,345.7759,0.958
128,65,3831,687.9668,1169.1196,288.0333,110.6699,0.0631
129,66,20013,34.6501,717.1872,340.6937,337.401,0.9778
130,66,29666,597.5959,820.033,227.9774,221.086,0.9711
131,66,3350,392.9596,211.3254,183.7295,181.9546,0.965
132,68,16231,154.9388,827.232,189.2561,190.8859,0.9745
133,68,30307,511.6831,768.194,451.6238,376.3959,0.9714
134,68,3482,172.0804,275.5053,261.8756,220.395,0.9704
135,68,27776,638.4718,293.2146,174.5726,195.4255,0.9664
136,70,29450,47.878,230.5548,400.7064,228.7321,0.9799
137,70,16550,49.1143,708.1232,298.8378,500.4436,0.9732
138,70,24849,645.4312,257.9524,188.5098,267.257,0.9724
139,70,1899,631.1588,898.1717,211.3539,155.6695,0.9624
140,72,29450,551.685,843.4045,411.1484,221.1098,0.9763
141,72,24849,154.865,774.403,193.4011,281.4573,0.9731
142,72,16550,642.7124,45.972,291.8138,484.098,0.968
143,72,1899,156.3584,224.201,205.856,149.0827,0.9674
144,73,16550,527.5944,75.1323,347.607,420.389,0.9808
145,73,6562,166.7366,671.6862,218.8652,364.74,0.9735
146,73,3543,75.0917,200.7743,200.2567,198.6552,0.9709
147,73,12246,593.1988,847.5682,211.9084,128.2774,0.9499
148,75,6562,199.187,714.8459,215.2815,357.3156,0.9748
149,75,16550,556.0815,84.892,359.4702,430.9021,0.9736
150,75,3543,90.7233,210.3316,203.9734,199.5273,0.9681
151,75,12246,621.4806,879.3071,207.6591,123.932,0.9608
152,79,16261,126.2265,296.8322,244.4309,234.0698,0.9757
153,79,3350,388.8033,845.9938,187.6485,189.7354,0.9688
154,79,19231,505.4132,236.4916,323.6838,254.8643,0.9452
155,80,16261,568.5615,695.1217,250.0614,243.459,0.9717
156,80,3350,360.713,194.1814,183.215,187.9067,0.9704
157,80,19231,96.8917,697.0136,335.1122,269.5869,0.9614
158,82,3742,123.0446,835.8844,329.2368,334.5976,0.97
159,82,19551,119.491,141.3011,317.6308,498.8932,0.9688
160,82,22361,609.5449,737.1123,269.9581,416.0264,0.9673
161,82,2482,631.5732,104.0,195.26,466.7572,0.9566
162,83,3742,490.3417,127.1536,311.8392,300.0824,0.9794
163,83,22361,80.1622,116.086,260.5768,389.9441,0.9719
164,83,19551,506.681,597.2819,316.2419,490.0138,0.971
165,83,2482,92.792,662.6632,203.1419,490.5899,0.9673
166,85,16547,571.6886,251.9318,231.4438,225.0165,0.9706
167,85,21770,148.9925,850.1697,194.9594,190.5375,0.9696
168,85,1899,163.1357,257.4569,126.3452,198.7498,0.9684
169,85,29344,590.4356,677.6899,280.8114,457.5386,0.9609
170,86,21770,618.292,250.4864,187.9278,181.4183,0.9806
171,86,16547,152.4473,768.3332,239.9931,236.9765,0.9742
172,86,1899,685.2494,806.774,129.9147,209.6385,0.9721
173,86,29344,118.3326,154.7673,271.0776,412.071,0.9478
174,88,31704,621.5608,732.1109,250.994,448.5102,0.983
175,88,18109,81.1819,801.9314,307.0422,287.992,0.9751
176,88,16550,609.1574,49.0318,285.3613,480.5748,0.9705
177,88,1899,131.1115,229.7758,204.3913,138.9252,0.9635
178,89,31704,597.583,694.8136,250.2569,453.936,0.9855
179,89,18109,45.9736,757.9438,307.332,298.0228,0.9824
180,89,16550,582.549,40.5159,276.1943,469.4488,0.9758
181,89,1899,113.8764,223.1246,202.2878,141.7321,0.9618
182,90,31704,133.9056,128.6176,243.5989,418.873,0.9823
183,90,18109,610.7566,219.9175,297.2766,283.6558,0.9791
184,90,16550,88.8548,707.5356,290.2887,495.6464,0.9757
185,90,1899,654.4704,901.9824,213.6752,148.7172,0.9668
186,91,27925,148.5844,142.1532,254.6816,456.2512,0.986
187,91,19606,689.3234,299.6165,157.3643,148.5724,0.9771
188,91,16547,123.2066,865.6885,240.62,236.1627,0.9741
189,91,1899,629.4835,894.9049,210.6465,134.1996,0.9672
190,95,32309,500.3038,716.754,383.0362,244.24,0.9719
191,95,3350,337.4588,182.14,182.8736,186.1339,0.969
192,95,29666,61.5025,743.5732,230.1285,230.6094,0.9647
193,95,3831,780.4373,0.1167,195.5627,91.4973,0.1259
194,97,19606,667.495,252.5687,155.9526,150.9327,0.9773
195,97,1899,687.6696,805.5266,130.1288,209.0892,0.9756
196,97,16547,100.2088,820.2964,241.4844,239.7088,0.9717
197,97,29344,118.233,164.7619,306.4234,404.2904,0.9478
198,100,18109,43.5961,747.2594,311.4557,298.8808,0.9755
199,100,33008,519.6466,791.6952,383.5251,209.9685,0.9749
200,100,16547,587.2802,131.7187,230.9321,224.6786,0.968
201,100,1899,135.9635,244.3403,188.5692,160.9563,0.9612
202,102,33008,550.3236,838.2809,370.9939,198.3528,0.9812
203,102,18109,78.7552,792.5096,306.2484,290.0412,0.973
204,102,16547,614.3825,135.7981,238.3696,227.6326,0.9716
205,102,1899,153.2128,254.93,193.308,161.2397,0.9712
206,104,18356,107.0644,611.2206,250.4148,369.1804,0.9786
207,104,21324,617.3737,758.0346,176.2983,232.0314,0.9663
208,104,3350,325.9438,205.4937,180.8112,185.8909,0.9605
209,104,3831,0.0,1190.4003,243.8081,89.3761,0.2382
210,108,22361,587.8944,743.3146,254.3334,408.1916,0.9757
211,108,12777,108.6545,51.185,288.8279,517.0886,0.9676
212,108,25437,144.0325,844.4611,255.3178,251.0512,0.9616
213,108,2482,601.6144,83.9305,247.9095,471.2696,0.9594
214,109,25366,584.1053,717.9932,384.2033,498.1436,0.9758
215,109,35205,110.7903,775.6538,299.0056,387.3945,0.9755
216,109,19860,638.4222,276.9,219.4634,171.931,0.9713
217,109,3482,151.6281,220.0682,244.8566,218.7884,0.9695
218,110,25366,43.5993,52.1984,376.2662,480.4259,0.9759
219,110,19860,126.5248,865.8801,221.0682,167.1362,0.9742
220,110,35205,585.5006,95.3505,285.5069,378.6264,0.9734
221,110,3482,602.0553,867.3369,257.7214,229.9046,0.9732
222,112,16550,158.5692,588.063,302.2245,467.2094,0.9769
223,112,3543,128.2445,235.2436,205.9333,199.71,0.975
224,112,10220,632.9347,201.0465,222.4279,212.9148,0.9731
225,112,33008,565.3877,807.7558,365.592,210.2724,0.9719
226,113,33008,76.886,269.7676,360.2331,220.518,0.9819
227,113,3543,659.7152,832.0392,213.4847,210.7588,0.976
228,113,16550,536.7505,225.4593,298.4879,462.8337,0.9756
229,113,10220,125.8233,845.6854,230.3168,225.6275,0.9747
230,114,16550,126.0998,538.2094,308.4913,473.8898,0.9737
231,114,10220,605.0676,193.6803,218.2328,212.8912,0.9734
232,114,33008,535.1404,761.844,375.2732,227.7049,0.9718
233,114,3543,110.9977,225.2199,202.2524,198.8878,0.9677
234,115,27732,561.0136,256.3646,299.774,264.9478,0.982
235,115,25366,496.4012,647.6022,419.7702,464.5885,0.9774
236,115,36636,99.9664,880.4927,269.081,179.3627,0.9696
237,115,3482,120.9716,308.3708,272.4631,196.9469,0.9627
238,118,3350,458.709,846.5787,188.1965,189.738,0.9746
239,118,13899,62.2001,311.4728,227.0666,214.14,0.9724
240,118,16687,425.2388,78.8496,429.8272,519.1476,0.9617
241,119,13899,652.3794,705.5927,226.6956,224.6599,0.9681
242,119,3350,293.8977,193.4863,184.3227,188.0461,0.9656
243,119,16687,81.3136,576.2785,447.4174,571.0414,0.9466
244,120,13899,687.9337,795.6945,229.8703,219.2215,0.9631
245,120,3350,334.9707,255.6355,183.4633,182.2118,0.9583
246,120,16687,118.5069,676.6638,448.5958,575.5915,0.9488
247,122,25366,57.2173,89.4624,360.2515,477.159,0.9776
248,122,29666,592.4233,170.3203,217.1264,213.9918,0.9773
249,122,25468,46.7426,786.5062,354.3159,302.3188,0.9772
250,122,3482,574.4181,810.5146,279.3625,194.6239,0.9719
251,124,21770,685.776,882.6078,198.9852,193.6248,0.9766
252,124,16550,4.3107,766.2048,364.2555,456.995,0.9706
253,124,1899,172.9256,279.6422,204.2509,140.4981,0.9609
254,124,21025,672.7853,273.02,178.5002,172.7404,0.9334
255,125,16550,627.6764,35.7554,347.6372,438.664,0.9774
256,125,21770,115.2954,204.6277,191.8004,184.1049,0.9765
257,125,1899,621.9286,889.3262,208.1625,137.5364,0.9683
258,125,21025,137.2308,868.4108,181.1109,176.3106,0.9612
259,126,21770,100.9202,196.3547,186.3397,181.6006,0.9763
260,126,16550,600.4746,31.0366,338.3919,425.7786,0.9742
261,126,1899,595.59,855.5709,212.1795,144.9019,0.9666
262,126,21025,103.9332,834.1833,181.8834,179.5063,0.9558
263,127,22361,622.3713,781.2556,252.3286,421.3698,0.9678
264,127,5093,136.734,857.5586,285.0123,285.8378,0.9674
265,127,6191,131.5868,141.9761,295.0736,548.8117,0.9589
266,127,2482,645.55,117.8856,193.2752,469.6226,0.954
267,128,22361,607.9712,779.8004,254.9748,407.1625,0.9706
268,128,5093,136.4608,845.9176,276.6446,274.2727,0.968
269,128,6191,131.0321,130.8767,295.44,530.5092,0.9637
270,128,2482,653.6808,82.8758,190.5963,483.4422,0.952
271,129,6191,518.3456,545.4112,291.6625,524.64,0.976
272,129,5093,522.605,150.875,268.3762,262.5918,0.9711
273,129,22361,81.4013,72.1834,252.7505,394.046,0.9691
274,129,2482,84.7475,646.282,200.4951,488.4164,0.9568
275,130,30307,509.7786,765.9892,465.5736,314.5019,0.9746
276,130,3482,172.9318,274.9496,262.0808,221.7552,0.9705
277,130,27776,639.1858,292.9447,174.5756,195.7902,0.9668
278,130,36636,132.0556,827.4267,189.3322,255.5858,0.9579
279,132,36636,667.2886,179.8277,183.4443,248.2856,0.9733
280,132,3482,566.4534,812.1564,262.8555,221.7558,0.9715
281,132,30307,29.3471,178.1681,457.1567,311.8782,0.9706
282,132,27776,179.2552,811.4052,174.7083,199.7457,0.9603
283,134,35205,651.7456,141.583,196.2116,398.8804,0.9779
284,134,3482,558.5284,811.4209,287.6727,174.9274,0.9708
285,134,27652,61.9592,811.5182,225.0745,210.0014,0.97
286,134,31884,41.2528,3.6088,348.9592,522.2816,0.9531
287,135,35205,681.324,153.3031,199.5988,406.4747,0.9806
288,135,3482,587.6347,845.869,283.9615,164.766,0.9708
289,135,27652,95.0908,853.582,220.8555,205.5035,0.9672
290,135,31884,53.9254,21.4114,367.0078,527.4126,0.9529
291,136,16550,79.2558,653.2,314.866,484.0552,0.9805
292,136,33008,568.4139,215.2254,321.0674,287.948,0.9798
293,136,1899,652.1114,849.9363,209.4357,159.2188,0.9714
294,136,44198,136.9223,247.7634,237.0557,228.9875,0.9708
295,139,25468,50.3069,786.9602,350.729,302.6955,0.9779
296,139,3482,574.9644,811.5559,279.7096,193.1855,0.9726
297,139,35205,586.581,111.3679,220.2211,391.3356,0.9711
298,139,31884,8.4479,46.222,395.3773,504.6791,0.9659
299,140,35205,613.6316,120.7416,232.1214,399.7386,0.9775
300,140,3482,602.2181,845.0237,276.8519,188.4952,0.971
301,140,25468,86.5942,829.6664,342.7525,302.6757,0.9687
302,140,31884,20.5401,69.2672,411.3757,505.1002,0.9489
303,142,16547,594.3178,156.3492,230.4422,224.4188,0.9727
304,142,1899,582.7048,866.0898,211.7396,143.2666,0.9633
305,142,21025,91.6299,831.4696,181.2002,179.1879,0.9509
306,142,44198,78.9482,175.7481,248.1648,226.9918,0.9446
307,143,16547,622.3488,161.0715,237.1442,227.0726,0.9778
308,143,21025,125.6322,865.8522,179.9743,176.4258,0.9705
309,143,1899,609.786,900.291,206.9797,135.683,0.9647
310,143,44198,93.3167,184.1447,254.5287,230.3407,0.9492
311,146,16231,154.6461,827.1053,189.0579,190.918,0.9773
312,146,3482,171.0204,275.7584,262.6389,220.5632,0.9708
313,146,27776,638.7026,293.1876,173.9927,195.0824,0.968
314,146,31884,557.9673,672.7003,398.8644,521.8076,0.9563
315,148,3350,402.0711,850.1893,189.542,191.2297,0.971
316,148,20237,119.6407,296.7276,228.5209,221.7458,0.9679
317,148,19231,503.868,236.4325,324.7064,254.9423,0.9498
318,149,20237,594.8064,710.6012,229.5756,227.9215,0.981
319,149,19231,96.5115,697.094,335.3146,270.1387,0.9646
320,149,3350,346.8744,190.5072,183.8109,187.0203,0.9637
321,150,20237,634.2255,801.9139,227.133,221.8129,0.9722
322,150,19231,139.7846,800.4804,329.7871,265.2742,0.9716
323,150,3350,388.7551,251.9748,183.384,181.2303,0.951
324,150,20237,388.9704,252.1832,183.8311,180.5248,0.085
325,151,29450,514.5188,242.549,401.8212,221.448,0.9737
326,151,16547,98.9559,819.0268,240.1275,236.7934,0.9726
327,151,1899,644.3964,844.5705,189.4043,189.268,0.9697
328,151,33207,183.6477,266.4475,205.75,195.1256,0.9614
329,152,29450,37.0261,802.8282,418.5502,221.8238,0.9813
330,152,16547,620.6706,205.3017,231.0272,224.1512,0.9697
331,152,1899,149.392,241.3561,180.4875,180.0163,0.967
332,152,33207,583.4433,811.0756,212.2529,204.0713,0.9586
333,153,29450,72.6847,843.8264,411.3555,216.236,0.9764
334,153,16547,647.9796,211.9581,239.1412,227.5734,0.9739
335,153,1899,167.2742,248.4072,182.9589,181.2024,0.9708
336,153,33207,611.677,843.7474,208.7133,198.2805,0.9707
337,154,23222,90.3764,135.5596,315.8416,491.4679,0.9803
338,154,5885,597.8971,686.7778,234.9997,487.4374,0.9711
339,154,5093,109.6241,805.8646,279.3345,272.9416,0.9632
340,154,2482,620.7258,47.2497,250.3453,472.7871,0.9625
341,155,23222,537.7422,575.883,316.8674,497.9548,0.9782
342,155,5093,548.4562,186.7251,269.0726,266.3452,0.97
343,155,2482,70.4874,693.9468,250.2847,466.0638,0.9633
344,155,5885,113.6795,79.9544,232.8779,478.3002,0.9452
345,156,23222,92.9273,163.8198,314.8825,496.375,0.9797
346,156,5885,605.0639,684.5862,245.737,502.866,0.969
347,156,2482,608.1626,88.492,259.6604,456.3735,0.9606
348,156,5093,110.2546,814.9645,285.1395,284.6631,0.9568
349,157,25366,109.3246,81.2694,385.2544,460.3122,0.9786
350,157,3482,538.2364,780.1453,264.7214,225.1461,0.9739
351,157,16261,576.0636,186.3236,235.53,229.4552,0.9737
352,157,27776,145.2792,775.499,178.5,206.3012,0.9707
353,159,25366,124.2352,100.2424,396.6998,462.3619,0.982
354,159,3482,566.6568,813.9726,262.5074,221.5232,0.9726
355,159,16261,604.9992,192.8914,240.5853,231.737,0.9698
356,159,27776,178.3162,812.31,174.1512,199.6992,0.9607
357,160,16550,577.9044,262.4002,283.9566,468.8838,0.9833
358,160,3543,627.5448,887.6899,212.4985,211.8656,0.9774
359,160,4542,146.35,917.006,211.6236,209.3719,0.9755
360,160,23202,211.5521,314.5828,134.0123,138.4482,0.9536
361,162,3543,158.9307,178.4722,206.2463,199.9526,0.9758
362,162,16550,129.6508,536.982,284.5658,475.0518,0.9752
363,162,4542,628.434,144.4919,205.8633,203.3658,0.9693
364,162,23202,652.6824,853.0073,139.3209,135.2703,0.9444
365,163,16231,644.2534,249.9089,187.1482,183.816,0.9821
366,163,28762,126.7802,173.4018,212.1499,202.7479,0.976
367,163,3482,567.7754,812.0036,263.0101,220.8401,0.9705
368,163,27776,179.8922,812.1941,174.0236,199.1215,0.9611
369,164,28762,650.4814,890.985,224.763,214.656,0.9809
370,164,16231,154.4605,826.9916,189.3607,190.4523,0.9755
371,164,3482,171.1599,275.7297,264.2421,219.6807,0.9702
372,164,27776,638.5242,292.8214,174.4442,195.0773,0.9619
373,165,16231,616.4616,238.8115,182.6738,181.9955,0.9772
374,165,3482,539.4907,778.2256,264.4896,224.0318,0.9743
375,165,27776,146.4136,775.0922,178.5224,206.3072,0.9705
376,165,28762,110.9849,169.7814,207.6728,196.5675,0.9697
377,170,12080,650.5732,692.5642,244.4961,466.8918,0.9662
378,170,2482,618.3763,72.6874,233.0339,461.2666,0.9593
379,170,6191,118.8678,160.7442,304.7088,523.1169,0.9582
380,170,5093,106.1311,810.6434,286.2945,286.9846,0.9513
381,172,25366,119.3668,68.8892,328.6096,495.208,0.9804
382,172,3482,586.3188,845.0817,283.9092,165.5469,0.9696
383,172,27652,94.2571,852.7346,221.3111,205.5567,0.9675
384,172,29666,633.5084,180.1142,222.5939,214.7616,0.9616
385,173,3482,557.3604,811.2648,289.1066,175.5406,0.97
386,173,27652,60.5252,810.6712,224.898,210.3324,0.9692
387,173,25366,103.1611,51.5584,315.6896,490.8768,0.9666
388,173,29666,603.9128,177.2973,218.3096,212.266,0.9629
389,174,29666,125.9203,865.1603,228.8412,225.2428,0.9765
390,174,25366,553.9787,686.5934,333.7805,512.7796,0.972
391,174,3482,132.582,288.922,276.1686,173.6014,0.9697
392,174,27652,671.868,256.2103,221.0332,198.9628,0.9681
393,175,30307,122.9311,96.9634,279.5392,473.8002,0.9833
394,175,19860,120.1617,864.8836,220.9691,168.033,0.9718
395,175,3482,595.1828,871.9471,256.892,230.2563,0.9714
396,175,29666,639.188,204.5076,224.3096,215.3996,0.8478
397,176,30307,599.0196,680.7913,279.6944,481.4928,0.9851
398,176,3482,158.2705,215.3307,245.3105,220.3748,0.9712
399,176,29666,119.4053,840.3937,229.7013,225.3371,0.9675
400,176,19860,645.3348,277.167,219.4012,171.9897,0.9645
401,179,22346,644.7119,833.776,213.6754,207.0955,0.975
402,179,3482,173.025,273.6636,262.3196,219.0007,0.9702
403,179,20237,153.0765,850.6422,231.1893,224.9076,0.9694
404,179,27776,639.7419,291.7914,174.8108,195.5598,0.9655
405,180,22346,124.1368,229.1706,200.704,193.6436,0.9787
406,180,20237,576.5894,189.9023,221.4398,213.3135,0.9783
407,180,3482,538.8354,780.6642,264.9523,225.3852,0.975
408,180,27776,145.6874,775.986,178.1566,206.2607,0.9683
409,183,3543,641.9718,875.8047,216.0602,213.6356,0.9831
410,183,6562,593.1286,240.1752,210.5994,338.8758,0.9773
411,183,16550,20.5797,694.6952,401.4826,418.474,0.9702
412,183,10220,159.4825,260.4682,219.0527,214.0881,0.9658
413,185,4542,600.3452,145.1871,201.7875,200.9378,0.9757
414,185,16547,134.1888,738.3536,237.7697,233.182,0.9715
415,185,3543,143.1069,173.249,199.6761,197.5698,0.9671
416,185,23202,629.0614,821.3377,138.23,139.3996,0.952
417,186,3543,158.8872,179.7115,205.8094,199.3829,0.9764
418,186,16547,167.061,781.4353,234.9724,227.5782,0.9735
419,186,4542,628.973,144.408,204.9067,203.3421,0.9683
420,186,23202,655.1178,853.5236,139.3938,135.0172,0.9514
421,189,22361,621.962,781.2952,252.3041,421.9364,0.9681
422,189,5093,136.6354,857.3094,284.5374,286.463,0.9675
423,189,2482,645.2344,121.4146,192.8494,467.9468,0.9551
424,189,12777,83.5178,119.5483,294.2344,540.1128,0.9491
425,191,16550,581.0718,566.8502,285.732,488.1604,0.9798
426,191,4542,641.3337,152.9638,200.1498,198.2084,0.9766
427,191,3543,123.8014,180.2648,202.0028,200.198,0.9738
428,191,10220,94.1788,789.0064,222.7832,219.2766,0.9705
429,196,3742,490.8284,126.7027,311.3445,300.8835,0.9778
430,196,22361,80.1467,116.0808,260.8118,390.3991,0.9728
431,196,12777,534.2922,513.3281,285.4057,523.2157,0.9661
432,196,2482,90.0929,662.9217,208.9592,490.2215,0.966
433,197,3742,122.7208,826.9108,321.8457,320.3932,0.973
434,197,22361,599.769,734.0418,264.2729,404.7729,0.9696
435,197,12777,112.4776,177.0646,297.5165,515.4947,0.9632
436,197,2482,637.547,63.0661,198.5732,485.2339,0.955
437,198,3742,120.9704,834.965,333.032,334.2488,0.9703
438,198,22361,609.5188,736.8095,270.5763,416.3784,0.9642
439,198,2482,629.7879,102.9325,196.7194,469.3428,0.9605
440,198,12777,112.0227,189.906,298.6796,534.5328,0.9599
441,199,30307,38.8688,117.8286,401.315,401.5021,0.9797
442,199,3482,564.4182,813.5174,262.5555,220.0418,0.9726
443,199,29666,631.695,164.4624,221.5698,213.8878,0.9677
444,199,27776,176.9468,810.6839,174.3142,198.9506,0.9584
445,200,30307,560.0604,735.507,415.7181,409.7446,0.9792
446,200,3482,175.814,274.4159,261.756,220.2462,0.9719
447,200,29666,127.7204,880.1674,229.0223,227.0946,0.9702
448,200,27776,640.7192,294.5058,175.7004,195.557,0.9669
449,202,20876,544.4738,293.5572,328.9507,235.8749,0.9769
450,202,22346,690.6048,868.4846,212.6715,206.2726,0.9697
451,202,16261,109.3118,836.3736,248.0766,240.5852,0.969
452,202,3482,143.5777,291.5419,212.1289,254.927,0.9684
453,203,22346,83.8483,197.8127,199.4568,193.5567,0.9803
454,203,20876,84.2166,725.4806,331.9184,241.7314,0.975
455,203,3482,623.6885,720.703,208.1544,269.4761,0.973
456,203,16261,601.6745,186.3942,236.762,228.8022,0.9721
457,204,20876,116.2332,769.1974,330.7519,229.3096,0.9821
458,204,3482,649.2356,751.4876,211.4767,268.7403,0.9733
459,204,16261,629.9166,191.8889,242.2137,232.7112,0.9705
460,204,22346,99.0614,205.1647,204.0478,196.9756,0.9686
461,205,6562,166.0012,673.3232,218.3676,364.127,0.9739
462,205,16547,593.6591,121.3723,229.2155,224.918,0.9703
463,205,3543,114.0056,163.6249,201.2567,197.6454,0.9665
464,205,23202,623.5371,847.9238,138.3708,140.457,0.9511
465,210,31862,597.5808,876.3637,204.0472,202.8218,0.9817
466,210,29666,163.2714,750.0988,228.5917,221.0422,0.971
467,210,3350,418.1584,243.992,184.845,182.4879,0.9598
468,212,18109,61.7275,125.6816,303.7185,287.2478,0.9849
469,212,16550,484.2488,143.4397,436.8536,343.9006,0.9698
470,212,1899,622.259,889.0102,208.3338,137.826,0.9676
471,212,21025,137.337,868.0161,181.0965,176.6718,0.9628
472,213,16550,458.103,128.5796,425.1086,340.2275,0.9778
473,213,18109,46.8621,117.32,298.2156,282.4567,0.9778
474,213,1899,595.68,855.3976,212.0898,144.709,0.9672
475,213,21025,104.221,834.1654,181.4881,179.2964,0.9551
476,214,27925,92.3449,614.3972,269.4732,484.698,0.9802
477,214,1899,142.2574,240.0604,199.055,128.7146,0.9707
478,214,16550,566.9243,52.3687,279.1051,468.05,0.969
479,214,33207,587.5866,799.4748,214.5563,205.304,0.9676
480,215,33207,615.9604,835.7788,210.0432,199.2195,0.9817
481,215,27925,129.6258,664.5197,263.9857,475.1228,0.98
482,215,1899,158.6483,248.1839,201.8607,127.1498,0.9739
483,215,16550,595.1582,61.967,284.329,479.6347,0.9734
484,217,3742,118.6204,785.1635,321.9888,318.7998,0.9815
485,217,6191,129.2682,121.9116,285.5115,539.5258,0.9717
486,217,2482,592.8986,66.7849,245.0789,482.0288,0.9588
487,217,12080,601.6591,708.3717,233.0033,450.0174,0.9005
488,219,3742,493.5902,166.0815,314.3538,298.213,0.9772
489,219,6191,532.5606,542.5014,281.8974,534.9612,0.9761
490,219,2482,89.8607,668.7065,255.5428,468.5158,0.964
491,219,12080,113.837,109.1158,223.5482,427.9436,0.9564
492,222,16261,170.145,768.2386,246.5762,237.9461,0.9656
493,222,3350,407.0114,203.9626,182.9519,183.4961,0.9651
494,222,41767,604.2838,746.7109,273.3312,295.981,0.9393
495,224,29666,620.1047,173.3784,223.0717,215.3344,0.9743
496,224,34596,105.6785,86.9222,362.1156,480.2182,0.9739
497,224,3482,601.7696,844.4113,277.0742,188.4561,0.9727
498,224,25468,83.8282,829.2176,343.5872,300.3028,0.9666
499,225,34596,529.3656,666.9034,370.3739,503.9222,0.979
500,225,29666,139.1917,871.2819,228.747,227.0046,0.9714
501,225,3482,125.9673,272.0088,271.5026,188.3963,0.97
502,225,25468,577.5001,193.3861,327.0904,281.3066,0.9633
503,226,22346,108.082,228.89,206.5019,197.9278,0.9767
504,226,19860,126.6587,866.2991,220.9491,167.0965,0.9766
505,226,3482,601.6994,867.5965,257.787,229.726,0.972
506,226,20237,644.2505,188.0754,226.3974,216.3958,0.9685
507,229,3742,533.732,151.1737,320.0886,304.582,0.9787
508,229,23222,498.3552,662.2238,403.9026,448.5705,0.9771
509,229,2482,53.1602,682.6272,280.5356,453.9699,0.963
510,229,5885,97.805,66.8949,245.8695,477.9142,0.9479
511,231,23222,54.4109,129.6136,392.1388,447.9734,0.9824
512,231,3742,76.1049,814.3974,330.9643,326.5254,0.9793
513,231,2482,600.0376,108.8506,283.3808,448.1456,0.9569
514,231,5885,611.4552,698.1538,240.1862,506.4674,0.9362
515,232,22346,128.646,233.4018,205.3875,197.2332,0.9741
516,232,27732,116.6975,772.0277,319.756,267.063,0.972
517,232,3482,600.1079,799.3792,274.8846,205.7734,0.9704
518,232,29666,677.84,189.3794,227.0453,212.6654,0.9574
519,234,22346,111.1386,223.7522,200.9321,193.6564,0.9803
520,234,27732,79.1558,731.4416,327.7394,272.0398,0.9709
521,234,3482,570.5169,767.4659,276.7211,204.7042,0.9689
522,234,29666,648.511,184.8812,220.7876,212.2756,0.964
523,236,28762,615.9927,834.6604,221.694,212.0828,0.9814
524,236,35205,105.0978,689.4347,202.9078,414.5205,0.9797
525,236,27652,670.9214,255.7785,221.173,198.9578,0.9697
526,236,3482,131.6472,288.6466,276.2672,173.6992,0.9692
527,237,35205,652.378,141.0743,196.083,399.3905,0.9783
528,237,28762,143.0182,222.6994,209.5072,199.4329,0.9764
529,237,3482,559.1352,811.5526,286.9091,175.1175,0.9698
530,237,27652,61.4325,811.4404,225.3201,209.4742,0.9688
531,238,18356,69.0011,261.3793,296.0185,294.8103,0.9778
532,238,16261,625.7087,240.1318,243.4879,233.6829,0.9764
533,238,3350,403.8577,833.9646,186.9471,187.9285,0.9664
534,241,20237,128.9871,326.3668,226.5914,219.3004,0.9743
535,241,3350,411.1396,913.1262,190.9718,190.0232,0.9602
536,241,18146,517.8052,258.7203,304.9432,379.3829,0.9444
537,243,20237,622.5306,769.711,228.1022,223.112,0.9726
538,243,3350,379.1809,185.1198,183.7711,182.75,0.9584
539,243,18146,143.3439,643.5537,307.9062,406.5303,0.9068
540,244,16550,582.2934,4.9119,285.1125,481.8544,0.9797
541,244,6562,198.9162,715.5375,214.8084,357.7216,0.9743
542,244,3543,129.0818,170.0914,205.6153,199.2261,0.9719
543,244,23202,648.5312,879.6166,141.3469,135.6273,0.9416
544,247,6191,54.9816,121.7322,335.4051,518.7186,0.9748
545,247,3742,122.1928,837.049,329.6284,332.3973,0.9741
546,247,22361,608.925,737.4894,270.2008,415.2563,0.9669
547,247,2482,628.6686,103.5664,197.0928,466.6277,0.9599
548,248,3742,120.7217,827.3794,322.2957,321.3364,0.9728
549,248,22361,599.411,733.479,264.1107,405.8484,0.9722
550,248,6191,50.2857,101.4201,337.2067,509.8714,0.9695
551,248,2482,635.7545,62.5757,201.0644,485.039,0.9548
552,249,6191,558.1549,594.4576,337.0532,503.4978,0.9784
553,249,3742,490.1608,126.9382,312.3535,300.9603,0.9775
554,249,22361,80.8337,116.1196,259.9738,391.2112,0.9689
555,249,2482,87.7086,662.89,212.69,490.7802,0.9653
556,250,18356,545.0714,231.9009,239.3938,350.4689,0.9839
557,250,29666,127.8114,205.5135,228.1835,222.925,0.9674
558,250,3350,379.3286,849.1845,188.339,189.6441,0.9633
559,251,18356,140.6903,597.2602,247.4035,370.5708,0.9825
560,251,3350,369.8366,179.2325,182.6414,186.4171,0.9698
561,251,29666,587.3061,795.8932,232.9338,228.4632,0.962
562,251,3831,767.7521,0.1452,206.9334,80.271,0.3106
563,252,18356,185.6016,692.0989,239.6622,369.6612,0.9765
564,252,29666,626.0454,887.1406,227.2602,219.6508,0.9725
565,252,3350,411.1484,237.5472,184.7096,182.8762,0.9676
566,252,41767,0.0,0.0,206.87,82.1781,0.1133
567,253,33879,456.7284,251.2876,427.1644,289.1374,0.9722
568,253,3350,444.933,847.8854,190.6228,191.8158,0.9643
569,253,35205,59.6663,256.9458,417.1204,217.6073,0.9624
570,256,25437,544.1341,178.5254,245.8167,253.7478,0.9722
571,256,19551,496.3892,656.2065,317.3595,499.9418,0.9693
572,256,2482,63.3914,671.0528,208.9622,481.4484,0.9578
573,256,5885,111.2073,83.2029,231.276,478.8828,0.9433
574,259,3350,385.8039,895.6012,187.7161,189.7324,0.9594
575,259,41767,108.7097,285.1391,271.4126,284.3808,0.9584
576,259,20237,606.3703,278.2346,223.3204,219.1844,0.8187
577,259,20237,385.7315,895.804,188.2684,189.1056,0.177
578,262,34596,78.5798,35.3222,326.0479,491.938,0.974
579,262,3482,557.794,810.7213,288.9812,175.9134,0.9712
580,262,27652,60.523,810.6148,225.5129,209.9365,0.9686
581,262,29666,603.6036,176.6726,218.9393,212.6911,0.9611
582,264,34596,570.8522,683.9419,344.1502,511.6211,0.9788
583,264,29666,125.8908,864.8947,229.7456,225.7292,0.9755
584,264,27652,671.6514,256.2101,221.0959,199.0079,0.9719
585,264,3482,132.5106,289.1472,276.0728,173.3779,0.9692
586,265,16231,142.2008,846.2811,196.6072,191.9234,0.9826
587,265,25366,599.8221,667.7188,376.1779,490.5466,0.9767
588,265,3482,132.533,288.9613,275.4792,173.4979,0.97
589,265,27652,670.5748,255.5366,221.972,199.697,0.9685
590,266,16231,648.1084,230.3994,192.8049,181.728,0.9847
591,266,25366,20.2485,109.064,383.6641,476.5578,0.9811
592,266,27652,95.1153,853.8979,221.3802,205.5965,0.9733
593,266,3482,587.0238,845.4827,283.8834,165.6289,0.97
594,271,22346,104.9436,188.3894,200.1436,193.2961,0.9816
595,271,20876,85.2969,725.1188,332.1074,241.0725,0.9752
596,271,3482,625.4578,718.3982,207.9999,270.7406,0.9737
597,271,35205,632.7497,163.0303,213.1894,393.7257,0.9735
598,273,20876,542.7461,293.367,329.0571,236.4876,0.9798
599,273,22346,666.0285,877.4597,215.2098,207.3995,0.9778
600,273,35205,95.8011,669.8676,235.2657,412.8588,0.9772
601,273,3482,142.609,293.5574,210.5319,253.6865,0.9697
602,274,21324,203.648,325.8205,150.9626,231.1494,0.9695
603,274,3350,420.8492,889.8613,188.9309,191.4703,0.968
604,274,20013,577.8796,257.8144,339.0419,315.6901,0.9576
605,275,21324,583.0716,664.6757,150.5394,241.7808,0.9793
606,275,3350,329.2713,150.417,183.7127,187.7149,0.9638
607,275,20013,7.4356,646.3714,348.2231,343.6527,0.9432
608,277,30307,78.1621,92.9331,395.3723,406.8782,0.9806
609,277,19860,126.3762,865.9891,221.107,166.9503,0.978
610,277,3482,601.6366,867.0707,257.4183,230.3339,0.9725
611,277,36636,620.0612,199.5178,264.6885,150.1769,0.9676
612,278,30307,521.7015,746.8664,404.6175,418.2386,0.9754
613,278,19860,638.0548,277.2594,219.4143,171.4169,0.9697
614,278,3482,151.8221,219.701,245.2826,218.8285,0.9695
615,278,36636,94.263,905.9908,272.8716,166.222,0.9652
616,280,3350,410.0401,867.5323,189.175,190.473,0.982
617,280,16231,134.2551,290.0964,188.0068,192.3978,0.9768
618,280,3831,431.6456,272.5497,388.4262,355.5307,0.9618
619,286,30307,30.0087,114.4763,377.4868,409.8274,0.9774
620,286,3482,538.1902,780.0711,264.8862,225.4795,0.9746
621,286,16261,576.1335,187.0917,236.2705,228.7004,0.9722
622,286,27776,145.3022,775.467,178.2097,206.4305,0.9702
623,287,30307,574.4124,702.7617,399.9343,426.8432,0.978
624,287,3482,173.2466,273.6816,263.6604,219.8888,0.9701
625,287,16261,137.3965,835.4686,247.9656,241.8797,0.9685
626,287,27776,640.1995,292.4161,174.3243,195.3083,0.9674
627,288,30307,44.2109,130.4299,386.1301,421.866,0.978
628,288,3482,566.435,814.2418,262.6292,220.0537,0.9731
629,288,16261,604.1822,193.2488,241.2736,231.4974,0.9699
630,288,27776,178.2526,812.8254,173.9872,198.7924,0.9595
631,289,22361,587.9967,743.9112,253.4068,407.3617,0.9733
632,289,6191,93.3466,43.0978,281.5558,541.5356,0.9695
633,289,25437,143.9736,843.8716,254.7459,251.7352,0.9633
634,289,2482,600.5424,83.953,249.6386,470.6582,0.9589
635,291,22361,100.8674,102.7054,252.2136,395.5106,0.9754
636,291,6191,566.1208,613.2665,284.5644,540.2078,0.9735
637,291,25437,536.905,174.4711,244.7236,253.7846,0.9729
638,291,2482,77.7249,660.5262,261.8454,469.7124,0.9664
639,292,25437,548.5068,175.9307,246.1797,253.8651,0.97
640,292,12777,544.0244,590.7676,322.3786,508.4718,0.9627
641,292,2482,71.3881,666.9746,200.9194,481.3472,0.9554
642,292,5885,114.2653,79.5893,229.1102,480.2184,0.9265
643,295,3350,413.3103,863.8488,190.3902,189.5115,0.979
644,295,16231,643.1828,295.9288,192.1762,191.6627,0.9783
645,295,20013,124.8334,193.6621,336.3847,312.4054,0.9659
646,298,31704,569.2398,175.0146,251.1229,418.8266,0.9881
647,298,16547,161.103,776.4806,238.8353,234.2111,0.9705
648,298,33207,157.047,234.7329,203.9886,194.0792,0.9698
649,298,1899,681.4182,879.3788,210.7056,133.1896,0.9685
650,299,31704,140.6244,644.2981,249.4618,450.7468,0.985
651,299,33207,612.9626,845.5908,211.4819,205.2226,0.9743
652,299,16547,562.749,246.6957,231.6927,224.8346,0.9708
653,299,1899,88.7104,260.6442,202.165,126.7564,0.9641
654,302,3350,309.9554,161.1642,184.4039,186.6863,0.9664
655,302,19231,98.6571,635.1074,276.7341,324.9623,0.9581
656,302,36636,570.027,710.5752,232.3753,231.0788,0.956
657,302,3831,650.0646,1170.4518,325.9354,109.4586,0.0923
658,304,22626,110.6294,148.3332,299.1045,484.1074,0.973
659,304,3742,130.4049,813.4897,336.7276,328.5012,0.9651
660,304,4377,595.2442,702.9168,232.7754,466.9293,0.963
661,304,2482,622.9648,76.6357,191.9824,461.07,0.963
662,308,3350,289.5097,206.5653,184.7742,187.3731,0.968
663,308,36636,120.4402,710.3838,186.96,263.3516,0.9604
664,308,41767,560.2841,605.7736,278.4136,298.8069,0.9446
665,310,16550,106.28,143.179,310.654,451.9746,0.9743
666,310,3543,654.5748,889.5133,215.8524,215.2711,0.9723
667,310,4542,140.0649,868.1748,213.5109,210.5463,0.9705
668,310,12246,617.7194,322.4115,174.2148,182.6921,0.9628
669,313,34596,15.7213,24.6341,445.8564,405.997,0.9826
670,313,3482,620.786,722.715,209.7692,269.0117,0.9736
671,313,20876,36.8364,753.9767,329.8367,252.3064,0.9689
672,313,29666,595.5646,181.3124,220.4324,213.1746,0.9635
673,315,34596,507.3648,785.1684,467.042,419.646,0.9796
674,315,20876,592.2972,258.7004,324.4404,243.6302,0.9699
675,315,3482,144.5704,289.6854,212.7118,255.4684,0.9687
676,315,29666,132.9775,859.3005,230.2647,226.3211,0.9676
677,316,33008,565.8776,810.2428,365.0311,208.5473,0.9776
678,316,3543,128.0189,234.8396,205.8025,200.15,0.9757
679,316,10220,634.2038,200.2491,221.2274,213.5576,0.9728
680,316,16547,167.5583,791.4042,233.8234,226.6558,0.9682
681,317,33008,76.0568,268.1775,361.8092,220.1963,0.9809
682,317,3543,659.2138,831.9348,214.4342,210.7189,0.9787
683,317,10220,125.6896,845.6715,230.3846,225.0355,0.9774
684,317,16547,593.085,282.0106,231.8348,222.7482,0.9635
685,320,28762,135.8176,196.3737,207.5285,197.6435,0.984
686,320,20876,85.5617,725.3412,331.7734,240.4549,0.9741
687,320,35205,633.0996,162.112,213.282,394.7403,0.9732
688,320,3482,625.3884,718.767,208.3808,269.547,0.9715
689,323,22346,655.9057,876.8796,214.0455,207.8057,0.9753
690,323,27652,670.4795,254.9495,221.574,199.7685,0.9696
691,323,36636,151.5795,802.0442,192.5201,252.9659,0.9689
692,323,3482,131.2051,288.6376,276.2301,173.5942,0.9682
693,324,22346,130.202,195.355,206.5072,195.9564,0.9755
694,324,27652,95.4239,854.2123,221.1701,205.673,0.9737
695,324,3482,587.9767,845.5353,283.5497,165.2336,0.9685
696,324,36636,645.7412,207.4485,186.7681,247.6467,0.9665
697,325,3482,173.5526,274.0047,261.3678,219.2807,0.97
698,325,16261,137.4883,834.3454,248.2384,242.4949,0.9699
699,325,27776,640.0064,292.5018,174.7385,195.46,0.9662
700,325,31884,512.5278,703.635,400.039,520.9164,0.9596
701,327,3482,566.5016,813.6338,262.1254,220.5406,0.973
702,327,16261,604.5528,192.6328,240.7563,231.9608,0.9708
703,327,27776,177.9419,812.8798,174.2062,198.7403,0.9598
704,327,31884,93.8865,25.9335,411.2361,511.7665,0.9536
705,328,27732,561.8954,256.5036,299.0615,264.1661,0.9812
706,328,36636,100.5849,880.4384,267.7162,179.759,0.9711
707,328,3482,120.7756,308.5216,272.7616,197.176,0.9633
708,328,31884,519.8056,643.664,379.2394,532.4722,0.9617
709,332,12419,82.869,822.416,188.6375,184.2055,0.9841
710,332,16550,564.0928,534.6316,288.1128,490.5871,0.9778
711,332,3543,127.2349,140.9298,201.2267,198.1348,0.9767
712,332,4542,589.3589,167.2957,204.0606,199.2786,0.9704
713,334,22346,146.9321,224.0804,200.2161,193.7683,0.9846
714,334,16231,627.171,220.9796,187.8113,182.7119,0.9735
715,334,20876,85.3584,725.3424,331.7838,241.0578,0.9733
716,334,3482,625.5327,718.5717,207.9186,269.7935,0.9717
717,335,16231,134.0344,847.208,196.0236,190.91,0.9847
718,335,20876,542.5996,293.492,329.592,236.007,0.9785
719,335,22346,622.6707,840.7758,212.4844,204.9025,0.9761
720,335,3482,142.4414,293.5362,210.9297,253.5906,0.9705
721,336,16231,655.7854,230.8781,192.2815,179.6082,0.9876
722,336,20876,117.6222,768.6733,330.6487,229.1164,0.982
723,336,22346,163.6607,232.7365,205.7794,196.8274,0.9787
724,336,3482,650.82,749.2594,211.2352,269.3404,0.9727
725,337,22346,642.1875,837.0373,213.9498,204.7989,0.9757
726,337,36636,133.6267,828.4198,177.5296,261.7325,0.9723
727,337,3482,125.1673,270.751,271.7854,188.354,0.9695
728,337,25468,576.8369,189.5612,327.138,284.6849,0.9589
729,338,22346,127.956,225.9182,200.1272,193.7174,0.9795
730,338,25468,48.3421,787.4572,352.1423,302.5278,0.9779
731,338,3482,575.1701,811.5501,279.252,192.9387,0.972
732,338,36636,648.3568,168.3856,167.2014,248.982,0.9663
733,339,22346,144.2984,235.6008,206.0696,196.9982,0.977
734,339,3482,602.1738,845.2908,277.1838,188.1418,0.972
735,339,25468,86.0912,830.49,342.3782,301.4031,0.9711
736,339,36636,677.1012,171.8019,171.8576,254.0138,0.9687
737,340,34596,38.8261,88.809,383.2666,461.3026,0.9783
738,340,20237,576.3473,189.5673,220.9541,214.4632,0.9764
739,340,3482,539.0229,780.8976,264.4308,224.6896,0.9744
740,340,27776,145.63,775.4391,178.7024,207.1219,0.9687
741,341,34596,54.1116,119.7661,396.1546,457.1346,0.975
742,341,3482,567.1632,814.3706,262.6597,220.7492,0.9723
743,341,20237,604.6574,196.0597,225.4559,214.302,0.9682
744,341,27776,178.8281,812.8628,173.9932,199.0438,0.959
745,344,28762,154.6163,194.7837,212.1492,201.5864,0.9754
746,344,3482,566.695,813.7568,262.4445,221.6424,0.973
747,344,16261,604.3305,193.3042,241.3096,231.1455,0.9697
748,344,27776,178.5261,812.7808,173.6454,198.7965,0.9582
749,345,28762,138.2918,187.1438,206.9183,197.4178,0.9784
750,345,3482,538.2877,780.6259,264.4856,224.2341,0.9746
751,345,16261,576.4796,187.251,235.633,227.7211,0.9728
752,345,27776,145.0926,775.7694,178.2684,206.3968,0.9667
753,346,16231,643.4259,249.8812,187.4464,184.762,0.9837
754,346,25366,142.9638,58.3986,329.9157,495.0954,0.9752
755,346,3482,567.7835,812.2196,262.3352,219.8487,0.9713
756,346,27776,179.8915,811.6259,174.1653,199.8306,0.9623
757,347,25366,127.7545,42.7217,320.5102,489.6158,0.9776
758,347,16231,616.1701,239.2107,182.277,182.6868,0.977
759,347,3482,539.3083,777.7895,264.5326,224.1068,0.9743
760,347,27776,146.5796,774.5714,178.4443,206.3969,0.9725
761,349,34596,7.0063,134.2027,438.9869,420.4722,0.9772
762,349,3482,567.5976,811.7024,262.419,220.3018,0.971
763,349,35205,614.007,142.8365,225.0415,398.0764,0.9679
764,349,27776,179.8603,811.7264,174.1839,199.5518,0.9625
765,352,5093,137.7416,857.299,285.248,286.5746,0.9695
766,352,19551,111.4671,172.2352,320.5529,489.3587,0.968
767,352,22361,623.2329,782.1184,252.2644,420.0871,0.9673
768,352,2482,643.4198,121.0362,195.3684,468.1688,0.955
769,355,23222,546.6753,591.8498,293.9881,505.3728,0.9737
770,355,5093,549.7152,191.1553,271.1932,266.0396,0.9723
771,355,12080,74.7271,127.705,221.3833,429.9835,0.9706
772,355,2482,57.6804,698.9049,252.3126,477.5722,0.9641
773,356,23222,97.0972,117.5573,299.7919,493.5178,0.9823
774,356,5093,106.2482,800.9472,278.8488,275.6216,0.9646
775,356,2482,629.1926,30.9385,240.7576,478.127,0.9621
776,356,12080,641.7957,687.8482,233.216,450.8112,0.9435
777,359,3482,563.6717,813.1726,263.6524,219.5566,0.9723
778,359,29666,631.6788,164.0925,221.8276,214.5588,0.9687
779,359,27776,177.1856,810.557,173.9362,198.8113,0.959
780,359,31884,82.2399,45.852,364.136,528.02,0.9586
781,361,16261,643.651,288.5057,243.2662,234.005,0.9755
782,361,3350,430.3948,881.1365,188.6529,190.3752,0.9666
783,361,18146,212.99,167.129,209.8559,412.9542,0.9262
784,364,35205,101.0608,252.172,349.1697,325.2832,0.9776
785,364,3350,407.704,854.6989,190.5012,192.5074,0.9648
786,364,32309,584.6875,169.002,247.5395,339.7139,0.9598
787,364,3831,9.1132,0.0,283.2496,93.8039,0.1539
788,372,34596,16.5277,142.2132,447.3158,413.6028,0.9791
789,372,3482,602.2091,844.1554,277.5591,189.158,0.973
790,372,16261,574.8638,195.0622,241.0062,231.4298,0.9679
791,372,25468,51.0487,856.4498,371.9459,218.7351,0.9633
792,374,25366,103.7715,38.1743,402.1265,461.0196,0.9812
793,374,20876,71.142,798.5348,326.6655,241.9339,0.9765
794,374,3482,646.9436,754.6159,211.9277,267.3273,0.9738
795,374,29666,624.7824,185.1424,223.8191,215.3104,0.9627
796,379,31862,136.2858,314.5578,207.1962,207.0459,0.9825
797,379,16687,452.7215,154.6787,492.3568,471.6968,0.9666
798,379,3350,465.7234,858.0371,188.2098,191.2207,0.9182
799,380,31862,597.0478,715.358,209.2394,212.6106,0.9858
800,380,3350,285.1985,181.0954,185.7844,188.3086,0.9698
801,380,16687,0.0,546.7467,492.554,516.9105,0.9573
802,382,3742,75.7069,815.1516,332.2623,325.9676,0.9666
803,382,12777,94.2604,123.5347,379.1822,460.5792,0.9613
804,382,2482,599.5854,109.7398,284.2115,447.2558,0.9565
805,382,5885,612.1758,698.4045,238.3054,504.8496,0.9317
806,384,3742,73.5325,801.9184,328.039,316.8629,0.9773
807,384,5885,600.0528,698.9207,242.441,491.5076,0.9622
808,384,2482,611.989,75.5053,273.7448,458.9006,0.957
809,384,12777,88.4928,85.1568,384.555,464.7697,0.9565
810,387,27652,669.8221,255.084,221.9039,199.7805,0.9702
811,387,3482,129.9731,289.2482,276.8163,173.4046,0.9688
812,387,20237,133.8108,869.2537,230.0022,224.8352,0.9657
813,387,31884,501.632,655.2034,413.0681,506.8712,0.9584
814,389,34596,29.3069,124.2876,440.1374,421.1371,0.9757
815,389,3482,624.8814,719.9266,208.3351,270.0529,0.9731
816,389,20876,85.1026,724.9903,332.0804,240.8308,0.973
817,389,16261,602.0677,185.2862,236.1634,229.4539,0.972
818,390,34596,45.0301,158.2203,449.7716,415.2165,0.981
819,390,20876,117.3381,768.8852,330.4349,228.7351,0.9808
820,390,3482,651.0207,750.1764,209.8784,268.9565,0.9727
821,390,16261,630.4242,191.8319,241.627,232.2764,0.9697
822,392,16550,115.1554,697.2207,289.3901,500.6674,0.98
823,392,33207,656.9767,899.095,219.1465,209.9512,0.9796
824,392,1899,186.3129,273.416,203.4356,137.4457,0.9588
825,392,21025,685.2666,274.5204,177.8193,172.643,0.947
826,393,33207,109.7768,159.8522,205.6863,196.6518,0.9735
827,393,16550,558.9034,46.0898,279.6619,471.0862,0.9718
828,393,1899,582.7005,865.9381,212.2045,143.0398,0.9633
829,393,21025,91.876,831.2098,181.3142,179.5938,0.9517
830,394,28762,605.7404,857.8746,221.5158,211.2703,0.978
831,394,20237,139.8938,849.5723,231.0332,225.7074,0.9777
832,394,3482,124.4058,271.3576,272.2261,189.1961,0.9704
833,394,25468,572.5356,230.474,378.0772,217.7282,0.9689
834,395,28762,171.4455,208.5802,213.2486,203.0378,0.9864
835,395,3482,601.827,844.6085,278.3448,189.8441,0.9716
836,395,20237,617.6556,194.7059,226.6781,216.2671,0.9708
837,395,25468,51.462,857.132,371.1184,218.611,0.9576
838,396,28762,154.8826,200.6104,208.3478,198.5505,0.9827
839,396,20237,589.7368,189.443,221.6892,213.9841,0.9748
840,396,3482,575.3334,810.9538,279.9573,192.7492,0.9703
841,396,25468,12.1173,812.6294,383.9562,221.5551,0.9667
842,400,33008,14.4847,772.9538,365.2498,241.086,0.9771
843,400,33207,613.6663,770.2198,212.4186,205.0812,0.9735
844,400,16547,605.0294,124.9826,229.0127,224.6438,0.9694
845,400,1899,134.2987,245.3584,192.585,155.4511,0.9616
846,401,33207,154.1051,294.616,203.6846,195.6601,0.9716
847,401,16547,110.9366,897.7166,242.3075,241.1633,0.9708
848,401,33008,585.6366,242.1668,358.3615,236.2088,0.9675
849,401,1899,641.609,856.8047,207.3668,166.623,0.9618
850,404,35205,437.5518,697.6406,420.8787,236.0525,0.9642
851,404,3350,357.9443,145.0724,185.0559,187.6124,0.9635
852,404,18146,21.7081,589.0302,279.8722,415.6055,0.9208
853,409,33008,518.0568,790.8896,382.2976,210.5472,0.9734
854,409,1899,135.9574,243.544,186.7704,164.5117,0.9652
855,409,16550,11.9773,728.9146,458.053,321.5748,0.9634
856,409,25366,538.2234,128.461,381.5078,284.4244,0.2834
857,411,33008,86.5663,256.3595,366.7054,209.3068,0.9774
858,411,1899,646.1623,853.3517,200.7467,174.2088,0.9643
859,411,16550,502.5039,202.4392,443.5229,306.832,0.9555
860,411,34596,28.8954,825.5752,392.3696,302.1126,0.268
861,412,19551,116.7207,188.3568,303.9852,498.1503,0.9682
862,412,12080,649.8979,692.0431,244.9277,467.5074,0.9636
863,412,2482,622.6464,71.6838,225.8026,462.9117,0.9607
864,412,5093,105.8098,811.3135,287.061,285.5184,0.9486
865,413,19551,113.4518,163.0933,308.7176,493.4122,0.9732
866,413,5093,105.2887,799.7751,278.8086,276.713,0.9666
867,413,2482,626.2778,32.4489,246.4567,475.6204,0.9602
868,413,12080,642.4156,688.1278,232.6722,450.8885,0.9442
869,414,5093,549.7864,191.2471,270.3758,266.1594,0.9708
870,414,19551,519.5623,548.2148,306.9745,499.1388,0.9708
871,414,12080,75.1539,127.164,220.5506,430.6124,0.9703
872,414,2482,54.7832,699.4585,259.6593,476.343,0.9668
873,415,19860,126.7932,866.164,220.926,167.3478,0.9741
874,415,3482,601.8813,867.0284,257.5644,230.177,0.9724
875,415,16261,638.5636,176.9445,242.2932,231.3856,0.9646
876,415,31884,99.6369,92.3433,324.763,538.9645,0.9367
877,416,19860,91.2767,826.0364,226.528,178.5287,0.9877
878,416,3482,573.0351,837.8606,261.0933,229.2895,0.9698
879,416,16261,609.0213,172.5143,238.8263,228.2048,0.968
880,416,31884,80.562,73.3991,315.2724,529.5106,0.4677
881,417,16261,100.5036,852.858,248.3519,240.1521,0.9709
882,417,3482,152.3053,220.0606,244.0804,218.9797,0.9702
883,417,19860,638.6274,277.5096,218.8803,170.7885,0.97
884,417,31884,571.7658,611.7679,327.8855,547.9445,0.8439
885,419,27732,565.0394,259.9446,301.9137,268.2698,0.9844
886,419,25366,545.1202,737.7814,430.8798,440.8592,0.9767
887,419,20237,113.7596,854.5156,232.3738,226.3235,0.9724
888,419,3482,121.3988,307.6982,272.0618,198.1961,0.9615
889,420,20237,613.476,185.5257,222.2191,214.3065,0.9737
890,420,25366,4.8157,73.2198,423.5378,421.8017,0.9725
891,420,3482,578.0273,759.6184,276.7912,207.6211,0.9708
892,420,27732,84.785,726.062,322.7376,282.749,0.9678
893,422,34596,564.4396,698.1977,345.1506,516.8886,0.9781
894,422,3482,153.5055,218.6516,245.0128,219.4504,0.9695
895,422,19860,640.1461,277.1996,219.288,172.0815,0.968
896,422,36636,94.5706,904.3531,273.2207,167.2441,0.966
897,423,19860,89.6288,825.4014,226.609,177.9742,0.9886
898,423,34596,83.6237,19.5384,325.4989,489.5126,0.9782
899,423,3482,572.2558,838.4875,259.6428,230.2059,0.9695
900,423,36636,591.7316,194.6308,258.4626,153.2789,0.9605
901,429,27732,131.1183,772.9134,311.9147,277.9188,0.9765
902,429,34596,71.8016,157.5739,486.127,349.4855,0.9708
903,429,3482,610.2182,789.9798,272.5375,208.6356,0.9686
904,429,29666,669.0334,180.1779,224.8641,211.7262,0.9581
905,430,3543,183.4672,199.35,201.4416,197.4719,0.9771
906,430,4542,612.4994,154.3092,201.9271,199.4874,0.9755
907,430,16550,74.7106,614.2345,400.3928,405.2344,0.9696
908,430,33877,615.1984,795.0384,168.2381,216.6793,0.9539
909,431,3543,201.3321,207.7659,204.7235,199.3014,0.978
910,431,16550,108.7828,665.8155,394.8158,395.7274,0.9695
911,431,4542,640.2584,154.11,206.4035,201.3338,0.968
912,431,33877,644.9594,834.0467,163.574,210.4054,0.9512
913,432,3543,586.2458,859.8627,212.4784,209.941,0.9723
914,432,4542,134.1924,905.0753,211.9354,210.9509,0.9694
915,432,16550,498.3196,226.5259,388.1106,381.4321,0.9686
916,432,33877,195.8231,258.2794,161.9961,211.2857,0.9221
917,433,30307,93.6934,105.0457,351.8878,425.5519,0.9816
918,433,3482,578.414,760.4252,275.5482,206.5912,0.9722
919,433,16231,620.0046,178.2107,187.2742,182.4807,0.9719
920,433,27732,85.23,726.1296,321.372,282.216,0.9673
921,434,30307,535.8538,693.9472,366.1272,448.9423,0.9809
922,434,27732,565.2303,259.9559,301.6178,267.3862,0.9801
923,434,16231,140.4425,892.2059,198.3195,193.0594,0.9747
924,434,3482,121.4377,307.8924,272.076,198.0183,0.9627
925,435,16231,648.0246,184.4456,192.8736,179.6279,0.9866
926,435,30307,108.4017,121.3115,368.9346,437.109,0.9791
927,435,3482,608.6936,790.865,272.7188,209.7498,0.9673
928,435,27732,123.822,768.4301,312.0668,273.8754,0.9655
929,436,3482,602.3083,844.5338,277.3946,188.4258,0.9708
930,436,20237,617.651,194.296,226.3167,218.209,0.9704
931,436,25468,51.1703,856.7654,371.5606,218.5699,0.9594
932,436,31884,44.7734,134.9508,441.2884,478.3518,0.944
933,443,22626,537.2143,683.4875,336.5324,480.2384,0.9764
934,443,25437,568.2848,185.9532,245.6914,253.8747,0.9725
935,443,4377,80.1193,99.8648,219.2221,437.539,0.9649
936,443,2482,88.6372,677.1936,238.7788,467.2374,0.9602
937,444,22626,81.026,81.4508,327.6529,472.5938,0.9689
938,444,25437,111.4517,841.5605,258.8418,267.7018,0.967
939,444,2482,598.3366,102.2936,249.645,459.9938,0.9572
940,444,4377,654.1043,703.4193,218.4591,474.5474,0.9513
941,449,34596,47.8022,137.5082,376.567,470.9422,0.9753
942,449,27652,95.4944,853.6296,221.5499,205.2673,0.9708
943,449,3482,587.2754,845.6494,283.7668,164.873,0.9705
944,449,16261,622.4528,181.0173,240.7368,232.3745,0.9692
945,452,16550,140.0696,636.736,307.1622,483.9694,0.9781
946,452,29450,514.9814,243.1025,403.3469,221.1007,0.9778
947,452,1899,643.9848,844.8281,189.2398,188.9059,0.9719
948,452,44198,174.3516,234.5015,195.904,260.7312,0.9638
949,454,6191,492.2266,591.0154,302.4713,525.3628,0.9731
950,454,5093,562.9806,196.1427,269.6028,264.9444,0.9698
951,454,2482,101.8409,704.1025,229.7288,485.0924,0.9581
952,454,5885,126.4562,81.9622,231.2788,478.7482,0.9277
953,455,5885,587.6042,683.7838,231.3151,486.6885,0.978
954,455,6191,143.2955,89.9975,297.8186,520.57,0.9735
955,455,5093,94.4966,795.0534,278.6787,273.2616,0.9613
956,455,2482,606.4556,24.3282,213.9567,483.0902,0.9612
957,456,5885,592.8902,684.709,243.0152,499.7484,0.9721
958,456,6191,142.5849,114.9788,295.7838,526.3794,0.9652
959,456,5093,97.837,807.5306,282.6382,282.6216,0.962
960,456,2482,601.4918,64.8876,202.0002,469.9482,0.9614
961,457,6191,108.0202,156.1418,284.8478,533.1196,0.9771
962,457,13394,632.6245,675.5279,230.5512,496.909,0.971
963,457,5093,134.6726,833.7033,277.5788,273.5192,0.9688
964,457,2482,639.436,65.5296,217.0,485.4902,0.9547
965,458,6191,107.243,178.9861,287.3136,538.5523,0.9713
966,458,13394,641.2812,674.6794,244.2246,513.8559,0.9711
967,458,5093,134.4959,842.0734,285.3842,286.7637,0.955
968,458,2482,623.4654,102.7562,226.5558,468.4056,0.9512
969,459,6191,545.0431,519.1251,280.092,527.0726,0.9751
970,459,13394,81.2197,83.1597,231.6999,483.9332,0.9726
971,459,2482,84.6764,663.776,211.6344,485.7279,0.9669
972,459,5093,523.8005,161.5242,268.7046,264.9841,0.9632
973,460,3742,489.836,127.0144,312.6492,300.086,0.9788
974,460,23222,512.8312,583.9352,282.49,506.2208,0.9742
975,460,22361,80.5872,116.8016,260.2048,389.6228,0.971
976,460,2482,94.3833,662.2221,202.6227,490.823,0.9679
977,462,23222,132.4988,147.528,296.0675,504.8177,0.9724
978,462,3742,123.0899,836.258,328.9026,333.4386,0.9688
979,462,22361,608.5646,736.6582,271.6241,416.0125,0.9678
980,462,2482,631.6632,103.9839,195.9676,467.5348,0.9575
981,463,28762,622.7608,874.2906,222.6727,212.6406,0.9724
982,463,27652,668.9041,254.5463,221.8219,199.9591,0.9703
983,463,3482,129.8811,289.5432,276.4696,173.068,0.968
984,463,20237,133.5564,870.9088,229.1117,226.3914,0.967
985,464,28762,138.2092,184.708,207.2737,198.9428,0.9841
986,464,20237,595.8091,172.4845,218.0551,212.7955,0.9766
987,464,3482,560.8016,810.8869,287.291,175.4199,0.9717
988,464,27652,63.6242,812.463,224.982,209.0552,0.9681
989,465,28762,154.5834,192.1404,212.7568,201.8328,0.979
990,465,20237,624.1458,176.4696,223.0387,215.5027,0.9757
991,465,27652,97.5846,854.6748,220.6733,205.4672,0.9719
992,465,3482,589.2528,844.9854,283.5622,165.277,0.9709
993,468,23222,111.9926,117.5483,303.6814,502.8254,0.9814
994,468,22361,604.9254,745.282,264.4543,420.4215,0.9678
995,468,25437,155.7496,871.8971,261.3872,267.6019,0.9669
996,468,2482,602.5158,122.3919,200.4592,460.6766,0.9594
997,469,28762,148.831,220.4639,213.0492,202.4378,0.9792
998,469,35205,604.6429,126.3146,252.5049,389.4559,0.9723
999,469,3482,609.8014,790.4627,272.3416,209.2322,0.9687
1000,469,27732,124.5987,768.1616,311.9171,274.5041,0.9645
1001,472,3543,151.223,190.4491,204.2248,200.6264,0.9774
1002,472,6562,191.3602,709.3101,214.6368,356.8942,0.977
1003,472,16547,629.1604,149.2859,234.5592,225.1166,0.9708
1004,472,33877,629.883,851.0832,223.1092,136.4188,0.9515
1005,474,6562,591.1072,236.8087,209.345,338.3277,0.9777
1006,474,3543,637.7809,875.5705,212.9017,212.6188,0.9727
1007,474,16547,117.8047,879.8223,241.0022,238.7832,0.9684
1008,474,33877,148.4495,306.37,223.255,146.8171,0.9656
1009,475,13394,603.5398,709.986,232.4826,517.1123,0.9771
1010,475,25437,125.6462,824.6098,259.828,265.2641,0.9706
1011,475,19551,92.1168,139.9662,308.8455,493.334,0.9698
1012,475,2482,599.102,86.641,203.4633,468.3336,0.955
1013,477,25437,123.9862,811.9292,254.3552,253.9488,0.9781
1014,477,13394,591.7942,712.1722,234.2229,498.8782,0.974
1015,477,19551,89.66,108.5749,312.4661,489.0266,0.9699
1016,477,2482,605.1507,45.0515,210.4642,485.6471,0.9613
1017,479,25366,67.4076,82.2032,363.018,470.8923,0.978
1018,479,3482,538.2013,778.4665,264.9586,225.3112,0.9726
1019,479,27776,145.9422,774.2913,178.3702,206.609,0.971
1020,479,36636,639.2866,175.8836,177.7744,243.0774,0.9699
1021,481,22626,78.1103,115.7241,300.2117,489.4895,0.9721
1022,481,13394,641.1626,674.431,244.198,514.4888,0.9708
1023,481,5093,134.5616,842.7643,285.0383,286.5433,0.9571
1024,481,2482,625.9188,102.9183,224.6129,467.4486,0.9545
1025,482,22626,554.8986,637.1535,310.8993,490.2891,0.9726
1026,482,13394,82.0544,83.9687,229.8093,482.7501,0.9725
1027,482,5093,523.7433,161.6241,269.1205,265.4735,0.9677
1028,482,2482,83.9913,663.7966,212.4432,485.3142,0.9652
1029,484,3350,421.0456,894.9763,189.7674,190.8566,0.9693
1030,484,16687,481.7587,119.3589,416.7254,527.5722,0.9641
1031,484,32309,24.5447,328.4973,290.5311,324.039,0.9337
1032,485,32309,626.5708,535.4033,284.9841,342.0843,0.9657
1033,485,3350,328.4062,147.1748,184.9341,187.6833,0.9603
1034,485,16687,38.4106,521.0858,439.7539,582.2032,0.9511
1035,486,32309,662.3037,633.7732,292.7694,342.7818,0.9667
1036,486,3350,369.9969,205.5396,184.1209,181.7079,0.9658
1037,486,16687,75.5696,618.3306,432.2405,586.0609,0.9625
1038,487,16231,648.184,184.1119,192.7116,180.1218,0.9864
1039,487,3482,608.9286,790.5851,272.1207,209.6551,0.9694
1040,487,27732,123.9793,768.091,312.0068,273.9747,0.9624
1041,487,31884,97.8066,48.7581,409.9826,506.9087,0.9484
1042,493,19606,683.2616,900.4197,164.6839,160.5779,0.9752
1043,493,16547,123.4486,885.6691,242.7539,238.3223,0.969
1044,493,1899,185.6354,290.0412,199.5597,154.9266,0.9611
1045,493,21025,684.9276,274.3806,178.1549,172.8627,0.9443
1046,494,19606,136.7419,212.7454,153.1685,150.4559,0.9728
1047,494,16547,592.2226,139.4413,231.7352,223.3192,0.9722
1048,494,1899,587.5532,828.789,206.2094,161.2207,0.97
1049,494,21025,91.6322,831.2641,181.0952,179.5297,0.9505
1050,496,3350,394.6936,872.1359,188.9549,189.3392,0.9633
1051,496,3831,495.1062,181.0592,377.4752,363.7497,0.9613
1052,496,36636,165.4052,291.2566,183.8762,249.9406,0.954
1053,497,3831,55.5908,652.8854,385.7632,379.405,0.9643
1054,497,3350,356.5777,159.515,179.6273,184.0684,0.964
1055,497,36636,589.2094,667.2624,191.7463,259.7283,0.9546
1056,499,25366,527.9726,729.5698,434.5016,456.5304,0.9733
1057,499,3482,124.6486,271.9097,271.731,189.3001,0.9702
1058,499,25468,572.3473,231.047,378.5801,217.5772,0.9695
1059,499,16261,166.8836,833.8318,248.1831,241.6344,0.9667
1060,500,16261,547.1408,187.843,237.3113,229.6274,0.9764
1061,500,25366,34.6014,64.0525,416.8226,436.9585,0.9748
1062,500,3482,575.9243,810.8242,279.0288,193.4182,0.9713
1063,500,25468,12.1336,812.1357,384.387,222.1396,0.9686
1064,501,25366,50.347,80.4803,423.229,440.3474,0.9793
1065,501,3482,602.3894,844.5502,277.2457,188.6645,0.9727
1066,501,16261,574.2011,194.6114,241.5588,231.7058,0.9692
1067,501,25468,51.1807,856.983,371.5983,218.2297,0.9594
1068,502,30307,549.8547,731.1126,419.4645,412.8652,0.9792
1069,502,20237,140.2846,850.0763,231.5084,225.1752,0.9772
1070,502,25468,572.3858,230.9446,378.1641,217.696,0.969
1071,502,3482,125.0013,271.836,271.5549,189.1052,0.9688
1072,503,30307,39.1539,101.8795,384.7349,395.9628,0.9767
1073,503,20237,589.7874,190.089,221.5682,214.1764,0.9737
1074,503,3482,575.6377,810.6941,279.3129,193.1508,0.9704
1075,503,25468,12.4059,812.2282,384.7064,222.2971,0.9683
1076,506,31862,82.9442,699.8604,207.3134,209.4653,0.9851
1077,506,38161,533.1544,629.8284,197.6146,305.6033,0.966
1078,506,3350,352.2936,140.9157,182.8156,187.8332,0.961
1079,507,31862,126.5301,785.3386,202.0509,203.1157,0.9817
1080,507,38161,573.47,727.9409,192.2531,293.6717,0.9758
1081,507,3350,393.2004,198.2674,185.5048,181.3672,0.9572
1082,508,22073,166.901,261.5181,187.3029,187.4014,0.9786
1083,508,3350,419.1133,870.6137,190.5664,191.5117,0.9687
1084,508,41767,538.951,240.3132,334.5902,353.6411,0.8549
1085,508,18146,539.1269,234.6199,333.8483,356.7714,0.0724
1086,509,22073,588.8888,778.74,189.4752,193.2195,0.982
1087,509,3350,329.8709,167.2645,183.7262,188.3763,0.9658
1088,509,41767,46.8277,606.9658,344.2953,378.8502,0.7719
1089,509,3831,692.2126,1162.8618,283.7874,117.0048,0.3159
1090,511,25366,577.386,745.1786,390.8649,495.9458,0.9753
1091,511,19860,639.8668,277.563,219.4702,171.6609,0.9691
1092,511,3482,153.9158,218.2992,244.6184,219.518,0.9689
1093,511,36636,94.4421,904.6385,273.1193,167.1769,0.9641
1094,515,30307,90.7807,185.1499,429.5524,368.2301,0.98
1095,515,3482,567.6608,811.919,262.4395,220.0946,0.971
1096,515,35205,613.3552,142.6009,226.784,398.6185,0.9692
1097,515,27776,179.8436,811.7132,174.1756,199.598,0.9598
1098,516,30307,477.1224,701.5927,445.7522,376.6813,0.9799
1099,516,35205,140.0631,707.839,239.6536,409.1937,0.9706
1100,516,3482,171.7371,275.58,262.1214,220.8649,0.9698
1101,516,27776,638.2248,292.9958,174.9102,195.8355,0.9673
1102,517,27652,95.5692,854.0189,221.1836,205.842,0.9734
1103,517,3482,587.4798,845.9658,283.7418,164.3857,0.9706
1104,517,36636,645.4173,207.5137,186.4676,247.651,0.9657
1105,517,31884,28.3378,17.3059,382.4682,521.762,0.958
1106,518,3482,558.6914,811.103,287.8986,175.522,0.971
1107,518,36636,616.4018,201.9645,182.383,243.5534,0.9704
1108,518,27652,62.2012,811.9136,223.9336,209.5321,0.9698
1109,518,31884,16.2629,1.3546,360.4471,514.7181,0.9572
1110,519,27652,670.3003,255.3588,221.7747,199.952,0.9696
1111,519,3482,130.9801,289.0734,276.2676,173.197,0.9693
1112,519,36636,151.913,801.994,192.5863,253.4536,0.9693
1113,519,31884,600.0734,700.644,375.0419,536.3206,0.9658
1114,520,28762,614.5717,907.6718,222.9097,213.5063,0.9771
1115,520,3482,175.2014,274.9478,261.8745,218.835,0.9715
1116,520,29666,127.6667,880.6569,229.5454,227.0969,0.9711
1117,520,27776,640.8158,294.1344,175.0346,194.9966,0.966
1118,521,28762,147.3648,155.2314,206.3146,197.8178,0.9794
1119,521,3482,536.8559,778.6808,265.0785,225.9252,0.9749
1120,521,27776,144.2947,773.6129,178.6869,206.1802,0.9716
1121,521,29666,602.8839,161.0401,217.1428,213.4571,0.9659
1122,522,28762,163.0188,158.9835,212.1544,202.9828,0.9758
1123,522,3482,564.4946,813.0916,263.775,220.0197,0.972
1124,522,29666,631.1586,163.2862,222.456,214.6798,0.9704
1125,522,27776,177.3445,810.4594,174.3263,199.2877,0.9582
1126,525,27732,564.6802,259.3274,302.2022,267.8541,0.9824
1127,525,16231,139.4994,892.0641,198.7259,193.4973,0.9792
1128,525,28762,635.7135,865.7961,222.0508,213.7062,0.9775
1129,525,3482,121.9174,307.3702,271.8948,197.7595,0.9631
1130,526,30307,553.6177,709.6804,306.4698,476.2266,0.9905
1131,526,16261,100.8065,852.2373,247.7094,240.1654,0.9712
1132,526,19860,637.8288,277.3487,219.7297,171.5595,0.9711
1133,526,3482,152.0487,220.5874,244.9635,218.356,0.9697
1134,527,30307,144.1104,75.4249,310.2875,462.6459,0.9884
1135,527,19860,126.4969,865.8906,221.2001,167.2086,0.9781
1136,527,3482,601.8122,867.0258,257.1041,230.0168,0.973
1137,527,16261,638.6568,176.9885,242.1711,231.2308,0.9651
1138,528,19860,91.3342,826.0967,226.3601,177.9508,0.9878
1139,528,30307,129.5916,62.6031,298.444,449.809,0.9849
1140,528,3482,573.1867,837.9873,260.7467,229.5844,0.9703
1141,528,16261,609.7954,172.7525,237.7695,227.9346,0.9686
1142,529,22346,106.0067,241.6472,205.9311,196.5897,0.975
1143,529,20237,617.844,195.0015,226.5602,216.1807,0.9736
1144,529,3482,602.3734,844.4058,277.7634,189.4457,0.972
1145,529,25468,51.0065,857.1227,371.5424,218.7419,0.9567
1146,530,20237,139.8277,849.7853,231.3352,225.3948,0.9781
1147,530,22346,682.2003,832.1247,211.2435,206.1071,0.973
1148,530,3482,124.7902,271.6188,271.9832,188.6668,0.9691
1149,530,25468,572.3659,230.4994,378.5503,217.4794,0.9687
1150,531,22346,89.0256,231.0664,202.4125,193.768,0.9757
1151,531,20237,590.005,189.7945,221.4314,213.8359,0.9739
1152,531,3482,575.4054,810.5196,279.8557,193.6054,0.9715
1153,531,25468,12.0971,812.579,384.6074,221.6502,0.9669
1154,532,3742,75.5367,814.5894,332.4611,325.043,0.9767
1155,532,19551,119.3865,112.5081,380.4291,426.3603,0.9763
1156,532,2482,599.2596,109.9462,283.6711,447.9221,0.9557
1157,532,5885,611.2568,698.6156,240.52,505.8162,0.9329
1158,533,3742,72.0588,801.2368,329.0933,318.0555,0.9773
1159,533,19551,115.4374,74.4856,387.6889,430.3431,0.9765
1160,533,5885,599.9662,698.7168,242.277,491.3149,0.9621
1161,533,2482,610.007,75.9092,275.7708,458.1092,0.9569
1162,534,3742,532.3316,151.0174,321.2883,304.7222,0.9769
1163,534,19551,447.4175,701.1372,389.9408,433.7512,0.9665
1164,534,2482,54.1255,683.1551,280.3653,453.16,0.9624
1165,534,5885,97.3838,67.793,246.0639,477.0378,0.9444
1166,535,3482,602.012,845.2137,276.5686,188.5288,0.9731
1167,535,25468,85.8543,830.0672,343.2953,301.5614,0.9699
1168,535,36636,676.3841,172.2742,171.8942,254.0502,0.9674
1169,535,31884,83.9969,142.8885,408.855,504.9636,0.9546
1170,536,25468,48.5204,787.2967,351.8635,302.0558,0.9785
1171,536,3482,574.5841,812.0018,279.6089,192.851,0.973
1172,536,36636,647.9419,168.6114,166.3748,249.8158,0.9665
1173,536,31884,70.0973,114.5869,391.6577,505.472,0.9562
1174,537,36636,134.3118,828.3136,176.6152,261.4454,0.9721
1175,537,3482,125.4159,271.912,271.946,187.9957,0.9698
1176,537,31884,515.2604,596.542,404.1673,518.2055,0.9658
1177,537,25468,577.1959,189.8588,326.5125,284.5079,0.9607
1178,539,38161,592.6375,707.8736,199.7783,305.0955,0.9639
1179,539,3350,321.6992,133.2346,184.4918,188.0222,0.9612
1180,539,20013,10.197,668.6972,348.7387,342.4699,0.9563
1181,539,3831,673.0646,1178.8578,302.9354,101.0367,0.0829
1182,540,38161,632.5968,806.907,192.548,294.2418,0.9752
1183,540,3350,362.7829,189.8274,184.1143,182.4052,0.9582
1184,540,20013,55.4716,755.2332,342.7275,337.4194,0.9559
1185,541,16231,145.0244,898.8683,195.4843,192.7039,0.9816
1186,541,19860,638.5612,277.3826,218.832,171.1638,0.971
1187,541,3482,151.9632,220.1195,245.0532,219.0629,0.9692
1188,541,31884,586.3686,649.9754,325.9102,551.5938,0.715
1189,542,19860,91.3165,825.9938,226.4125,178.1848,0.9877
1190,542,16231,618.0726,172.1224,185.3317,182.6845,0.9842
1191,542,3482,573.0406,837.5254,260.4646,230.2354,0.9697
1192,542,31884,71.2964,33.9663,312.0181,534.7467,0.5171
1193,543,19860,126.7856,866.2283,220.6117,166.7387,0.976
1194,543,16231,646.2716,174.5744,190.3762,187.4845,0.9735
1195,543,3482,601.7516,867.6631,257.752,229.1836,0.9731
1196,543,31884,88.7836,53.7138,319.0484,537.7962,0.891
1197,545,29666,127.715,880.1318,229.4585,227.061,0.9724
1198,545,3482,176.269,274.5884,261.4453,218.6254,0.9716
1199,545,22346,664.093,863.6545,214.1897,207.3426,0.9702
1200,545,27776,640.815,294.2118,175.6287,195.2837,0.967
1201,546,22346,106.5856,201.5192,201.0139,193.7681,0.9773
1202,546,3482,536.6958,779.8852,264.5591,224.4148,0.9746
1203,546,27776,143.5872,773.5922,178.8082,205.6822,0.9725
1204,546,29666,603.0312,161.2446,217.5504,213.4376,0.9672
1205,547,20876,116.652,769.447,330.9757,228.6637,0.9831
1206,547,22346,121.3433,242.6018,206.2088,197.3226,0.981
1207,547,3482,650.249,751.065,211.0935,268.5304,0.9711
1208,547,36636,635.9826,209.7938,180.2601,250.9345,0.9631
1209,548,20876,543.5351,292.9218,329.3814,236.6588,0.9768
1210,548,22346,666.0532,830.3606,211.8538,207.2391,0.9765
1211,548,3482,142.7838,291.8587,211.4256,255.0156,0.9679
1212,548,36636,168.3926,798.5092,185.8156,255.8254,0.9625
1213,551,30307,545.9472,685.9814,388.6326,433.7852,0.9808
1214,551,27652,669.3374,254.7339,221.4299,199.9737,0.9698
1215,551,3482,130.2138,289.2261,276.0728,174.505,0.9678
1216,551,20237,133.527,870.3127,229.7308,224.1163,0.965
1217,552,30307,78.3468,145.3079,381.4987,421.383,0.9819
1218,552,20237,624.3078,177.3182,222.361,215.0539,0.9743
1219,552,27652,97.768,854.2275,220.7658,205.7434,0.9712
1220,552,3482,589.2274,845.1723,283.9191,164.9281,0.9705
1221,553,16231,601.9644,212.7085,185.2658,183.3731,0.9769
1222,553,34596,11.7262,72.688,413.2058,445.8256,0.9742
1223,553,3482,575.6286,810.3508,279.6078,193.8578,0.9704
1224,553,25468,12.3685,812.014,383.716,222.052,0.9685
1225,555,34596,22.8407,103.1852,428.8453,438.8466,0.983
1226,555,16231,629.9278,219.4291,189.649,187.0956,0.9769
1227,555,3482,602.4341,844.2424,277.4062,189.0623,0.971
1228,555,25468,51.3259,857.0545,371.0332,218.5094,0.9606
1229,560,30307,117.3722,76.991,277.8,475.107,0.9876
1230,560,19860,126.5819,865.8535,220.8488,167.2203,0.9755
1231,560,3482,601.7298,867.4305,257.7609,229.7882,0.9729
1232,560,35205,585.9202,95.4235,285.1322,378.5903,0.9724
1233,564,33008,550.6181,837.5742,371.5034,198.5863,0.9814
1234,564,21770,161.5596,806.2484,189.7388,184.9437,0.9789
1235,564,16550,592.5833,106.1529,290.3229,478.3558,0.974
1236,564,1899,153.6265,254.7556,193.1988,161.8396,0.9725
1237,565,12080,650.1154,691.8535,245.0137,468.01,0.9657
1238,565,2482,622.9423,72.4654,225.6041,462.1221,0.9593
1239,565,12777,27.002,161.11,403.0382,432.073,0.958
1240,565,5093,106.7467,811.0739,285.6049,285.2409,0.948
1241,569,3742,493.7552,165.9917,314.288,298.0578,0.981
1242,569,12777,541.7232,573.061,294.5604,522.5338,0.9699
1243,569,2482,89.4031,668.8444,253.3538,468.9085,0.9655
1244,569,12080,114.384,109.7758,222.5322,427.4658,0.956
1245,571,24849,127.2432,136.4603,174.1188,282.3666,0.9767
1246,571,16550,544.386,57.3924,299.4641,450.768,0.974
1247,571,1899,581.7309,866.093,212.0578,142.4993,0.9657
1248,571,21025,91.0736,830.464,181.381,179.4844,0.9527
1249,572,16550,103.874,709.5224,320.1217,482.122,0.9748
1250,572,24849,673.287,827.4988,187.4834,302.8136,0.96
1251,572,1899,187.541,273.3905,203.3689,137.5205,0.9587
1252,572,21025,685.506,275.1383,178.5078,173.2103,0.9526
1253,573,16550,572.4448,65.5943,308.4715,464.3304,0.9756
1254,573,21025,124.8288,865.1338,179.9906,176.4066,0.9705
1255,573,24849,142.2375,142.5763,180.9138,291.8555,0.9674
1256,573,1899,608.9582,899.4952,207.2904,136.0377,0.9628
1257,574,3742,115.3501,827.4528,322.7077,318.861,0.9742
1258,574,22626,94.243,178.6778,309.0708,479.8123,0.9728
1259,574,13394,627.2992,675.9423,231.2762,496.2152,0.9702
1260,574,2482,672.8393,80.5628,202.5715,483.425,0.9586
1261,575,22626,534.4088,550.5974,310.5415,483.5448,0.9805
1262,575,3742,497.3644,125.2472,312.3985,302.8867,0.9763
1263,575,13394,85.794,82.4975,230.6117,483.7354,0.9738
1264,575,2482,61.8359,651.0324,198.0427,482.7344,0.9577
1265,576,3742,118.6427,838.8828,329.4198,329.5973,0.9712
1266,576,13394,635.6942,675.9344,244.3473,512.967,0.9705
1267,576,22626,99.1406,208.3227,304.5531,481.3699,0.968
1268,576,2482,660.6012,115.9392,212.4032,469.978,0.9633
1269,577,19606,140.3295,787.16,159.1585,156.3721,0.9819
1270,577,33008,519.9478,791.7303,380.9022,209.9123,0.9783
1271,577,16550,542.1524,72.4009,349.474,422.7722,0.9684
1272,577,1899,134.8029,246.1176,192.2589,155.5646,0.9588
1273,578,19606,662.0083,332.4626,155.798,150.1814,0.9785
1274,578,16550,51.4406,726.1838,379.352,445.1068,0.9719
1275,578,1899,641.5094,857.9385,206.5101,166.0024,0.9631
1276,578,33008,88.1161,255.8242,364.4208,209.0049,0.9499
1277,579,33008,550.1849,837.7088,371.429,198.3282,0.9828
1278,579,19606,171.9728,822.8115,157.1619,151.6766,0.979
1279,579,1899,152.6782,255.8183,196.082,155.769,0.9731
1280,579,16550,570.2946,81.2197,356.6279,434.2696,0.9715
1281,581,24849,646.9978,206.2066,173.1728,273.2606,0.9703
1282,581,1899,644.6018,853.5988,203.5917,171.5709,0.9633
1283,581,33008,86.8722,256.5657,366.0088,207.2051,0.9617
1284,581,16547,103.9049,903.6904,242.9745,240.7568,0.9531
1285,583,5093,548.443,186.6824,269.7973,266.0571,0.97
1286,583,19551,470.9049,634.9931,333.5748,488.6112,0.97
1287,583,2482,70.071,694.797,251.6783,465.7012,0.9594
1288,583,5885,113.5841,78.4884,232.9214,479.6459,0.9465
1289,584,5885,605.2202,685.2228,245.0167,501.3094,0.9692
1290,584,19551,145.1745,111.3728,326.8554,486.9634,0.9647
1291,584,2482,606.375,88.8973,262.2168,455.4914,0.96
1292,584,5093,110.4769,815.1701,282.8234,284.3008,0.9591
1293,586,25468,48.968,787.1825,351.377,302.9523,0.9771
1294,586,28762,145.2814,199.8502,209.1987,196.4563,0.975
1295,586,3482,575.0656,812.04,279.7512,192.8279,0.9717
1296,586,36636,648.4694,168.1058,167.2681,248.9905,0.9677
1297,587,28762,615.4679,859.5008,220.8874,212.0504,0.9796
1298,587,36636,133.8968,828.2364,176.9299,261.7962,0.9729
1299,587,3482,125.3599,270.6075,271.7796,188.5237,0.9692
1300,587,25468,576.3885,190.5957,326.96,283.3202,0.9581
1301,588,28762,163.5997,205.9872,212.4259,204.2432,0.9824
1302,588,3482,602.0805,845.5067,277.4158,189.1275,0.9744
1303,588,36636,677.0104,172.0752,171.9097,253.9923,0.9695
1304,588,25468,86.1983,830.1808,342.3285,302.55,0.9685
1305,589,25366,27.3216,115.575,339.2267,492.595,0.9824
1306,589,19860,126.3813,865.7412,221.2942,167.6856,0.9752
1307,589,3482,602.2572,866.9313,257.0658,229.9578,0.9731
1308,589,16261,638.412,177.069,242.869,231.165,0.9656
1309,591,25366,634.4686,646.0083,340.4058,507.077,0.978
1310,591,16261,100.4305,851.8657,248.0691,240.8036,0.9705
1311,591,3482,152.197,219.972,244.2862,218.8112,0.9691
1312,591,19860,638.6823,277.554,218.9214,171.0198,0.964
1313,592,28762,648.2952,903.0193,224.4033,213.1922,0.9764
1314,592,19860,640.0454,276.8906,219.3884,172.0274,0.9702
1315,592,3482,153.6678,218.578,244.8179,218.9656,0.9692
1316,592,29666,119.0997,845.067,230.0729,224.8389,0.9683
1317,593,19860,89.1134,825.6842,226.8524,177.7873,0.9882
1318,593,28762,113.8496,159.4041,208.1562,197.6675,0.982
1319,593,3482,572.3674,838.4432,258.8328,230.0176,0.9703
1320,593,29666,611.4454,194.2767,218.1127,213.6518,0.962
1321,594,28762,129.8,163.6978,211.5321,202.8166,0.9807
1322,594,19860,124.4562,865.6827,221.1675,167.1296,0.9757
1323,594,3482,600.0254,868.1108,258.1133,230.9292,0.9724
1324,594,29666,639.1672,200.1964,224.2797,214.5542,0.916
1325,595,32309,111.054,218.7637,247.7586,338.7293,0.9737
1326,595,16231,650.5974,289.8793,190.0194,188.8185,0.9711
1327,595,3350,398.9604,866.824,189.734,190.5037,0.9617
1328,596,16231,81.1406,734.5232,196.1201,195.492,0.9756
1329,596,32309,577.5958,617.2409,264.7457,372.8227,0.9669
1330,596,3350,351.1988,162.893,180.7785,183.9166,0.9608
1331,596,3831,776.3377,0.0264,197.2064,87.0463,0.063
1332,598,33879,550.6165,194.4814,306.0704,418.2522,0.9773
1333,598,3350,402.5314,874.6328,190.2113,190.0961,0.9702
1334,598,36636,173.2276,334.2062,179.7764,252.6903,0.9673
1335,600,33879,116.2302,685.9655,307.9594,430.9844,0.9809
1336,600,3350,387.9816,227.7645,183.06,180.2008,0.9665
1337,600,36636,624.9556,720.5451,181.0283,260.1621,0.9358
1338,601,27732,565.656,260.035,300.4758,267.0865,0.982
1339,601,16261,152.2842,802.258,247.6165,242.0665,0.9708
1340,601,3482,121.4723,307.719,272.0469,198.2476,0.9633
1341,601,31884,499.8051,635.4292,454.7312,481.3534,0.9609
1342,602,3482,578.2202,759.8894,276.3158,207.1906,0.9716
1343,602,16261,563.6664,217.7028,236.9789,228.9194,0.9714
1344,602,27732,85.0073,725.4652,322.0547,283.1168,0.9655
1345,602,31884,39.5104,108.7469,439.908,474.4366,0.9619
1346,603,16261,591.1926,226.0054,241.8406,231.5671,0.9717
1347,603,3482,608.832,790.5434,272.3238,209.8302,0.9683
1348,603,27732,124.402,767.708,311.5596,274.0619,0.962
1349,603,31884,52.7648,136.7138,459.6545,471.5792,0.949
1350,605,27652,96.5039,855.258,220.5108,205.0059,0.9757
1351,605,28762,145.8628,250.3348,212.0804,202.0821,0.9734
1352,605,3482,588.797,845.3318,283.6299,164.8781,0.971
1353,605,36636,645.828,207.3149,186.8558,247.389,0.9656
1354,608,33879,50.3658,608.5182,313.683,443.8465,0.9749
1355,608,29666,588.5978,722.69,233.6932,230.702,0.9691
1356,608,3350,340.3045,192.202,184.6502,187.8761,0.9611
1357,608,3831,652.6348,1168.5487,323.3652,111.4375,0.0554
1358,610,16231,620.4575,221.6949,187.1749,182.7772,0.9748
1359,610,3482,558.8924,811.0966,286.8932,175.8324,0.971
1360,610,34596,0.0,107.119,388.5786,439.7784,0.9709
1361,610,27652,61.5442,810.819,224.435,209.9566,0.9699
1362,611,16231,142.635,846.4225,196.5154,191.4961,0.9822
1363,611,34596,580.7188,658.4268,395.2811,455.9358,0.9791
1364,611,3482,131.2025,288.428,276.594,174.9098,0.9692
1365,611,27652,670.6836,255.6788,222.0616,199.5337,0.9689
1366,612,16231,648.0854,230.1843,192.8791,181.9886,0.9838
1367,612,34596,2.0249,141.8562,410.55,435.4756,0.9807
1368,612,27652,95.5934,853.7139,220.9757,205.5277,0.9755
1369,612,3482,588.0752,845.2307,283.0994,166.1482,0.9699
1370,614,22073,633.8864,725.8233,187.2968,192.2074,0.9823
1371,614,3350,346.7993,154.6298,185.1665,186.8043,0.9642
1372,614,19231,166.5081,651.166,240.8574,358.4443,0.9415
1373,615,22073,673.4262,821.0717,183.708,184.9459,0.9875
1374,615,3350,389.4384,213.5483,183.7981,180.7468,0.9559
1375,615,19231,210.8788,752.3622,235.0068,356.402,0.937
1376,616,16231,144.5733,898.5317,195.4015,192.6112,0.9805
1377,616,28762,630.2664,887.7651,222.1741,212.8403,0.9772
1378,616,3482,151.9772,220.0281,244.4623,218.2595,0.9705
1379,616,19860,638.1112,277.0101,219.2584,171.2748,0.9695
1380,617,28762,147.4302,177.3968,212.6988,203.0716,0.9816
1381,617,16231,646.3472,173.9519,190.506,187.2306,0.9781
1382,617,19860,126.4336,866.1051,221.2636,167.3793,0.9764
1383,617,3482,602.228,867.4033,257.5996,230.3692,0.9726
1384,618,19860,91.0859,825.9292,226.4184,178.0344,0.9891
1385,618,28762,131.7805,171.5727,207.9291,198.0392,0.9881
1386,618,16231,617.876,172.0091,186.1633,181.3457,0.9815
1387,618,3482,572.6462,838.3328,260.9088,229.5758,0.9701
1388,620,23222,549.7352,641.4694,286.0615,508.9854,0.9809
1389,620,5093,521.4293,150.6507,269.0572,263.2739,0.9746
1390,620,22361,80.4716,73.8357,253.6156,392.3608,0.9709
1391,620,2482,84.2639,643.614,199.0357,487.8702,0.956
1392,621,23222,92.3534,60.1623,293.5067,502.3664,0.9785
1393,621,22361,609.551,779.7964,253.4049,406.7176,0.9699
1394,621,5093,137.8309,846.3145,276.5546,273.8164,0.9643
1395,621,2482,653.4699,85.2843,191.7629,482.6632,0.9617
1396,622,22073,611.7736,289.3529,185.5317,189.3932,0.9846
1397,622,41767,127.5256,294.6703,261.272,293.9726,0.9584
1398,622,3350,396.7048,888.9246,189.015,190.7004,0.8781
1399,623,22073,126.2902,746.1722,189.8314,194.0529,0.9863
1400,623,3350,351.7233,148.8127,183.7325,188.9412,0.9654
1401,623,41767,555.5124,633.3782,268.9803,307.2865,0.9481
1402,624,3350,393.0673,208.5928,185.3414,182.5766,0.9656
1403,624,22073,168.9418,837.9898,185.9866,186.264,0.9622
1404,624,41767,596.0526,723.7356,264.1408,307.8875,0.9487
1405,625,27732,565.0838,259.4194,301.9174,268.5062,0.9835
1406,625,30307,500.5326,697.0658,424.8912,403.8565,0.9802
1407,625,16261,152.4122,802.293,247.1122,242.1597,0.9731
1408,625,3482,121.4615,306.9806,272.1282,198.7,0.9632
1409,627,30307,74.4683,145.5426,399.4566,382.0077,0.975
1410,627,16261,564.7988,217.5708,235.7274,227.9422,0.972
1411,627,3482,578.3415,760.1356,276.2107,206.9375,0.9712
1412,627,27732,84.3319,725.8648,322.9565,283.4762,0.9689
1413,628,27732,565.011,259.1701,301.917,268.0134,0.9858
1414,628,16231,140.1936,891.832,197.8301,193.2235,0.9705
1415,628,22346,678.436,850.8611,213.5982,208.0746,0.9638
1416,628,3482,120.9812,307.5405,272.6438,197.4836,0.963
1417,632,23222,502.0516,606.6752,298.7471,507.4754,0.9739
1418,632,25437,551.0185,180.2401,245.8676,252.9707,0.9693
1419,632,2482,62.7608,669.5768,209.6801,481.5714,0.9609
1420,632,5885,118.5888,81.5136,229.9804,481.2304,0.9173
1421,633,23222,136.9633,127.8352,292.4394,504.5476,0.9739
1422,633,5885,601.7534,684.1497,243.61,498.0736,0.9706
1423,633,25437,130.0294,848.5059,260.4515,266.1395,0.9682
1424,633,2482,659.513,102.1913,192.3412,466.3476,0.9583
1425,635,3543,183.4206,198.5605,201.361,197.499,0.9788
1426,635,4542,612.7468,154.3748,202.3955,199.5087,0.9747
1427,635,16547,70.7434,751.8894,238.0487,233.1434,0.9711
1428,635,33877,615.5476,795.853,168.17,215.6004,0.9467
1429,636,3543,584.771,858.9789,213.571,211.0125,0.9806
1430,636,4542,133.4917,904.6155,212.068,211.366,0.9685
1431,636,16547,654.3427,277.8808,232.2868,223.6356,0.9667
1432,636,33877,195.939,257.2314,162.7797,210.6663,0.8868
1433,637,6191,56.8464,199.8207,471.9383,336.6427,0.9713
1434,637,3742,75.9834,814.8356,331.7449,325.8906,0.9706
1435,637,2482,599.7622,109.9077,285.1848,447.3496,0.9548
1436,637,5885,610.9713,698.404,240.3176,505.2725,0.9374
1437,638,3742,72.7366,801.448,328.4722,317.4039,0.9767
1438,638,6191,50.9316,166.0988,477.49,338.75,0.9634
1439,638,5885,599.8634,698.8392,241.9748,491.209,0.9572
1440,638,2482,613.4352,76.2619,273.2383,458.3677,0.9566
1441,640,20237,94.8806,297.784,227.3059,220.5533,0.9743
1442,640,3350,405.6186,918.1055,191.4102,191.1122,0.9708
1443,640,3831,486.426,282.6602,394.2063,343.856,0.9596
1444,641,20237,618.4426,708.5024,232.8216,230.0258,0.9744
1445,641,3831,45.6436,579.79,404.8118,347.0477,0.9674
1446,641,3350,341.8973,125.5,184.0794,185.2483,0.9642
1447,644,3742,486.215,120.4649,311.2503,302.7129,0.9802
1448,644,13394,75.443,89.12,232.265,478.6154,0.9731
1449,644,6191,499.578,607.5418,285.2589,539.802,0.9705
1450,644,2482,61.4316,655.9669,203.2846,481.097,0.9604
1451,646,34596,402.4138,634.6794,458.4028,427.3375,0.9772
1452,646,3482,173.1266,275.6214,262.355,219.2496,0.971
1453,646,27776,639.1442,293.503,174.3262,195.0364,0.9678
1454,646,36636,132.5662,827.4694,188.5402,255.2621,0.9572
1455,647,34596,141.7236,195.2712,450.4175,406.542,0.9753
1456,647,3482,566.36,812.406,262.4068,220.7036,0.9716
1457,647,36636,666.2474,178.5242,184.6019,250.4043,0.9668
1458,647,27776,179.1976,811.7266,174.1266,199.2543,0.9606
1459,648,34596,125.7369,158.3674,438.2482,417.1129,0.9748
1460,648,3482,537.9408,778.0774,265.134,225.709,0.9732
1461,648,27776,145.9178,774.6094,178.7073,206.2389,0.973
1462,648,36636,637.3374,175.634,180.2539,244.4842,0.9714
1463,650,32309,0.0,704.4907,312.629,319.3549,0.966
1464,650,36636,561.4728,822.0093,273.2532,168.6401,0.9625
1465,650,3350,369.0607,176.7075,180.7615,184.7167,0.9621
1466,650,3831,784.499,0.2502,191.501,89.3778,0.0502
1467,652,31704,600.2846,694.466,251.9458,455.0453,0.9845
1468,652,24849,113.9904,841.3177,303.8851,171.0199,0.9718
1469,652,16550,565.8466,64.9939,284.4856,463.963,0.9701
1470,652,1899,125.0777,258.0146,199.8573,149.6387,0.9644
1471,653,31704,130.4587,129.4467,243.7308,417.8366,0.9845
1472,653,16550,91.3874,691.6161,308.5556,484.0316,0.9792
1473,653,24849,546.8628,265.6641,291.3229,165.0292,0.9698
1474,653,1899,644.6338,856.15,212.1136,157.1356,0.9658
1475,654,31704,625.2522,732.1797,251.9335,449.8498,0.9807
1476,654,24849,150.55,880.2801,296.3504,161.8199,0.9727
1477,654,16550,593.9734,75.0886,292.5603,472.7436,0.9713
1478,654,1899,142.8612,267.4079,203.746,147.2851,0.9666
1479,656,3543,151.2321,190.4901,204.252,200.722,0.9767
1480,656,6562,191.4988,709.2015,214.7911,356.9718,0.9765
1481,656,16550,544.3139,182.5648,410.5308,383.1884,0.9701
1482,656,33877,629.7954,850.9689,222.3397,136.1938,0.9613
1483,658,29450,498.5555,824.2163,395.8053,261.2054,0.9803
1484,658,18109,78.9189,790.9202,303.767,290.5366,0.9776
1485,658,16550,633.1476,11.5416,288.1518,483.5973,0.9728
1486,658,1899,167.1837,246.4654,184.3068,181.6155,0.9725
1487,659,29450,468.5734,786.0324,402.2429,268.3227,0.9858
1488,659,18109,45.61,749.4852,305.6466,299.1753,0.9777
1489,659,16550,603.528,9.4323,278.838,467.769,0.9697
1490,659,1899,149.3446,239.3528,181.548,180.0563,0.9671
1491,660,29450,115.6439,216.8931,391.5751,259.3633,0.9812
1492,660,18109,613.9006,223.3357,296.9856,288.9379,0.9792
1493,660,16550,67.7846,741.1898,287.9064,502.8944,0.9755
1494,660,1899,643.1047,846.1285,190.5413,189.2598,0.9695
1495,661,31862,178.3376,302.9888,205.6999,205.5976,0.9699
1496,661,16231,686.8324,292.7971,189.9339,188.4976,0.9695
1497,662,31862,556.911,726.3173,206.6287,210.0518,0.9841
1498,662,16231,43.5837,745.1939,194.598,190.3602,0.9815
1499,662,3350,370.2589,161.5925,183.3556,187.2812,0.9669
1500,664,20876,542.4707,293.1041,329.6808,236.581,0.9758
1501,664,28762,630.1005,875.3631,222.6824,212.3715,0.9751
1502,664,3482,142.0236,293.6258,210.8814,253.0298,0.97
1503,664,36636,168.569,799.4906,186.0288,256.2992,0.9609
1504,665,28762,131.6371,184.5547,206.4881,198.3375,0.9802
1505,665,3482,625.6808,718.584,208.3988,270.2941,0.974
1506,665,20876,85.3569,725.2894,332.2768,241.6928,0.9738
1507,665,36636,606.8648,202.9869,175.7988,245.0103,0.9682
1508,667,22626,22.8662,148.7676,481.0944,272.1079,0.9801
1509,667,2482,574.3898,119.4671,295.4953,445.8494,0.9739
1510,667,25437,121.9943,821.3219,255.0558,253.0449,0.9734
1511,667,12080,646.8858,704.4646,240.4158,447.476,0.9596
1512,668,25437,557.554,193.6954,245.1914,254.0536,0.9662
1513,668,12080,66.7668,115.8856,225.7931,427.8642,0.966
1514,668,2482,71.6725,652.8289,300.0486,446.5057,0.9612
1515,668,22626,430.012,776.6914,492.4888,295.2325,0.943
1516,670,22346,683.2682,848.1689,212.4569,206.6162,0.9756
1517,670,35205,136.1422,729.2716,241.2301,408.1498,0.9735
1518,670,3482,124.3185,271.6858,272.8849,188.6861,0.9677
1519,670,25468,576.0362,188.9722,326.2088,286.33,0.9602
1520,672,22346,104.6989,225.0042,206.0294,197.4534,0.9792
1521,672,35205,614.198,122.0275,231.5001,397.8302,0.9779
1522,672,25468,87.2816,829.79,341.6307,302.509,0.9732
1523,672,3482,602.8574,844.7586,276.8309,188.214,0.9715
1524,674,27925,604.9287,160.4842,249.4689,446.8136,0.978
1525,674,16547,153.2668,889.8641,240.0725,237.8774,0.9742
1526,674,44198,135.7536,291.6533,283.4752,150.6401,0.9655
1527,674,1899,631.6276,894.9588,210.6831,134.1407,0.9645
1528,675,27925,97.0656,614.3857,267.85,486.1162,0.9786
1529,675,16547,567.7228,135.1135,228.0078,223.8384,0.9728
1530,675,1899,140.085,240.1104,197.9819,128.8258,0.9717
1531,675,44198,551.5714,830.953,294.5041,149.1582,0.9678
1532,677,18109,16.5553,696.1332,307.4754,295.8088,0.978
1533,677,27925,571.4914,629.0885,257.126,486.1402,0.9755
1534,677,16550,617.018,15.7956,299.4126,452.4744,0.9714
1535,677,1899,141.8895,240.7319,199.1628,128.103,0.9698
1536,679,22626,138.3117,161.5184,333.4703,471.7762,0.9727
1537,679,2482,610.7005,86.8339,212.695,472.7419,0.9603
1538,679,5093,107.5922,809.7651,285.2908,285.8608,0.9585
1539,679,4377,600.2046,700.7983,221.0277,470.356,0.9575
1540,680,22626,475.9776,605.915,337.472,471.909,0.9761
1541,680,4377,139.7036,106.3171,210.6428,437.9524,0.9725
1542,680,2482,89.6563,678.815,228.0945,478.0215,0.9634
1543,680,5093,550.4144,190.4013,271.8426,268.7948,0.963
1544,681,4377,592.8125,700.0937,215.6206,451.895,0.973
1545,681,22626,135.4278,127.0417,335.323,471.1516,0.97
1546,681,5093,105.051,800.5023,279.3,273.2642,0.9663
1547,681,2482,617.4843,49.6369,221.4815,484.4949,0.9582
1548,684,18109,78.8185,762.7166,305.8246,292.4672,0.984
1549,684,1899,180.7307,265.49,130.4363,200.5274,0.9737
1550,684,16550,526.3301,87.2301,364.3803,428.678,0.9718
1551,684,29344,580.0244,716.4699,317.7094,423.0708,0.9547
1552,685,6191,96.6995,4.9107,296.072,531.1761,0.9782
1553,685,2482,576.3506,117.8887,294.1055,448.9723,0.9757
1554,685,25437,118.4008,820.4589,255.6255,252.3466,0.9719
1555,685,12080,644.5377,705.421,238.84,448.332,0.9553
1556,688,20237,614.3737,185.1884,221.1726,215.189,0.9772
1557,688,3482,578.4336,760.2412,275.7906,207.4761,0.9696
1558,688,27732,84.4976,726.172,322.8635,282.2536,0.9688
1559,688,34596,100.4727,183.015,454.7266,400.9394,0.9675
1560,692,35205,105.6142,689.2524,203.0444,414.903,0.9789
1561,692,22346,658.8042,837.5102,212.4185,205.2278,0.9736
1562,692,27652,670.8916,255.1659,221.1494,200.0269,0.9707
1563,692,3482,132.2004,288.676,275.4341,173.5445,0.969
1564,694,35205,158.3718,277.6449,254.0654,388.286,0.9785
1565,694,3350,403.3192,850.3992,188.0835,189.9078,0.9711
1566,694,19231,505.6492,237.267,322.9665,255.3596,0.9558
1567,697,18356,603.8684,204.6955,237.5016,339.4697,0.9734
1568,697,3350,403.011,854.8647,190.2464,191.0789,0.9634
1569,697,38161,139.4861,258.2775,226.0024,267.4038,0.9574
1570,698,18356,79.0606,630.7487,249.333,373.891,0.9771
1571,698,3350,346.451,174.4519,180.9274,183.435,0.965
1572,698,38161,571.318,678.8734,240.8121,283.0781,0.9441
1573,698,3831,0.0,1202.7897,211.5259,76.9666,0.1132
1574,700,19860,91.008,826.0024,226.6938,178.3296,0.9877
1575,700,30307,74.6089,126.2966,380.3476,400.3838,0.9853
1576,700,16231,618.2946,172.4812,184.818,182.4376,0.9837
1577,700,3482,573.1564,837.476,260.1209,229.5649,0.9696
1578,701,19860,126.6316,866.0299,220.9178,167.4703,0.9782
1579,701,30307,88.285,144.0968,393.913,408.6162,0.977
1580,701,16231,646.5912,174.9201,189.8013,187.1036,0.9738
1581,701,3482,601.8706,867.2192,257.6792,229.5558,0.9728
1582,702,16231,144.9291,898.6895,195.1128,193.0237,0.9812
1583,702,30307,514.9848,694.632,399.9661,419.0076,0.9735
1584,702,19860,638.045,277.1746,219.5513,171.8667,0.9701
1585,702,3482,151.448,220.1312,245.1675,218.1719,0.9694
1586,705,22346,120.7399,200.7201,205.3977,196.9914,0.9745
1587,705,3482,593.698,873.3469,257.2988,230.2985,0.9713
1588,705,19860,119.0371,865.0369,221.3045,167.8644,0.9713
1589,705,29666,639.1254,205.3981,224.4324,215.0549,0.9165
1590,706,12777,72.5968,113.9221,340.0572,494.2762,0.9724
1591,706,5885,604.7518,685.496,245.6715,501.534,0.9703
1592,706,2482,607.3423,88.615,259.9631,455.8094,0.9579
1593,706,5093,110.5517,815.2586,283.5182,284.9058,0.9567
1594,707,12777,535.7591,631.9419,355.5992,492.9404,0.9696
1595,707,5093,548.8664,186.8886,268.8196,265.4637,0.9688
1596,707,2482,70.7683,693.9726,249.7744,465.0512,0.9634
1597,707,5885,113.5321,79.6513,232.7672,478.1801,0.9107
1598,708,5885,598.1102,686.5688,234.9979,487.3313,0.9708
1599,708,5093,110.0904,805.9626,278.4793,272.8976,0.9661
1600,708,12777,67.8868,79.1422,343.0137,492.3854,0.9657
1601,708,2482,619.9508,47.4967,250.1146,472.2134,0.9631
1602,710,28762,158.5689,234.2474,207.5072,197.3792,0.9779
1603,710,27732,85.2821,726.9162,322.0297,282.5371,0.9713
1604,710,3482,578.2846,760.3933,276.2846,207.3774,0.9703
1605,710,16261,563.4068,216.7831,237.9564,228.723,0.9696
1606,712,13394,641.3034,674.649,244.2535,514.2598,0.9711
1607,712,5093,134.9124,841.0834,285.1608,287.616,0.9563
1608,712,12777,100.4231,103.9378,293.297,539.1546,0.9539
1609,712,2482,622.415,103.5119,227.8416,466.5078,0.952
1610,713,13394,81.8622,84.4782,230.064,481.062,0.9738
1611,713,12777,548.2819,598.3473,285.9974,523.4892,0.9675
1612,713,5093,524.2604,161.3724,268.3824,265.5065,0.9674
1613,713,2482,85.0225,664.1421,210.8666,484.7158,0.9639
1614,714,13394,632.433,676.1535,230.0039,495.6805,0.9729
1615,714,5093,134.627,833.0674,277.2297,274.0336,0.9705
1616,714,12777,100.9201,88.2775,294.8222,518.9852,0.9581
1617,714,2482,639.2641,65.7442,217.1294,484.5584,0.9552
1618,716,3742,120.2275,795.9531,327.8834,327.1474,0.9736
1619,716,19551,98.5953,134.514,319.4065,494.1524,0.9668
1620,716,12080,607.6772,711.5591,243.415,469.9237,0.9635
1621,716,2482,586.5498,100.8094,234.639,476.0785,0.96
1622,717,3742,493.5415,165.6074,314.6652,299.0578,0.9809
1623,717,19551,526.7292,603.0247,319.6294,497.9266,0.969
1624,717,2482,89.326,669.4804,252.6831,468.2632,0.9629
1625,717,12080,114.0917,108.6382,222.9759,428.7928,0.9565
1626,719,31704,609.7508,691.4798,249.3432,451.2326,0.9851
1627,719,21770,91.7158,812.6697,194.8266,186.9926,0.9724
1628,719,16547,554.7373,182.6556,230.1992,224.5142,0.9659
1629,719,1899,122.7596,260.153,200.402,148.2796,0.9642
1630,720,31704,123.3432,133.6989,244.015,419.511,0.982
1631,720,21770,673.4978,287.7467,189.3156,179.2281,0.9788
1632,720,16547,165.9732,840.7715,240.6055,237.4508,0.9692
1633,720,1899,646.6,855.3999,211.9379,156.0967,0.9663
1634,721,3482,579.1452,759.9271,275.6812,206.6746,0.9718
1635,721,27732,85.5597,724.9717,323.0864,284.3727,0.9667
1636,721,31884,71.039,160.4617,441.8361,470.8713,0.9658
1637,721,35205,571.2712,118.8466,248.0418,380.679,0.9031
1638,724,31704,577.6614,675.6762,252.3324,450.7769,0.9809
1639,724,10220,579.5459,167.7545,218.0996,211.7608,0.9768
1640,724,16547,107.575,735.5561,237.8546,233.1758,0.9729
1641,724,3543,133.8682,178.5203,200.6661,197.1463,0.972
1642,725,31704,147.9995,150.0776,252.7154,416.3044,0.9843
1643,725,16547,619.5268,300.6094,232.5346,224.2892,0.9728
1644,725,3543,637.6734,884.9741,212.5864,211.4162,0.9727
1645,725,10220,151.2942,874.7654,231.1758,225.2914,0.9726
1646,726,31704,600.6444,712.9978,256.4383,445.0608,0.985
1647,726,16547,139.2033,774.4426,236.6178,227.3424,0.9784
1648,726,3543,150.3924,182.559,205.0876,201.1429,0.9736
1649,726,10220,606.8593,171.6232,221.696,212.8952,0.9697
1650,727,25366,37.64,153.5746,405.2438,447.0392,0.9808
1651,727,25468,12.1471,811.2118,385.0396,222.9114,0.9748
1652,727,16231,602.2716,213.029,184.8281,182.9829,0.9736
1653,727,3482,575.9098,810.4887,279.0496,193.9214,0.9717
1654,728,25366,54.5156,177.3796,413.5025,448.9008,0.9807
1655,728,16231,630.3424,219.4903,189.0695,187.0754,0.9773
1656,728,3482,602.6232,843.9703,277.3287,188.7047,0.9726
1657,728,25468,51.4754,856.4686,371.5324,218.7434,0.9641
1658,731,3543,104.3221,160.2323,199.648,198.5205,0.9776
1659,731,16547,118.9458,768.976,239.0636,231.0958,0.9742
1660,731,4542,611.7868,142.1231,203.4404,201.04,0.9722
1661,731,29870,604.2116,770.3688,204.645,224.832,0.9703
1662,732,3543,669.9101,898.8484,214.3699,212.3032,0.9863
1663,732,29870,169.9241,275.7566,202.6237,214.571,0.9766
1664,732,16547,607.5172,263.408,231.726,222.831,0.975
1665,732,4542,132.7928,917.9731,213.1274,210.1102,0.9733
1666,738,31704,140.394,643.3879,248.4724,450.6639,0.9846
1667,738,16550,589.2212,87.1451,284.4951,464.3164,0.9738
1668,738,1899,88.8311,260.122,202.5055,126.9846,0.9647
1669,738,44198,606.725,767.4374,165.0037,284.4134,0.9638
1670,740,19606,656.8248,273.0079,154.7576,147.9302,0.9831
1671,740,31704,133.284,129.2004,243.0976,418.1212,0.9825
1672,740,16547,119.8684,804.2005,240.3986,235.592,0.9761
1673,740,1899,642.2343,830.3872,171.6052,198.5332,0.9617
1674,742,6191,563.7232,538.1463,286.3524,530.0645,0.9753
1675,742,25437,568.3395,184.3904,245.7663,257.8838,0.9717
1676,742,4377,82.234,100.9149,214.6438,437.3678,0.9666
1677,742,2482,86.8637,676.6465,239.2877,466.6122,0.9641
1678,743,4377,641.6891,704.428,221.7559,455.8476,0.9723
1679,743,6191,94.8997,132.9869,283.0231,532.3755,0.9694
1680,743,25437,110.2865,828.8894,254.1303,252.9724,0.9623
1681,743,2482,611.8894,63.6999,241.4692,474.2976,0.9569
1682,745,16261,661.9206,271.0112,239.3179,229.4032,0.9633
1683,745,3350,352.6245,891.7695,190.8584,192.8574,0.9561
1684,745,32309,115.725,177.9845,224.4852,362.4656,0.5203
1685,745,18356,116.7104,178.2676,223.9321,361.1804,0.2652
1686,747,16261,62.0669,797.8606,243.8179,238.9731,0.9729
1687,747,3350,437.659,192.5507,183.0236,182.6545,0.9619
1688,747,32309,639.665,736.1232,229.1676,389.2648,0.8102
1689,750,1899,687.5004,805.6469,130.3469,208.9672,0.9748
1690,750,44198,170.8122,199.0911,170.6398,268.5447,0.9658
1691,750,16547,147.997,787.8258,241.8158,237.3488,0.9583
1692,750,29344,586.6505,130.2714,274.2479,409.6092,0.9372
1693,752,6562,167.1426,671.8428,218.0871,364.6676,0.9732
1694,752,3543,92.9209,197.74,202.5032,197.96,0.9693
1695,752,16547,560.8244,137.2666,228.0405,224.2327,0.9692
1696,752,27992,548.478,777.4367,311.1564,240.2139,0.9578
1697,754,29666,627.2556,762.7668,227.7332,219.8043,0.9764
1698,754,3350,373.5137,197.5069,183.5091,180.3338,0.9661
1699,754,3831,92.1854,653.7138,370.2592,379.7737,0.963
1700,756,3350,417.3374,888.9995,188.9608,189.641,0.9656
1701,756,29666,126.1777,318.8946,225.6632,223.5928,0.9645
1702,756,3831,515.6892,255.3885,363.5511,380.2927,0.9628
1703,758,19860,640.1092,277.2479,219.4676,171.9558,0.969
1704,758,3482,153.5492,218.79,244.9541,219.3165,0.9677
1705,758,36636,94.4075,904.6415,272.91,166.6688,0.9647
1706,758,31884,562.5312,657.8722,337.5074,540.63,0.9284
1707,759,19860,89.0977,825.2443,227.3774,178.5481,0.9879
1708,759,3482,572.2064,838.6793,259.6458,229.8532,0.9695
1709,759,36636,591.6466,195.1159,258.6127,153.2643,0.9621
1710,759,31884,79.0303,30.7245,323.523,528.7368,0.9352
1711,760,16547,581.5449,203.8502,232.4863,224.7087,0.9695
1712,760,1899,160.2634,258.3758,126.3834,199.8346,0.9683
1713,760,33207,656.5036,804.315,213.7015,204.2529,0.9683
1714,760,29344,91.643,707.7616,289.4922,445.6234,0.9437
1715,761,16547,609.1225,210.748,240.2803,227.6932,0.9781
1716,761,1899,178.3057,268.4186,130.4392,199.6932,0.9754
1717,761,33207,683.7272,836.4551,210.7464,199.4227,0.9662
1718,761,29344,129.6973,751.5622,283.033,441.0293,0.945
1719,763,27732,565.3976,260.0918,301.1382,266.3919,0.981
1720,763,20237,113.6699,853.9158,232.309,226.8742,0.9729
1721,763,31884,498.2883,641.6196,458.1119,480.2863,0.963
1722,763,3482,120.952,307.9186,272.9888,198.3571,0.9625
1723,764,20237,643.9242,189.3466,226.008,218.2106,0.9719
1724,764,3482,608.5928,790.5266,272.5506,209.6658,0.9677
1725,764,27732,123.6828,767.6658,312.4061,274.0255,0.9588
1726,764,31884,52.3278,132.5487,457.5332,471.5528,0.9456
1727,766,34596,567.3022,735.6955,408.6346,472.227,0.9805
1728,766,20876,543.3515,293.7245,329.2224,236.2875,0.9783
1729,766,3482,142.9494,292.2416,211.718,254.1622,0.9691
1730,766,36636,168.5688,798.1876,187.3444,256.2028,0.9582
1731,768,34596,7.7552,21.5862,398.809,456.8969,0.977
1732,768,20876,84.3502,725.3532,332.3507,241.3,0.9745
1733,768,3482,624.5353,720.2285,208.3729,269.4906,0.9727
1734,768,36636,606.2279,204.6334,176.6499,245.3715,0.9673
1735,772,16550,557.451,77.8597,288.5957,481.3496,0.9752
1736,772,31704,171.61,684.6225,249.6439,446.773,0.975
1737,772,1899,106.157,270.6366,203.3603,122.6367,0.9729
1738,772,33207,640.0958,878.5316,208.5677,199.2365,0.9673
1739,773,31704,140.9566,643.448,248.4304,451.7882,0.9845
1740,773,16550,529.3973,69.9885,280.256,467.6944,0.9783
1741,773,33207,612.9044,845.3041,211.397,205.686,0.9774
1742,773,1899,88.5702,260.3722,202.6257,126.8838,0.9657
1743,778,16231,630.4713,219.455,189.3389,187.2389,0.9773
1744,778,30307,84.5632,170.2291,401.9002,399.7578,0.9769
1745,778,3482,602.3438,844.778,277.4492,188.7791,0.9733
1746,778,25468,51.1344,856.7784,371.8103,218.6342,0.9603
1747,779,30307,513.344,685.3742,417.2722,409.4913,0.9775
1748,779,16231,163.4007,856.2014,193.2942,191.3389,0.9772
1749,779,25468,572.11,230.9374,377.8315,217.7132,0.97
1750,779,3482,124.4655,272.23,272.1894,188.7813,0.9688
1751,780,30307,70.6417,148.3277,390.9402,394.7366,0.9785
1752,780,16231,602.2356,213.3496,184.882,182.3627,0.9773
1753,780,3482,575.8442,810.9212,279.4359,193.9744,0.9715
1754,780,25468,11.7301,812.4847,385.6909,221.7906,0.9681
1755,782,22073,586.839,727.2885,187.4427,194.0513,0.9838
1756,782,20013,7.6591,625.613,347.9848,341.4721,0.9609
1757,782,3350,340.0924,184.3281,184.2226,187.4593,0.9575
1758,785,35205,106.7061,688.3379,200.8971,415.409,0.9811
1759,785,25366,541.641,694.1875,390.2572,489.8708,0.9785
1760,785,27652,670.6652,255.4226,221.5188,199.7139,0.9688
1761,785,3482,132.0955,289.1395,275.8512,173.475,0.9682
1762,787,34596,540.3276,654.5363,347.2994,510.1456,0.9804
1763,787,3482,151.4922,219.8329,245.0065,218.7716,0.9702
1764,787,20237,112.3309,855.8084,230.4419,226.9605,0.9701
1765,787,19860,638.3316,277.393,219.5252,171.6973,0.9676
1766,788,19860,91.4403,826.1096,226.431,178.494,0.9869
1767,788,34596,100.9368,64.1489,328.9861,487.917,0.9821
1768,788,20237,614.8968,184.5594,219.6705,213.703,0.9715
1769,788,3482,573.026,837.7976,261.2961,229.3272,0.9694
1770,797,16550,41.5056,527.5984,308.4752,472.7926,0.9793
1771,797,4542,602.3238,187.8567,202.6891,201.631,0.9738
1772,797,3543,146.2122,189.6431,204.5206,199.7534,0.9674
1773,797,27992,495.5184,852.034,337.8285,166.1168,0.9585
1774,798,3543,162.303,197.2801,209.842,202.453,0.9779
1775,798,16550,69.9792,577.5807,310.7516,467.8222,0.9734
1776,798,4542,630.9658,190.8775,205.9448,204.6137,0.9637
1777,798,27992,524.5722,889.5768,332.5084,156.4943,0.9533
1778,799,28762,170.4506,180.1172,211.4661,200.8438,0.9828
1779,799,19860,126.3895,866.1317,221.6651,167.1984,0.9778
1780,799,3482,601.437,868.2059,258.0798,229.6984,0.9719
1781,799,20237,644.3532,187.9311,226.2388,216.6507,0.9678
1782,807,25366,616.1253,710.4182,309.1574,519.0379,0.9723
1783,807,3482,158.6954,214.6624,244.851,220.6112,0.9709
1784,807,29666,119.906,840.7985,229.7315,224.316,0.9667
1785,807,19860,645.9242,276.9742,219.1654,172.5836,0.9652
1786,808,6562,194.1596,708.0753,215.1624,357.4148,0.9768
1787,808,3543,107.7555,206.0423,210.1576,202.094,0.9739
1788,808,16550,613.938,48.3916,333.7647,454.6384,0.9709
1789,808,29870,633.438,826.9365,169.3398,238.2665,0.9707
1790,810,16550,584.4096,38.653,327.8323,445.7626,0.9807
1791,810,6562,161.5314,665.6338,217.5204,363.5457,0.9743
1792,810,3543,92.8798,198.133,203.657,198.7686,0.9741
1793,810,29870,606.4352,789.6772,171.4168,244.8677,0.9643
1794,815,20237,99.1309,711.4828,229.2639,228.4617,0.9743
1795,815,3350,362.4785,168.9463,181.8413,184.7638,0.964
1796,815,32309,523.0667,613.7616,278.5623,359.0456,0.9628
1797,815,3831,0.0,1196.6481,227.565,82.9902,0.3349
1798,817,16231,648.2568,230.2681,192.8049,181.9831,0.9813
1799,817,30307,95.3752,155.6913,381.4314,422.8814,0.9763
1800,817,27652,95.7632,853.8771,220.8922,205.4876,0.975
1801,817,3482,587.0468,845.7138,283.5959,164.5748,0.9711
1802,818,16231,142.5513,846.284,196.4812,191.5502,0.9826
1803,818,30307,526.0257,676.4382,392.2562,430.091,0.9769
1804,818,27652,671.1564,255.9572,221.1898,199.4825,0.9703
1805,818,3482,131.7636,289.2882,276.424,173.9763,0.9692
1806,819,30307,81.0286,135.3736,371.6526,414.5714,0.9806
1807,819,16231,620.8526,221.8078,187.0211,183.5407,0.9761
1808,819,27652,61.3036,810.958,224.7142,210.1187,0.9708
1809,819,3482,558.5293,811.0389,289.1017,175.8834,0.9703
1810,820,3742,483.3112,149.8517,316.3944,301.0663,0.9803
1811,820,19551,488.4932,644.5649,332.4631,485.9301,0.9728
1812,820,4377,135.8819,103.5619,220.6374,440.5272,0.9715
1813,820,2482,99.1892,693.8012,208.9958,487.9937,0.9592
1814,822,19551,128.9678,108.5473,327.5658,481.8568,0.9722
1815,822,3742,131.233,813.4342,335.3783,328.4817,0.968
1816,822,4377,594.8174,703.1598,233.1016,466.6328,0.9639
1817,822,2482,622.6616,76.5663,192.0573,460.0535,0.9602
1818,826,3350,407.2205,860.7852,191.1354,191.9524,0.9744
1819,826,18146,538.8232,319.3071,301.6907,387.8734,0.9495
1820,826,38161,179.2094,203.4151,246.6498,256.8284,0.9442
1821,828,3350,382.4944,237.4382,184.1687,180.975,0.9677
1822,828,38161,553.2238,864.6625,246.782,248.8771,0.9506
1823,828,18146,132.671,574.4496,304.4408,407.1572,0.9128
1824,829,28762,97.9468,169.393,206.1568,198.1793,0.9798
1825,829,3482,538.2612,778.1873,264.8591,224.2666,0.9733
1826,829,27776,146.0057,774.9374,178.2436,205.7956,0.9727
1827,829,36636,639.2907,176.1349,178.4412,242.6506,0.9708
1828,830,28762,664.238,890.7907,226.3325,213.8957,0.9796
1829,830,3482,173.1588,274.8988,262.0141,219.7963,0.9702
1830,830,27776,639.2658,292.9918,174.5874,195.1427,0.9647
1831,830,36636,132.3396,827.2058,187.9052,256.5629,0.9574
1832,831,28762,112.6105,174.247,212.2096,202.7781,0.9761
1833,831,36636,667.4987,179.7754,183.743,248.2501,0.973
1834,831,3482,566.3166,812.5516,262.6743,219.9441,0.971
1835,831,27776,179.1896,812.1381,174.2001,199.0305,0.9587
1836,832,18109,61.3705,125.7956,303.4455,287.5488,0.9856
1837,832,16547,608.9977,163.0411,234.1109,224.548,0.9778
1838,832,1899,622.2658,889.0239,208.7643,137.8254,0.9684
1839,832,21025,137.553,868.0132,180.894,176.55,0.9608
1840,838,27925,92.4091,614.803,269.7664,484.7937,0.9798
1841,838,16547,594.8631,163.3229,228.5705,224.4814,0.9707
1842,838,1899,142.118,240.6947,198.3787,128.4802,0.9696
1843,838,33207,587.6268,800.0307,214.8114,205.0381,0.9676
1844,842,27732,565.349,259.8836,300.8968,267.5192,0.9781
1845,842,34596,469.273,670.7946,464.3646,426.7738,0.976
1846,842,16261,152.2989,801.8872,247.2767,242.1777,0.9707
1847,842,3482,121.2626,308.0286,272.1749,197.6782,0.9612
1848,851,22626,112.273,160.3381,299.1971,482.6764,0.9722
1849,851,3742,122.5127,835.9625,329.8988,333.9558,0.9692
1850,851,22361,609.1576,736.9228,271.1625,415.9974,0.9649
1851,851,2482,629.9252,105.1169,198.2521,466.2351,0.9577
1852,855,3742,127.7608,813.2622,337.7748,329.4702,0.9707
1853,855,2482,623.9448,77.508,190.6821,459.6904,0.9651
1854,855,4377,594.618,702.9058,233.7537,467.6562,0.9631
1855,855,12777,86.9529,127.7086,306.8548,532.5627,0.9527
1856,857,31862,575.1182,746.4594,207.7938,211.1812,0.9845
1857,857,16261,91.8979,679.703,249.5957,244.3999,0.9667
1858,857,3350,338.5004,134.268,182.6283,187.0553,0.964
1859,858,31862,614.606,835.7456,201.984,203.1646,0.9849
1860,858,16261,136.3188,770.5246,241.045,235.9281,0.9659
1861,858,3350,380.6516,190.1059,182.9642,182.5669,0.9656
1862,861,25437,123.7548,832.5842,260.3677,265.1492,0.9744
1863,861,19551,72.246,93.4088,337.8864,467.0414,0.9716
1864,861,12080,654.3718,707.3842,253.5478,465.1161,0.9698
1865,861,2482,566.6261,148.0378,301.7549,439.1348,0.9654
1866,862,34596,77.5012,136.7159,445.3948,412.6774,0.9757
1867,862,3482,602.2423,845.2855,276.9166,188.3282,0.9731
1868,862,25468,86.2982,829.3818,342.7162,302.3469,0.9681
1869,862,36636,676.0117,172.0032,172.1691,254.4749,0.9671
1870,864,25468,49.573,786.8744,351.8914,303.2016,0.9781
1871,864,34596,64.5496,105.2022,437.4311,419.7492,0.9755
1872,864,3482,575.0636,811.2406,279.4385,193.5192,0.9731
1873,864,36636,647.4171,168.5663,166.8312,249.688,0.9655
1874,866,3831,475.3325,558.1307,388.4648,375.3116,0.9675
1875,866,3350,306.501,173.3194,184.8201,189.108,0.9585
1876,866,16687,38.5359,521.9975,431.6642,579.3199,0.9432
1877,867,16687,73.3734,623.5686,435.0589,578.8709,0.9709
1878,867,3831,518.3896,656.3185,381.0688,364.3111,0.9636
1879,867,3350,347.686,233.9487,183.331,182.4854,0.9604
1880,868,16231,648.0108,230.3246,192.9407,182.151,0.9851
1881,868,27652,94.9305,853.5996,220.7082,205.1024,0.9696
1882,868,3482,586.7306,845.5922,284.1955,165.314,0.9686
1883,868,31884,32.5676,56.4769,407.0758,509.668,0.95
1884,869,16231,620.7915,221.7022,187.1105,183.5725,0.974
1885,869,27652,61.7744,811.447,224.1984,209.7348,0.9716
1886,869,3482,558.0496,811.4372,287.8252,175.4492,0.9701
1887,869,31884,20.4147,36.2732,391.1814,505.4406,0.9605
1888,870,16231,142.4195,846.3908,196.2845,191.4653,0.9814
1889,870,3482,131.9532,288.8236,276.2523,173.6948,0.9686
1890,870,27652,670.7868,255.8662,221.4968,199.3276,0.9681
1891,870,31884,570.5008,676.8258,402.5524,518.6739,0.9615
1892,873,16687,73.169,621.8884,439.079,580.5944,0.97
1893,873,3350,343.8653,225.3782,184.0809,182.7547,0.9668
1894,873,18146,628.6043,670.7907,273.8434,424.7885,0.9287
1895,874,16231,627.7558,220.8965,186.8036,183.8272,0.9794
1896,874,3482,625.0758,718.8636,208.4263,269.8046,0.974
1897,874,20876,85.5721,725.3463,331.9134,240.8635,0.9733
1898,874,31884,147.5758,150.8835,424.635,484.9438,0.959
1899,875,16231,655.3058,230.7104,192.3336,180.173,0.9846
1900,875,20876,117.9445,767.9181,329.985,228.8752,0.9806
1901,875,3482,651.0625,749.5658,210.6862,268.6537,0.9718
1902,875,31884,162.9836,179.8874,446.0838,480.678,0.9457
1903,878,34596,76.5936,130.4101,331.635,487.8435,0.9804
1904,878,3482,588.7864,845.204,282.911,164.073,0.9722
1905,878,27652,96.7707,854.442,220.9181,205.5156,0.9704
1906,878,36636,645.1958,207.6381,186.4831,247.2993,0.9654
1907,879,3482,560.0063,810.989,287.6152,175.486,0.9722
1908,879,36636,616.0126,201.4223,182.0355,243.6955,0.9702
1909,879,34596,62.6215,96.4747,316.0496,493.9152,0.9695
1910,879,27652,62.3495,811.4189,224.8027,210.5528,0.9682
1911,880,23222,515.5522,606.3486,293.7768,507.3056,0.9783
1912,880,13394,68.478,91.5707,231.3436,479.653,0.9729
1913,880,5093,511.02,159.6413,267.7426,264.204,0.9659
1914,880,2482,78.7392,670.0155,217.2406,485.098,0.9642
1915,882,23222,128.2796,93.6728,299.0478,502.0542,0.9792
1916,882,13394,643.7906,669.795,235.0826,495.1682,0.9742
1917,882,5093,149.7829,835.8803,276.7299,274.1242,0.9654
1918,882,2482,639.0931,59.5364,222.1221,483.701,0.9552
1919,883,28762,142.6191,230.3815,212.776,204.0862,0.9776
1920,883,16231,630.5396,218.7792,189.275,187.1783,0.9745
1921,883,3482,602.4406,844.6629,277.6094,188.8111,0.9727
1922,883,25468,51.7249,857.424,371.1472,217.9828,0.9574
1923,886,31862,162.1098,285.3943,206.47,205.1745,0.9791
1924,886,35205,543.1866,263.6777,269.1373,385.77,0.9783
1925,886,3350,410.6834,892.0065,188.8706,190.65,0.9717
1926,888,31862,612.2194,835.9542,202.7503,203.639,0.988
1927,888,35205,166.4611,646.5603,261.579,393.5399,0.9804
1928,888,3350,380.6358,205.6657,184.8846,183.8244,0.959
1929,889,16231,134.2817,847.3412,195.5949,190.7558,0.9856
1930,889,28762,708.7904,888.728,223.8121,213.173,0.9782
1931,889,20876,542.8066,293.2341,329.1572,236.4367,0.9771
1932,889,3482,142.1002,293.4989,211.5049,253.1707,0.9696
1933,891,28762,56.6312,172.3544,207.2398,198.3098,0.9877
1934,891,16231,627.1811,220.6622,187.6309,182.8226,0.9759
1935,891,3482,625.2656,718.7188,208.7892,270.6022,0.9753
1936,891,20876,84.9766,725.4348,332.4501,241.6988,0.9732
1937,894,25366,28.4239,24.885,407.2224,442.7738,0.9791
1938,894,3482,624.2262,720.2251,209.2871,269.5275,0.9737
1939,894,20876,84.5165,724.8028,332.4019,241.7023,0.9735
1940,894,36636,606.1384,204.4833,176.7881,245.3412,0.9684
1941,895,10220,584.656,775.2292,224.7617,220.6973,0.9766
1942,895,16550,537.2696,40.7097,291.9453,454.9992,0.975
1943,895,3543,94.6083,222.9131,201.069,197.9972,0.9685
1944,895,21025,100.8278,820.282,179.4628,179.839,0.9624
1945,896,16550,564.0116,46.0233,301.4064,470.8656,0.9749
1946,896,3543,109.2243,233.1916,207.6496,198.5761,0.9736
1947,896,10220,611.6237,814.0336,221.7494,214.0441,0.9673
1948,896,21025,135.3523,854.395,176.4854,177.0422,0.9672
1949,897,10220,168.5732,275.0769,219.758,213.2611,0.9769
1950,897,16550,117.527,722.0906,313.0198,487.0552,0.9719
1951,897,3543,675.8361,835.9862,215.2273,210.293,0.9675
1952,897,21025,677.5561,285.1187,177.465,172.5238,0.9525
1953,898,3543,121.0516,172.1652,200.7287,197.9597,0.9793
1954,898,27925,567.543,585.3947,262.2638,482.9633,0.976
1955,898,16547,74.3245,778.0112,237.7034,232.9527,0.9742
1956,898,12246,619.2337,205.7144,173.8992,186.6206,0.9588
1957,900,27925,596.2641,629.6524,257.0072,476.1281,0.9799
1958,900,3543,135.0947,177.4687,208.3057,201.1971,0.9758
1959,900,16547,108.4078,821.0507,233.8602,225.6617,0.9757
1960,900,12246,647.7174,206.4717,176.2723,187.8287,0.9616
1961,904,30307,161.1811,56.3775,293.0145,469.5764,0.9812
1962,904,20237,643.8283,188.9059,226.2888,218.0962,0.9709
1963,904,3482,609.4269,790.6966,271.8628,209.4295,0.9687
1964,904,27732,123.942,768.6046,311.9534,273.711,0.9626
1965,906,30307,554.0262,720.5734,288.3953,486.0674,0.9883
1966,906,27732,564.7354,259.5563,301.9333,267.8658,0.9825
1967,906,20237,113.8975,854.7551,231.3254,226.2883,0.9728
1968,906,3482,122.1176,307.9221,271.3532,197.8092,0.9634
1969,908,31862,575.415,746.4258,207.6209,210.9746,0.9837
1970,908,20237,116.4749,715.7463,226.7192,227.5906,0.9753
1971,908,3350,305.3328,193.3819,183.7843,188.8819,0.9592
1972,910,25366,514.0262,702.3061,452.3902,438.2102,0.9781
1973,910,3482,175.5444,274.3707,262.0753,219.9494,0.9712
1974,910,29666,127.3834,879.7922,229.7718,227.3923,0.9689
1975,910,27776,640.8886,294.5032,175.4006,195.2729,0.9657
1976,912,25366,32.2141,106.2799,427.5076,421.9388,0.977
1977,912,3482,536.6344,778.946,264.6082,225.512,0.9742
1978,912,27776,143.6656,773.4744,179.0386,206.0613,0.9738
1979,912,29666,602.8538,161.3422,217.4044,213.7316,0.9646
1980,914,13899,555.7248,708.5686,203.5481,249.7674,0.9776
1981,914,35205,41.9506,613.9585,343.6776,354.0666,0.976
1982,914,3350,369.2688,124.5738,182.6753,186.8107,0.9638
1983,915,35205,88.7708,710.485,335.0359,347.4396,0.9813
1984,915,13899,595.7862,798.9123,198.1965,242.8005,0.9732
1985,915,3350,412.1494,180.7034,183.673,181.9846,0.9681
1986,916,27732,564.7858,259.6274,302.4341,268.1894,0.9834
1987,916,16231,140.2207,891.8627,198.3227,193.4586,0.977
1988,916,25366,504.896,682.0324,460.0763,427.0536,0.9739
1989,916,3482,121.4174,307.9625,272.0443,197.7225,0.9627
1990,919,30307,491.63,679.7638,376.1102,441.2192,0.982
1991,919,27732,563.7451,259.1148,301.3403,268.6311,0.98
1992,919,36636,100.1895,881.7602,269.5266,179.6535,0.9706
1993,919,3482,120.6646,309.0149,271.6916,197.9612,0.9632
1994,920,30307,128.7563,122.3874,356.2587,426.385,0.9805
1995,920,3482,579.8124,758.84,276.3015,207.1282,0.972
1996,920,27732,87.385,725.1638,321.0132,284.1753,0.966
1997,920,36636,593.5475,203.4175,251.6525,167.7992,0.9639
1998,923,20876,543.973,293.4292,328.7476,236.6862,0.977
1999,923,25366,544.0582,710.3553,430.5142,452.7672,0.9743
2000,923,3482,143.1809,291.8776,212.141,255.4707,0.9682
2001,923,16261,109.6856,835.3756,247.684,241.6172,0.9672
2002,925,16231,144.8407,898.843,195.2518,192.9422,0.9801
2003,925,34596,485.2266,629.3556,440.2318,451.7188,0.9711
2004,925,3482,152.1392,219.7054,244.4444,219.6176,0.9696
2005,925,19860,638.1852,277.5131,219.5344,171.3129,0.9684
2006,927,19860,90.8856,825.9468,227.3302,177.9227,0.9881
2007,927,16231,618.4336,172.6071,184.8091,182.4964,0.9849
2008,927,34596,64.802,143.9323,416.3106,437.1616,0.9802
2009,927,3482,573.3748,837.9506,260.5615,229.6376,0.9698
2010,929,16231,602.4104,212.9284,184.5286,183.1256,0.976
2011,929,25468,12.1393,812.2392,384.5138,222.095,0.9728
2012,929,3482,575.5389,811.3615,279.6946,192.3047,0.9706
2013,929,31884,30.666,37.6407,406.0058,491.68,0.9554
2014,930,16231,163.2748,855.9014,193.8738,191.4149,0.9793
2015,930,3482,124.6205,271.8318,271.6767,188.8715,0.9697
2016,930,25468,572.3799,230.96,378.2448,217.2989,0.969
2017,930,31884,539.5622,687.7224,431.7445,512.3274,0.9602
2018,931,19606,166.2009,917.8237,158.7937,154.5794,0.9797
2019,931,1899,178.5347,268.3378,129.611,199.7528,0.9742
2020,931,16550,479.1209,240.0497,486.2638,268.9747,0.9688
2021,931,29344,577.7923,718.0254,319.4379,421.224,0.9553
2022,932,19606,132.8994,887.0375,159.1204,156.9174,0.9789
2023,932,1899,160.3127,258.9124,126.5079,199.1479,0.9688
2024,932,16550,453.5559,219.1784,476.9337,272.2946,0.9565
2025,932,29344,551.1383,679.7424,324.7082,432.2813,0.9536
2026,933,19606,667.4096,252.2032,155.7508,151.0881,0.9771
2027,933,1899,687.77,805.5379,129.9844,208.9703,0.9752
2028,933,16550,23.876,734.5962,490.9704,285.4004,0.9566
2029,933,29344,117.1427,165.7837,306.8038,402.1578,0.945
2030,936,19551,118.8717,191.9811,307.2726,495.2992,0.9688
2031,936,25437,111.1918,842.093,259.6588,266.9602,0.9675
2032,936,2482,599.4655,101.7606,247.6032,459.4542,0.9568
2033,936,4377,654.5674,702.4462,217.794,476.0849,0.9505
2034,937,3742,128.6457,812.9758,336.8919,329.2918,0.9705
2035,937,2482,622.3498,77.2935,192.5748,459.5184,0.9631
2036,937,4377,595.6564,702.9448,232.6876,466.6801,0.9627
2037,937,6191,126.2041,93.9144,294.7605,537.857,0.9579
2038,938,3742,127.0156,802.1948,329.7309,315.2717,0.9768
2039,938,4377,588.9132,702.3598,224.9496,449.873,0.9726
2040,938,6191,127.0086,69.0384,291.8189,531.014,0.966
2041,938,2482,631.2547,33.7226,199.1805,480.1536,0.9594
2042,940,16231,644.2218,322.1316,189.808,189.6433,0.9754
2043,940,18146,207.8876,229.1718,212.8899,410.5416,0.9714
2044,940,3350,423.9335,898.4264,187.753,189.8877,0.9712
2045,941,16231,90.6894,711.3874,192.7771,193.5221,0.9779
2046,941,3350,326.4015,142.4764,184.6491,187.9362,0.9611
2047,941,18146,520.3304,554.2477,211.5484,441.8886,0.9325
2048,941,3831,692.2424,1157.6445,283.7576,122.2484,0.0934
2049,942,16231,132.8492,800.2914,190.587,188.4168,0.9851
2050,942,3350,367.8266,200.1072,184.5376,182.5658,0.9626
2051,942,18146,557.4334,645.0913,215.0195,444.0526,0.9247
2052,945,3482,151.7315,219.9798,245.3736,219.3029,0.9705
2053,945,20237,112.7208,856.1603,229.7674,226.1182,0.9688
2054,945,25366,633.984,644.1362,308.7969,515.6746,0.9679
2055,945,19860,637.5428,277.1724,219.7898,171.5216,0.9675
2056,947,16231,141.9042,846.502,196.0185,191.3046,0.982
2057,947,28762,591.0772,887.1471,225.3922,212.5872,0.9784
2058,947,27652,671.6341,255.4542,220.6219,199.6093,0.9706
2059,947,3482,132.173,288.7781,275.3159,173.6509,0.9695
2060,948,16231,648.2264,229.9648,193.0104,181.9844,0.9853
2061,948,28762,184.9004,177.7017,210.5668,203.1054,0.9783
2062,948,3482,586.974,845.2999,284.6178,166.0723,0.9686
2063,948,27652,94.8711,853.7218,221.1358,205.4766,0.9659
2064,949,20876,542.7802,293.8284,329.3226,236.2502,0.9781
2065,949,30307,502.213,723.8291,426.7984,402.8309,0.9769
2066,949,3482,142.6245,292.6083,211.456,254.3815,0.9685
2067,949,16261,108.9341,835.8056,248.0794,241.7496,0.9678
2068,950,30307,73.6184,118.1632,397.717,385.794,0.9812
2069,950,3482,625.0194,719.6184,208.0506,269.9832,0.9744
2070,950,20876,84.9575,724.7824,332.5648,241.3316,0.9744
2071,950,16261,602.108,185.9345,236.2417,228.8135,0.9718
2072,951,20876,117.4378,768.0864,330.0742,229.9552,0.9833
2073,951,30307,86.5989,136.3181,411.3444,392.6385,0.9775
2074,951,3482,650.8875,750.605,209.9416,268.2548,0.9703
2075,951,16261,630.5902,191.3197,241.4432,232.7296,0.9682
2076,952,30307,560.8512,649.2136,393.7656,430.6714,0.9801
2077,952,25468,572.6538,231.0478,377.7812,217.4815,0.9692
2078,952,3482,124.3262,272.1306,272.3731,188.6418,0.9677
2079,952,16261,166.5376,834.646,248.1962,240.871,0.967
2080,953,30307,48.0135,160.4925,370.0203,416.289,0.9805
2081,953,16261,547.6654,187.9121,236.806,229.8977,0.978
2082,953,25468,12.1559,812.0022,384.4757,222.4434,0.9714
2083,953,3482,575.6432,810.8128,279.2928,193.0599,0.9702
2084,954,30307,62.7814,181.613,382.617,423.8601,0.978
2085,954,3482,602.2734,844.7227,277.7186,188.5309,0.9725
2086,954,16261,574.7451,195.2568,241.4025,231.0081,0.9677
2087,954,25468,50.9263,856.6603,372.1083,218.5676,0.9621
2088,956,27925,600.9064,674.2322,250.9582,478.7365,0.9815
2089,956,19606,142.7987,862.9176,157.6406,153.3377,0.9809
2090,956,16550,594.9064,0.0,309.3808,446.425,0.9763
2091,956,1899,159.2963,248.8622,201.256,126.5494,0.9734
2092,957,27925,147.7056,142.2858,256.2524,456.7949,0.9851
2093,957,16550,80.8026,784.8315,309.2731,492.4517,0.9776
2094,957,19606,689.416,299.8051,156.6306,147.8189,0.9771
2095,957,1899,629.4543,895.1541,210.508,133.6596,0.968
2096,962,29450,475.1798,779.9148,401.6274,271.1086,0.9849
2097,962,19606,143.5186,848.7424,159.3766,157.3008,0.9787
2098,962,16550,625.7564,106.947,283.297,474.1154,0.9713
2099,962,1899,149.2751,240.3851,180.341,181.0506,0.9658
2100,966,31704,134.0708,128.7976,243.1064,417.943,0.9817
2101,966,18109,611.3677,219.6651,297.4096,284.5685,0.9801
2102,966,16547,125.776,852.0862,242.6758,238.1436,0.9668
2103,966,1899,654.3763,902.4321,213.9108,148.1526,0.9653
2104,967,29666,587.6507,305.3972,225.757,222.403,0.9684
2105,967,3350,408.9484,887.8408,185.7783,190.1644,0.9639
2106,967,41767,127.0264,301.6433,258.1442,295.649,0.9522
2107,968,29666,110.8148,696.3585,233.8426,233.0941,0.9669
2108,968,3350,342.2352,156.168,183.4219,187.5646,0.9639
2109,968,41767,557.7788,623.2494,268.0967,308.6894,0.94
2110,972,21770,126.0737,774.979,193.6192,188.0949,0.9803
2111,972,27925,573.592,629.7198,256.2846,485.9378,0.9746
2112,972,16550,574.4088,16.0984,326.3182,437.0258,0.9734
2113,972,1899,142.3887,241.2435,198.3115,128.8548,0.9699
2114,973,21770,182.1539,885.0463,192.9215,186.8609,0.9807
2115,973,1899,181.0133,265.6006,129.7078,200.1686,0.974
2116,973,16550,572.9967,83.2761,302.6642,467.6263,0.9729
2117,973,29344,614.71,715.8556,281.7056,449.4552,0.9505
2118,974,16550,544.7688,73.4361,294.9851,458.6936,0.9742
2119,974,1899,162.826,257.189,127.1163,198.5995,0.968
2120,974,21770,149.0012,850.1994,194.9386,189.2729,0.9677
2121,974,29344,589.8352,677.2834,282.5249,458.5906,0.9615
2122,975,21770,618.305,251.0822,187.6149,180.1828,0.9789
2123,975,1899,685.3289,806.9394,129.7996,209.6988,0.9729
2124,975,16550,104.123,687.5598,323.3938,482.0973,0.9698
2125,975,29344,117.4817,154.7322,271.0654,410.8641,0.9475
2126,979,18356,71.2624,551.7165,285.2555,335.893,0.9851
2127,979,22073,584.6626,708.6635,186.214,194.9657,0.9815
2128,979,3350,392.4067,157.814,183.4468,186.1741,0.9603
2129,979,3831,772.0981,0.0,203.9019,91.6491,0.2912
2130,980,22073,171.6695,312.0768,184.889,189.3184,0.9793
2131,980,18356,579.174,308.294,275.7378,318.3367,0.9726
2132,980,3350,354.6646,871.9995,189.1869,189.8613,0.2701
2133,982,23222,98.9429,113.977,299.169,508.708,0.979
2134,982,13394,636.1208,675.5561,243.0866,512.1466,0.9716
2135,982,3742,115.8972,839.1777,329.8562,331.1455,0.9694
2136,982,2482,661.4289,116.86,210.6445,469.3284,0.9652
2137,983,23222,102.0908,86.0365,294.8055,501.7158,0.9761
2138,983,3742,115.4825,827.6698,322.8188,319.2984,0.9693
2139,983,13394,627.2392,676.256,230.7456,496.1482,0.967
2140,983,2482,671.4562,81.3358,203.0107,482.7596,0.9588
2141,984,23222,543.916,616.1032,287.206,507.0071,0.9761
2142,984,3742,497.2927,125.7691,312.2188,304.9131,0.9741
2143,984,13394,85.4437,83.605,230.7323,481.1894,0.9737
2144,984,2482,61.4379,652.131,198.5208,482.1872,0.9571
2145,985,29450,523.7858,805.5247,417.1595,229.173,0.9779
2146,985,16547,578.1272,188.1264,229.3862,222.5221,0.9662
2147,985,24849,119.4814,738.636,198.3564,284.0137,0.9653
2148,985,1899,139.6678,219.3823,202.1807,148.0759,0.965
2149,986,29450,47.1991,230.496,401.152,229.3635,0.9807
2150,986,24849,645.7582,257.72,188.1439,267.5876,0.9716
2151,986,16547,143.5691,836.4806,240.8308,237.966,0.9704
2152,986,1899,631.3496,898.0937,211.2634,155.9986,0.9604
2153,988,19860,124.634,865.254,220.8671,167.8041,0.9743
2154,988,3482,600.1322,869.1199,258.0168,229.7524,0.9725
2155,988,22346,158.5899,182.1187,206.158,197.9948,0.9717
2156,988,36636,620.2224,199.739,265.1424,150.78,0.9684
2157,989,19860,89.4402,825.4131,226.6758,178.3969,0.9879
2158,989,22346,142.7207,176.9478,200.7564,194.4284,0.9766
2159,989,3482,572.108,838.3125,259.4348,230.7047,0.9697
2160,989,36636,591.5362,194.0769,259.4666,153.6034,0.9647
2161,990,22346,627.4852,888.0264,213.6459,207.2828,0.9772
2162,990,19860,639.7688,276.7927,219.7988,172.1052,0.9699
2163,990,3482,153.8024,218.1613,244.6844,219.7922,0.9684
2164,990,36636,94.4635,903.8584,273.7128,168.1825,0.9652
2165,991,10220,584.5119,775.2814,224.7905,220.2555,0.9739
2166,991,16547,574.0216,221.8888,230.0788,225.3668,0.9723
2167,991,3543,94.1492,222.6864,201.0451,197.9536,0.9692
2168,991,21025,101.1059,820.157,178.7997,180.1711,0.9586
2169,993,3543,109.198,233.209,206.8536,198.5642,0.9734
2170,993,10220,612.6251,814.1882,220.957,214.2052,0.9677
2171,993,21025,135.3771,854.2248,176.7434,177.4582,0.967
2172,993,16547,601.2858,233.2709,235.4214,226.121,0.9657
2173,994,30307,508.0566,752.924,396.4975,433.8122,0.98
2174,994,16261,116.5272,845.2328,250.0212,243.407,0.9763
2175,994,3482,131.6535,289.2672,275.94,173.4305,0.9688
2176,994,27652,670.1642,255.757,221.975,199.6356,0.9682
2177,996,30307,111.8842,75.8906,387.4863,421.6959,0.9779
2178,996,3482,587.6374,845.4756,283.6402,165.2668,0.9703
2179,996,16261,623.2588,181.2201,239.6882,232.3808,0.9694
2180,996,27652,94.8982,853.5246,221.4132,205.089,0.9663
2181,997,16550,590.323,62.6865,280.2558,469.139,0.9816
2182,997,21770,122.9358,806.9166,196.0081,185.1248,0.9787
2183,997,29450,462.4516,810.6672,418.5291,220.6156,0.9757
2184,997,1899,149.0368,240.0809,181.1858,180.8342,0.9666
2185,998,21770,155.993,840.5455,193.7469,183.9206,0.9717
2186,998,1899,167.083,247.7148,183.768,181.7866,0.9706
2187,998,16550,618.9484,68.967,289.1008,483.2605,0.9705
2188,998,29450,490.761,847.619,413.7654,216.2515,0.9697
2189,999,21770,643.1839,291.352,189.805,179.1928,0.9849
2190,999,1899,643.1416,844.8752,190.3315,188.6535,0.9695
2191,999,16550,83.6364,685.9578,289.386,499.0641,0.9693
2192,999,29450,106.8234,234.8995,402.0971,220.0272,0.9678
2193,1003,16231,647.7992,183.8476,192.7981,180.2024,0.9867
2194,1003,34596,37.6318,163.6908,448.4364,410.6137,0.9805
2195,1003,3482,608.1902,790.9984,272.9375,209.0424,0.9679
2196,1003,27732,124.1697,767.3984,312.5079,274.1083,0.9599
2197,1004,27732,565.2765,260.1448,301.2106,267.5813,0.9811
2198,1004,16231,140.5451,891.9627,198.187,193.4083,0.9797
2199,1004,34596,508.0049,661.1239,464.042,435.8558,0.9768
2200,1004,3482,121.8047,307.8045,271.6561,198.0071,0.9629
2201,1005,16231,620.2394,178.1773,187.075,182.8872,0.9741
2202,1005,3482,578.2178,760.6994,275.8229,206.908,0.97
2203,1005,27732,85.4072,726.6906,321.9398,282.6766,0.9683
2204,1005,34596,24.7037,127.0023,434.563,419.1751,0.966
2205,1006,25366,47.3012,177.3719,439.5327,424.2878,0.9761
2206,1006,3482,602.2378,844.6584,277.9904,188.6701,0.9728
2207,1006,20237,617.171,194.8745,227.2368,217.2845,0.9685
2208,1006,25468,51.0319,856.4537,371.9622,218.7969,0.9603
2209,1007,25366,31.2614,153.9229,428.6251,423.7176,0.9782
2210,1007,20237,589.2627,189.9877,222.0432,214.3406,0.9742
2211,1007,25468,12.0925,811.555,384.0284,223.0406,0.9729
2212,1007,3482,575.5064,810.6845,279.9046,193.7054,0.9711
2213,1009,22346,79.7358,198.0478,198.9659,194.1963,0.9775
2214,1009,16261,547.0284,187.6386,237.3921,229.4922,0.9769
2215,1009,3482,575.3841,810.5744,279.5291,192.8977,0.9708
2216,1009,25468,12.3487,812.5919,383.6856,221.7291,0.9647
2217,1010,3482,602.4242,844.7016,277.3334,189.5712,0.9736
2218,1010,22346,94.3861,205.8564,204.9105,198.3421,0.9713
2219,1010,16261,574.0704,194.8725,242.2568,231.2932,0.968
2220,1010,25468,51.2195,857.4127,371.5926,218.178,0.9622
2221,1012,27925,573.105,630.3704,258.3755,484.6144,0.9754
2222,1012,16547,614.0843,159.1812,228.8381,223.5234,0.9701
2223,1012,1899,142.0764,241.6216,199.1281,128.8693,0.9673
2224,1012,24849,141.3562,702.522,183.7929,296.0535,0.9607
2225,1013,27925,147.3002,142.5367,253.9694,455.505,0.9862
2226,1013,16547,105.8131,866.207,239.5034,236.4911,0.9752
2227,1013,24849,638.2258,272.656,174.8764,277.1488,0.9705
2228,1013,1899,629.9516,893.6432,210.0215,133.6765,0.9689
2229,1014,27925,602.6383,674.7884,251.2308,478.534,0.9797
2230,1014,1899,158.9251,250.9757,201.3341,125.9204,0.9739
2231,1014,24849,173.109,740.294,181.5691,290.9828,0.9726
2232,1014,16547,641.0464,165.3448,235.8555,223.7343,0.9722
2233,1015,30307,68.7799,124.0679,398.4065,407.0162,0.9837
2234,1015,35205,662.0446,174.9978,219.8988,401.159,0.9828
2235,1015,20876,118.322,768.0896,329.9784,229.3132,0.9816
2236,1015,3482,650.8666,749.0366,211.3332,269.609,0.9722
2237,1016,20876,542.0436,294.1967,329.6344,236.2838,0.9793
2238,1016,35205,97.0818,671.272,233.9091,409.5462,0.9764
2239,1016,30307,534.2931,722.2008,416.0494,415.4954,0.9762
2240,1016,3482,143.0254,293.699,209.5245,253.7543,0.9701
2241,1018,27732,561.384,256.3378,299.9824,265.6778,0.9809
2242,1018,30307,443.535,742.8512,474.9592,308.5981,0.9804
2243,1018,29666,87.4223,862.9692,230.3414,226.3254,0.9734
2244,1018,3482,121.2123,308.0225,272.4076,197.7011,0.9622
2245,1019,27732,129.5745,773.3768,312.6655,276.6177,0.977
2246,1019,3482,607.974,790.9048,273.5176,209.0084,0.9677
2247,1019,30307,93.966,209.8758,460.2598,301.6114,0.9567
2248,1019,29666,669.5536,181.9891,224.4535,211.7835,0.9564
2249,1020,30307,77.0602,188.117,453.8612,300.1736,0.9779
2250,1020,3482,578.2422,759.8232,276.3464,206.2812,0.972
2251,1020,27732,89.7284,732.0927,322.6777,280.4538,0.9671
2252,1020,29666,639.7526,177.8513,219.0594,212.9366,0.965
2253,1022,29450,36.5446,802.7251,419.2188,221.8496,0.9842
2254,1022,16550,627.0678,24.4159,281.3403,466.3318,0.9756
2255,1022,1899,149.3487,241.3447,180.3307,179.907,0.9656
2256,1022,33207,583.2776,810.9917,211.9228,203.8641,0.9565
2257,1023,16550,654.3566,27.9028,292.7203,482.8245,0.9758
2258,1023,29450,73.0557,844.1559,411.0668,215.8512,0.9754
2259,1023,33207,611.6131,843.5713,208.8318,198.7418,0.9736
2260,1023,1899,167.3764,247.906,182.6612,182.347,0.9711
2261,1025,20876,542.9172,293.653,329.6992,235.9809,0.9772
2262,1025,28762,641.5498,863.2598,224.689,210.7356,0.9743
2263,1025,3482,142.1308,292.7506,211.8004,254.107,0.9694
2264,1025,16261,109.144,836.734,247.8672,240.9352,0.9651
2265,1026,20876,117.4245,768.8986,330.1588,229.2549,0.9822
2266,1026,28762,135.173,205.8329,211.1073,201.6805,0.9796
2267,1026,3482,650.2264,750.4514,210.945,268.5676,0.9741
2268,1026,16261,629.8706,191.3064,242.4616,232.9593,0.9714
2269,1027,13899,190.7276,284.4046,197.1431,235.2893,0.9793
2270,1027,16231,599.7304,261.5324,187.4355,186.3231,0.9532
2271,1027,3350,354.7203,882.7748,189.3819,191.9887,0.8755
2272,1028,16231,135.74,779.927,190.2507,188.7377,0.9781
2273,1028,13899,554.3455,709.0129,204.5703,247.2748,0.9779
2274,1028,3350,391.6014,157.0528,184.0541,187.8172,0.9678
2275,1029,13899,594.5254,798.5166,199.3976,241.5049,0.9782
2276,1029,16231,179.8515,866.7313,186.2362,190.4758,0.9678
2277,1029,3350,435.665,214.8752,184.5787,183.1015,0.9533
2278,1030,3482,579.2077,759.927,275.7786,207.301,0.9718
2279,1030,27732,86.4075,725.543,321.7137,282.985,0.9689
2280,1030,34596,48.687,143.5672,443.5596,410.6838,0.9673
2281,1030,35205,569.7122,118.5834,249.8058,380.9266,0.8921
2282,1034,28762,648.6142,882.3486,223.7398,213.5375,0.9775
2283,1034,19860,638.3468,277.0236,219.2544,171.4684,0.9728
2284,1034,3482,152.3746,220.3198,244.5008,217.7345,0.9699
2285,1034,36636,94.408,904.8187,273.4631,168.1807,0.967
2286,1039,28762,127.3054,213.4442,211.5551,202.8223,0.9841
2287,1039,3482,602.3438,844.5596,277.7406,189.0055,0.9729
2288,1039,16261,574.3994,194.9342,241.5689,231.2542,0.9675
2289,1039,25468,51.2844,857.4188,371.5274,218.1633,0.9582
2290,1041,28762,650.8455,852.861,223.9418,213.2908,0.9781
2291,1041,25468,572.3326,230.4938,378.2928,217.8673,0.969
2292,1041,3482,124.5499,271.2995,272.3854,188.7865,0.9684
2293,1041,16261,166.5078,835.5771,247.9978,239.6154,0.9614
2294,1043,35205,517.7828,604.0072,241.5158,418.3296,0.9827
2295,1043,18356,49.2281,627.3248,268.1229,354.6027,0.9789
2296,1043,3350,314.3873,170.4359,182.2404,185.5419,0.9616
2297,1043,3831,0.0,1197.0028,258.8236,82.6606,0.1274
2298,1044,18356,91.5458,722.7669,268.042,353.3602,0.9842
2299,1044,35205,557.9638,698.3926,234.2187,413.9476,0.9833
2300,1044,3350,354.3882,227.7392,183.973,182.1368,0.9637
2301,1045,28762,134.0983,213.316,207.3934,198.1851,0.9838
2302,1045,3482,624.1254,719.6228,209.0424,269.5738,0.9722
2303,1045,20876,39.5745,754.9506,328.8527,250.6928,0.9713
2304,1045,29666,595.6526,178.4957,219.5693,213.5278,0.9691
2305,1046,28762,151.3231,222.4237,212.1095,202.2535,0.9818
2306,1046,20876,72.7189,799.6298,328.1588,240.7498,0.9765
2307,1046,3482,649.9248,751.4525,211.3966,267.9828,0.9737
2308,1046,29666,623.9047,182.6283,223.8322,215.7049,0.9699
2309,1047,28762,626.7679,844.8338,221.5046,210.9864,0.9764
2310,1047,29666,133.4593,863.2369,229.6114,225.1277,0.9749
2311,1047,20876,589.8271,259.3269,324.7558,241.7692,0.9717
2312,1047,3482,142.8595,292.3952,210.8812,254.0736,0.9689
2313,1050,22361,607.6706,779.0232,256.3824,407.2153,0.971
2314,1050,22626,92.3402,175.8545,336.0202,470.3704,0.9701
2315,1050,5093,136.286,844.9741,277.1539,276.6141,0.9655
2316,1050,2482,653.7188,83.7638,192.4148,483.7047,0.9584
2317,1051,23222,489.1768,664.29,381.526,463.4573,0.977
2318,1051,4377,139.7445,106.4666,210.02,437.7495,0.9717
2319,1051,5093,550.6829,190.5159,271.0773,268.9956,0.965
2320,1051,2482,91.3467,677.4419,225.7954,480.8336,0.9627
2321,1053,23222,75.367,79.1019,377.377,459.9421,0.9858
2322,1053,4377,592.3926,699.3562,215.903,452.683,0.9729
2323,1053,5093,104.8454,800.1354,279.36,273.4348,0.9678
2324,1053,2482,620.1806,49.8523,216.6547,484.7912,0.9604
2325,1055,3482,570.6416,767.8339,277.238,204.6685,0.9685
2326,1055,27732,79.8249,731.6986,327.5151,272.4375,0.9679
2327,1055,29666,648.1964,184.9757,220.6751,212.8004,0.9587
2328,1055,31884,59.5445,31.5032,416.9903,489.4394,0.9495
2329,1056,27732,117.736,772.9624,319.3699,266.7566,0.9715
2330,1056,3482,600.6006,799.1858,274.5378,206.1694,0.9673
2331,1056,31884,72.8386,50.4062,437.014,491.4492,0.9521
2332,1056,29666,678.2101,189.9048,225.4891,212.6448,0.9385
2333,1057,4377,641.2851,704.8188,222.2194,455.4399,0.9695
2334,1057,12777,83.132,75.5181,324.6134,502.2267,0.9646
2335,1057,25437,110.1444,829.2638,255.1982,253.1683,0.9612
2336,1057,2482,611.332,64.1686,242.3628,473.3994,0.9572
2337,1058,25437,111.3509,842.0969,259.3672,266.0125,0.9672
2338,1058,12777,87.0656,111.6644,320.8562,502.594,0.9641
2339,1058,2482,599.4715,103.177,248.7803,457.93,0.9593
2340,1058,4377,655.8574,704.4699,215.7247,472.6629,0.9524
2341,1060,22626,532.4267,644.5666,346.7236,472.1096,0.9735
2342,1060,13394,114.2477,47.5527,243.4546,486.532,0.9704
2343,1060,25437,555.3494,203.7309,246.8418,252.7734,0.9658
2344,1060,2482,114.2678,679.6276,214.4528,494.142,0.9586
2345,1064,34596,60.0007,133.3606,449.3246,413.1608,0.979
2346,1064,3482,602.7578,844.2136,277.3369,189.1996,0.973
2347,1064,20237,617.1632,194.5492,226.5888,217.8027,0.9709
2348,1064,25468,51.2176,856.5926,372.0059,218.4282,0.9624
2349,1065,20237,140.3706,849.7492,231.7277,225.4506,0.9792
2350,1065,34596,485.9724,688.063,461.2824,432.784,0.9743
2351,1065,25468,572.1522,230.936,378.8986,217.9712,0.9714
2352,1065,3482,124.7675,272.4766,272.4247,187.9438,0.9679
2353,1067,16261,116.8628,845.4941,249.8768,243.1699,0.9745
2354,1067,3482,131.5033,288.9458,276.3236,173.6247,0.9695
2355,1067,27652,670.771,256.1062,221.655,199.0873,0.9681
2356,1067,31884,560.1276,674.1277,395.6273,525.924,0.9568
2357,1069,21770,115.1434,204.4905,191.3596,184.6419,0.976
2358,1069,16547,644.846,166.0921,234.4728,225.0046,0.9697
2359,1069,1899,622.5042,889.4221,207.6301,137.6286,0.9668
2360,1069,21025,137.0766,868.2226,180.8229,176.7084,0.965
2361,1070,21770,686.0586,882.1688,198.7396,193.5519,0.9814
2362,1070,16547,102.9897,864.7783,238.3334,236.7122,0.9757
2363,1070,1899,173.4592,279.6268,204.0951,139.7013,0.9601
2364,1070,21025,672.9932,272.7364,178.191,172.5373,0.9414
2365,1073,22346,114.7941,199.1841,203.4815,193.5833,0.9776
2366,1073,3482,537.1888,779.2378,264.8135,224.7,0.9743
2367,1073,27776,144.5538,773.6924,178.7287,206.21,0.9738
2368,1073,36636,639.2985,176.2164,178.0208,243.1125,0.9706
2369,1075,3543,104.6082,161.1778,199.4058,198.0869,0.9797
2370,1075,4542,612.536,142.3387,201.8762,200.8211,0.9728
2371,1075,16550,96.7208,597.6964,334.8696,457.0766,0.9716
2372,1075,29870,604.0512,770.6736,204.4394,224.7754,0.9693
2373,1076,3543,669.9026,899.1119,214.1186,213.1074,0.9854
2374,1076,16550,540.7948,191.9995,321.1888,439.6528,0.9747
2375,1076,29870,169.9611,276.4252,202.5551,214.7446,0.9731
2376,1076,4542,133.4542,918.6891,212.8875,209.2047,0.9718
2377,1077,3543,118.1204,166.6595,205.8205,200.7506,0.9813
2378,1077,29870,632.0658,806.5402,202.6208,221.15,0.9791
2379,1077,4542,640.1247,141.8975,207.3536,203.2425,0.9763
2380,1077,16550,132.0443,647.0761,328.2243,453.5158,0.9722
2381,1079,22346,118.9393,219.1362,205.4417,197.9116,0.9829
2382,1079,20876,71.2988,798.596,326.7959,241.7111,0.9753
2383,1079,3482,647.1689,754.5982,211.503,266.867,0.9748
2384,1079,29666,625.603,185.5147,223.2486,215.25,0.9719
2385,1080,22346,102.7954,211.0821,200.6118,193.4992,0.9755
2386,1080,3482,620.6722,722.505,210.0738,270.107,0.9741
2387,1080,20876,38.4014,754.4915,327.7901,251.9379,0.9714
2388,1080,29666,596.5124,181.05,220.2336,213.658,0.968
2389,1081,21025,125.5642,866.0984,179.8038,176.3605,0.9701
2390,1081,16550,484.5625,204.702,454.7697,323.9201,0.9627
2391,1081,1899,609.8784,900.0934,206.6524,135.6957,0.9623
2392,1081,44198,93.7445,184.0217,254.2258,230.651,0.9514
2393,1085,16231,627.258,221.3178,187.4106,182.9885,0.978
2394,1085,25366,34.2837,129.8552,435.2226,410.7352,0.9737
2395,1085,20876,85.3282,724.1782,331.9581,242.4102,0.9728
2396,1085,3482,625.383,718.5586,208.3621,269.453,0.9719
2397,1087,31704,571.3854,676.2836,255.3224,450.9406,0.9803
2398,1087,16550,88.6677,589.6522,294.0376,482.1892,0.9772
2399,1087,10220,622.5124,205.5507,219.2795,212.9921,0.975
2400,1087,3543,135.0522,176.3914,200.9504,197.4902,0.9713
2401,1089,31704,151.4828,148.6249,253.6421,416.9915,0.9831
2402,1089,16550,584.6167,179.9193,287.6266,460.845,0.9806
2403,1089,10220,107.0987,834.4022,230.1061,224.3433,0.9798
2404,1089,3543,635.7426,887.3444,213.2556,211.238,0.9706
2405,1092,33008,568.0175,214.6087,321.8993,287.8776,0.9795
2406,1092,1899,652.1934,848.7427,210.2586,159.2531,0.9714
2407,1092,16547,83.2901,914.1955,242.1448,238.3415,0.9707
2408,1092,44198,137.0808,247.6081,236.4674,228.5251,0.969
2409,1093,16261,100.4996,851.373,248.4031,241.3544,0.9736
2410,1093,19860,637.881,277.3769,219.4705,171.6611,0.9712
2411,1093,3482,151.9472,219.6876,244.9892,219.1743,0.9702
2412,1093,34596,500.8131,693.4611,463.9794,435.5746,0.9687
2413,1095,34596,48.8874,125.3113,445.3228,414.0173,0.9802
2414,1095,19860,126.4534,865.7139,221.488,167.3739,0.9743
2415,1095,3482,601.9267,866.5952,257.6006,230.605,0.9727
2416,1095,16261,638.9194,176.9735,242.0261,231.3424,0.9656
2417,1096,6562,166.8817,671.9113,218.9467,364.3614,0.9743
2418,1096,3543,93.0656,197.9136,202.5903,197.6542,0.9686
2419,1096,16550,486.5379,114.4692,436.8942,323.7694,0.9661
2420,1096,27992,547.9394,777.7236,311.7238,238.7333,0.9597
2421,1097,6562,198.5726,714.4406,215.941,357.3227,0.9732
2422,1097,3543,108.7819,205.9298,207.4784,199.4653,0.9719
2423,1097,16550,512.2545,125.5054,451.7769,329.1328,0.9705
2424,1097,27992,576.7614,816.0138,306.1706,231.032,0.9664
2425,1098,6562,583.4531,232.1452,209.6352,339.1022,0.9768
2426,1098,3543,678.4284,861.8799,214.5754,213.0309,0.9748
2427,1098,27992,125.6455,254.7712,293.5052,234.1038,0.9709
2428,1098,16550,27.3781,788.9438,460.9956,337.8289,0.9667
2429,1100,3482,537.3813,779.0008,264.3508,225.766,0.9744
2430,1100,36636,639.2636,176.2968,177.5357,243.8354,0.9705
2431,1100,27776,144.8129,773.1595,178.3069,206.3254,0.9694
2432,1100,31884,56.7742,95.861,412.5319,494.5102,0.9586
2433,1101,36636,667.2272,180.6027,183.4194,248.4262,0.9733
2434,1101,3482,564.7756,813.1535,263.1106,219.8738,0.9719
2435,1101,27776,177.6392,810.4081,174.176,199.2859,0.9616
2436,1101,31884,70.1308,121.9464,431.462,495.0384,0.9501
2437,1105,22346,110.9515,212.3282,207.0154,196.6606,0.9808
2438,1105,35205,604.2328,126.811,251.8497,388.7166,0.9715
2439,1105,3482,609.008,790.3374,273.7894,209.6162,0.968
2440,1105,27732,124.2618,768.2768,312.3111,274.341,0.9629
2441,1109,28762,139.2649,224.1798,212.0994,202.729,0.9775
2442,1109,27652,95.993,854.0877,221.2658,205.4454,0.9734
2443,1109,3482,587.5075,845.3231,284.1648,165.7004,0.9713
2444,1109,16261,622.7304,181.0889,240.9142,231.6616,0.9697
2445,1111,28762,117.424,189.1378,206.3555,196.4958,0.9755
2446,1111,27652,60.5566,810.735,225.323,209.492,0.9703
2447,1111,3482,557.5158,810.9246,288.0578,175.9122,0.9696
2448,1111,29666,604.8167,177.432,217.711,211.3964,0.9668
2449,1114,35205,106.5654,689.319,200.8228,413.941,0.9807
2450,1114,30307,557.9062,696.5921,408.3809,425.2472,0.9782
2451,1114,3482,131.9866,288.5107,275.5681,174.1872,0.9685
2452,1114,27652,670.706,255.6252,221.7825,199.5753,0.9666
2453,1115,30307,41.2147,122.6136,378.7417,408.2238,0.9833
2454,1115,35205,652.8312,141.1312,195.4925,399.4538,0.98
2455,1115,27652,62.0215,811.5112,224.882,209.9967,0.9719
2456,1115,3482,558.3247,811.2711,287.8669,175.6836,0.9703
2457,1116,35205,681.8662,153.4151,199.3452,406.7398,0.9795
2458,1116,27652,95.6678,853.9293,221.226,205.6039,0.9761
2459,1116,30307,55.4185,142.1757,388.7771,414.0894,0.9753
2460,1116,3482,587.8394,845.2492,283.1422,164.8618,0.9714
2461,1118,6562,588.399,237.7141,209.0129,339.1461,0.9777
2462,1118,3543,676.7322,858.0656,216.2965,214.5883,0.9711
2463,1118,29870,200.4075,241.5077,168.4462,232.3264,0.9638
2464,1118,16547,101.1772,879.7336,240.9476,240.4809,0.9582
2465,1119,6562,194.4612,708.8235,215.4168,356.7078,0.9771
2466,1119,29870,634.2178,827.3162,168.7553,237.8735,0.9744
2467,1119,3543,107.5732,206.0262,210.1993,202.3962,0.971
2468,1119,16547,645.2824,147.8299,234.2632,225.6578,0.9677
2469,1121,28762,620.1504,862.0586,220.4586,211.0449,0.9759
2470,1121,29666,138.5342,871.9133,228.5463,226.3152,0.974
2471,1121,3482,125.5561,271.1259,272.2104,188.1861,0.969
2472,1121,25468,576.842,190.1345,327.5118,284.6136,0.9597
2473,1123,27732,564.7262,259.8923,302.0354,267.9558,0.9837
2474,1123,25366,496.8812,669.3098,444.495,436.4574,0.9753
2475,1123,16261,152.23,801.9713,248.0526,242.4162,0.9713
2476,1123,3482,121.7272,307.806,271.9265,197.6664,0.9624
2477,1125,25366,66.2159,163.6504,442.2355,422.2474,0.9786
2478,1125,16261,590.7016,226.2232,242.0438,230.8285,0.9705
2479,1125,3482,608.6307,790.4201,272.4776,210.0211,0.9678
2480,1125,27732,124.3587,767.5612,311.4176,274.6297,0.9523
2481,1126,20876,543.9878,293.4759,329.9332,236.3906,0.9762
2482,1126,31884,512.9243,730.4798,461.5036,476.4835,0.9723
2483,1126,3482,143.0756,291.8279,212.2438,255.227,0.9696
2484,1126,16261,109.3783,835.2463,248.1207,241.1125,0.9689
2485,1129,27732,564.978,259.7002,302.2224,267.7544,0.9837
2486,1129,20237,113.4455,854.8196,230.7131,225.9952,0.9715
2487,1129,22346,682.6247,826.801,212.1147,206.7676,0.9708
2488,1129,3482,121.1984,307.4335,272.3566,197.8678,0.9618
2489,1135,33008,550.6435,837.3944,370.6834,198.2879,0.9816
2490,1135,1899,153.3352,254.7552,193.8535,161.7815,0.9731
2491,1135,18109,79.1655,792.7124,305.9895,289.5024,0.9713
2492,1135,16550,608.5232,53.5889,281.044,482.6923,0.9707
2493,1136,33008,86.409,256.8482,366.8,209.4805,0.9787
2494,1136,18109,612.1358,222.6044,299.2767,285.3207,0.9782
2495,1136,16550,90.3775,700.0922,294.4133,499.3805,0.9745
2496,1136,1899,643.6455,855.109,203.41,170.5735,0.9621
2497,1138,20237,595.6974,172.8311,217.664,213.0323,0.9753
2498,1138,3482,559.9214,810.8618,288.0373,175.2619,0.9728
2499,1138,34596,32.8558,87.3632,366.6026,476.694,0.967
2500,1138,27652,63.5675,811.614,224.858,210.443,0.9654
2501,1140,34596,47.3009,121.4033,374.74,469.1886,0.9816
2502,1140,20237,623.6576,176.8202,222.8785,215.6162,0.9739
2503,1140,3482,588.8438,844.9846,284.0911,165.445,0.9707
2504,1140,27652,97.7815,854.4213,220.5398,205.7219,0.9699
2505,1141,23222,570.6798,572.1354,295.3848,502.29,0.9799
2506,1141,25437,557.872,193.991,244.8252,254.504,0.9699
2507,1141,2482,71.9394,651.3686,295.3998,447.7307,0.9654
2508,1141,12080,67.0982,116.2938,225.4794,427.6424,0.964
2509,1142,23222,66.6172,137.1721,293.6103,494.3875,0.9808
2510,1142,2482,582.0632,115.6072,287.6461,450.537,0.9759
2511,1142,25437,121.9469,821.7166,255.5376,252.4754,0.9755
2512,1142,12080,646.7335,703.8645,241.293,448.4453,0.9582
2513,1143,23222,67.7339,165.6977,292.6257,497.7531,0.9814
2514,1143,25437,123.3269,832.9332,260.8022,266.807,0.9745
2515,1143,12080,654.4218,707.4414,253.5108,465.3785,0.9692
2516,1143,2482,569.3166,148.7619,298.7173,438.5247,0.9684
2517,1144,3482,602.322,844.2653,277.3893,188.7054,0.9737
2518,1144,16261,574.8831,195.0524,240.2812,231.7679,0.9681
2519,1144,25468,51.0387,856.3055,371.6206,219.1645,0.9636
2520,1144,31884,57.93,172.0903,436.4206,486.3341,0.947
2521,1148,16231,146.3408,731.3932,193.7243,191.4623,0.9743
2522,1148,3350,383.8826,160.876,184.2285,188.2514,0.9701
2523,1148,41767,555.1124,633.898,269.1708,306.9228,0.9489
2524,1149,16231,188.1387,819.8805,192.374,190.2631,0.9843
2525,1149,3350,427.9742,221.6844,183.3656,181.976,0.9619
2526,1149,41767,595.4958,723.3905,264.433,308.2628,0.9478
2527,1150,34596,82.9989,62.0847,399.6209,455.9795,0.9764
2528,1150,3482,564.1196,813.0073,263.5388,220.5648,0.9722
2529,1150,29666,631.1782,163.9482,222.1586,214.6182,0.9658
2530,1150,27776,176.8765,810.6457,174.393,199.0055,0.9599
2531,1153,22346,143.9844,209.5043,205.6401,197.8457,0.9783
2532,1153,19860,126.2265,866.0245,221.573,167.026,0.9765
2533,1153,16231,646.2954,174.3418,190.9488,186.7684,0.9728
2534,1153,3482,601.832,867.8397,257.6211,229.0942,0.9726
2535,1154,19860,91.2554,826.064,226.4279,178.7334,0.9872
2536,1154,16231,618.2451,171.8601,185.5201,181.6789,0.9805
2537,1154,22346,127.8003,201.8835,200.0186,194.321,0.9772
2538,1154,3482,572.2614,837.364,261.683,229.5284,0.9698
2539,1155,16231,145.0957,898.6989,194.9613,192.6101,0.9801
2540,1155,22346,642.0658,861.2378,214.2355,206.5042,0.9722
2541,1155,19860,638.4574,276.9812,218.9686,171.4993,0.9713
2542,1155,3482,151.8101,219.1009,245.1344,219.4967,0.9699
2543,1156,13899,182.852,283.06,205.6559,230.319,0.9765
2544,1156,16261,572.802,309.5512,240.9776,233.0354,0.9641
2545,1156,3350,393.6089,858.2924,188.8803,189.2863,0.9547
2546,1156,20237,393.4711,857.8719,188.6754,189.6691,0.1272
2547,1157,13899,554.7443,714.6355,211.7067,244.4708,0.974
2548,1157,16261,109.6353,676.906,250.4944,244.4183,0.9668
2549,1157,3350,355.9188,182.6149,182.8344,187.7404,0.9605
2550,1158,13899,594.577,805.388,206.0066,237.5084,0.976
2551,1158,16261,154.2027,767.7002,243.5556,236.7734,0.9741
2552,1158,3350,398.2835,243.102,182.5373,182.1264,0.9578
2553,1159,18356,152.927,301.8298,240.0859,353.018,0.9826
2554,1159,16231,645.8877,294.7279,188.4805,192.572,0.9804
2555,1159,3350,403.1062,807.7541,188.2164,189.4856,0.9666
2556,1161,16231,131.6396,815.6764,188.414,188.1597,0.9798
2557,1161,18356,586.034,615.3344,238.6216,371.7044,0.976
2558,1161,3350,387.4583,280.8309,184.0347,181.0241,0.958
2559,1163,29450,496.764,807.213,404.8597,236.081,0.9811
2560,1163,3543,119.9539,185.4422,204.1961,200.0676,0.9765
2561,1163,16550,44.1393,605.1496,302.8766,469.5617,0.9756
2562,1163,10220,656.423,199.011,222.3658,212.3932,0.9668
2563,1164,29450,467.7038,770.241,412.0608,242.7326,0.9854
2564,1164,3543,105.5569,180.1854,200.0489,198.133,0.979
2565,1164,10220,628.0573,192.1618,218.1918,213.796,0.9755
2566,1164,16550,12.5099,556.9372,300.256,476.46,0.9714
2567,1166,25366,570.9936,685.7951,392.7417,486.7137,0.9762
2568,1166,36636,134.4392,828.1532,176.6423,261.7632,0.9727
2569,1166,3482,125.3347,271.2053,272.2331,189.1012,0.9697
2570,1166,25468,576.8968,189.6332,326.136,285.8842,0.9602
2571,1167,25366,49.1411,91.4066,381.8984,475.5835,0.9774
2572,1167,3482,601.9638,845.5207,277.61,187.7858,0.9725
2573,1167,25468,86.6576,829.581,341.9797,302.5047,0.9686
2574,1167,36636,676.1106,172.4481,172.9867,254.0836,0.9667
2575,1168,30307,43.4736,13.8135,349.3458,428.8854,0.9796
2576,1168,29666,592.065,169.125,217.1965,214.5786,0.9785
2577,1168,25468,46.7832,786.478,354.7044,303.077,0.9775
2578,1168,3482,574.862,811.2436,279.3486,192.349,0.9718
2579,1170,30307,54.3298,25.143,361.2781,440.0454,0.9845
2580,1170,29666,620.7504,172.8561,221.9777,215.7544,0.9759
2581,1170,3482,601.563,845.1037,277.7787,187.9266,0.9713
2582,1170,25468,84.1395,830.063,343.888,301.6918,0.9638
2583,1171,4542,641.6299,152.2927,199.6545,198.2388,0.9766
2584,1171,3543,123.7786,180.1729,201.767,199.5931,0.975
2585,1171,10220,93.7403,789.2082,223.221,219.2129,0.9723
2586,1171,16547,579.6822,745.615,240.6048,233.3743,0.9713
2587,1173,3543,646.2098,876.4842,216.0902,212.2391,0.9823
2588,1173,4542,106.1262,906.2045,211.9092,210.5852,0.9778
2589,1173,10220,643.4712,261.7728,218.4439,212.0986,0.9732
2590,1173,16547,159.5368,285.3691,232.6628,225.0503,0.961
2591,1174,30307,575.5392,757.0363,400.0536,431.4806,0.9769
2592,1174,29666,125.6735,864.8492,229.4494,225.5124,0.9761
2593,1174,27652,671.2018,255.871,221.5135,199.9075,0.9709
2594,1174,3482,132.4512,288.8949,276.0682,173.5239,0.9697
2595,1176,30307,42.7463,74.9508,383.2049,420.5258,0.9803
2596,1176,3482,586.2458,845.4764,283.9234,164.4307,0.969
2597,1176,27652,94.3503,852.6281,221.5115,205.2794,0.9662
2598,1176,29666,633.6988,180.2886,222.5028,214.4696,0.9619
2599,1178,3482,538.4174,780.5263,264.9734,225.1658,0.9748
2600,1178,27776,145.8218,775.9706,178.0627,206.3223,0.9693
2601,1178,20237,577.4087,190.0928,219.912,213.9635,0.9681
2602,1178,31884,106.9261,45.2944,396.4089,503.821,0.9615
2603,1180,21324,183.9792,306.0382,168.9354,226.0794,0.9768
2604,1180,3350,394.8037,915.673,190.5166,190.4444,0.9667
2605,1180,19231,497.3472,232.2221,323.4531,255.8614,0.9369
2606,1184,24849,674.1707,826.9318,186.875,301.3872,0.9713
2607,1184,1899,186.8745,272.6449,202.9206,137.886,0.9605
2608,1184,16547,143.3178,876.9111,243.0501,239.8871,0.96
2609,1184,21025,684.978,274.6128,178.4453,172.9322,0.9476
2610,1185,21025,125.6932,865.96,179.7736,176.4691,0.9699
2611,1185,16547,601.4272,151.4062,238.6938,224.775,0.969
2612,1185,24849,142.188,142.8368,180.3004,292.2822,0.9672
2613,1185,1899,609.6796,899.9637,207.6216,135.9207,0.9633
2614,1186,4377,138.9702,106.1167,211.3373,438.3843,0.9729
2615,1186,19551,514.7872,555.2946,317.017,493.9076,0.9718
2616,1186,2482,87.4435,679.1557,231.3217,477.6053,0.9642
2617,1186,5093,550.5413,189.4908,271.0941,269.6604,0.9622
2618,1187,19551,113.2919,156.9803,315.2606,488.0089,0.9744
2619,1187,4377,592.2163,700.0476,215.8423,452.5161,0.9718
2620,1187,5093,105.5223,801.0281,279.2768,272.8215,0.9658
2621,1187,2482,614.5364,49.9899,225.2616,485.2622,0.9591
2622,1189,3742,118.1052,783.9673,323.228,322.1936,0.9771
2623,1189,22626,101.6352,135.9938,305.849,483.0765,0.9708
2624,1189,2482,591.8578,65.7451,248.135,482.61,0.9611
2625,1189,12080,601.5512,708.7106,234.5065,449.3648,0.872
2626,1190,3742,120.7811,795.3863,327.9449,327.9684,0.9747
2627,1190,22626,105.5957,167.8245,304.2816,482.5106,0.967
2628,1190,12080,608.3007,712.3351,243.0054,469.1912,0.9633
2629,1190,2482,585.936,98.4337,236.073,478.2258,0.9621
2630,1191,22626,531.5528,586.3315,310.576,488.3994,0.9808
2631,1191,3742,492.6612,164.9596,315.284,299.5172,0.98
2632,1191,2482,89.3845,668.9518,252.773,468.1078,0.963
2633,1191,12080,113.0039,109.3042,223.519,427.7038,0.9565
2634,1192,33008,86.2,256.7526,366.4726,208.9954,0.9809
2635,1192,16550,87.6946,689.6218,287.6228,501.176,0.971
2636,1192,24849,646.4072,206.1319,173.9495,273.926,0.9696
2637,1192,1899,644.383,854.7882,203.391,170.9313,0.963
2638,1194,33008,550.093,837.8036,371.6604,198.2801,0.9817
2639,1194,24849,165.7434,817.358,181.4031,293.7528,0.977
2640,1194,1899,153.0194,254.7597,193.3173,161.9178,0.9722
2641,1194,16550,614.2207,62.0668,287.249,484.1064,0.9716
2642,1196,35205,139.8149,708.8549,236.7017,408.5226,0.9776
2643,1196,28762,616.2782,887.812,220.8186,212.3872,0.9774
2644,1196,3482,172.2428,276.1495,261.3029,220.0334,0.9712
2645,1196,27776,638.5685,293.0385,174.3143,195.2298,0.9633
2646,1197,28762,162.832,178.3143,211.9189,202.8644,0.9735
2647,1197,3482,567.0633,811.8674,263.568,220.4692,0.9711
2648,1197,35205,616.9881,143.2114,223.0448,398.1334,0.9696
2649,1197,27776,179.7158,812.276,174.3484,199.1039,0.9593
2650,1198,28762,129.8123,214.429,211.8576,204.3064,0.9815
2651,1198,3482,567.6064,814.3305,261.8896,221.2066,0.9737
2652,1198,20237,604.9486,195.2032,225.8936,215.552,0.9673
2653,1198,27776,179.0149,813.0998,173.9411,198.8178,0.9566
2654,1199,28762,649.0952,851.9059,221.7316,213.7161,0.9754
2655,1199,3482,172.6246,273.3892,262.9662,219.941,0.97
2656,1199,20237,152.977,850.2773,231.295,225.3352,0.9683
2657,1199,27776,639.4619,291.5827,174.5797,195.8618,0.9642
2658,1201,16547,585.7706,211.8964,231.638,226.0661,0.9733
2659,1201,3543,145.329,189.3195,201.7879,196.3644,0.9696
2660,1201,21025,102.6188,822.2186,179.7138,179.6195,0.9654
2661,1201,12246,582.7078,814.9602,212.6652,154.8248,0.9482
2662,1204,22073,687.0812,263.5153,181.1736,184.6614,0.982
2663,1204,32309,68.1893,215.8263,341.3538,253.3156,0.9691
2664,1204,3350,393.8336,861.6808,189.8471,189.3171,0.9663
2665,1206,22073,95.0254,853.2231,182.677,186.6758,0.9797
2666,1206,32309,570.3434,815.599,351.1243,273.8461,0.9744
2667,1206,3350,397.1723,224.5004,182.3772,181.9248,0.9643
2668,1207,16231,154.4939,826.7596,189.2171,191.0387,0.9746
2669,1207,22346,687.7158,813.6368,210.9846,205.2426,0.9744
2670,1207,3482,172.3905,276.4052,261.3098,219.3324,0.9708
2671,1207,27776,638.7536,293.0649,174.1685,195.0795,0.962
2672,1209,16231,644.3515,249.8938,186.9504,184.1632,0.9838
2673,1209,22346,101.7945,260.3948,203.6839,197.1705,0.9758
2674,1209,3482,567.6668,812.105,263.2978,220.75,0.9712
2675,1209,27776,179.9714,812.2098,173.8428,198.9163,0.9591
2676,1210,20876,117.4216,768.5126,330.423,229.4292,0.983
2677,1210,35205,661.3056,174.1103,219.9434,401.9047,0.9829
2678,1210,34596,68.159,141.3178,470.75,385.7304,0.9779
2679,1210,3482,650.9713,749.0552,210.8423,269.3715,0.9697
2680,1212,20876,542.34,293.8223,329.556,236.8134,0.9785
2681,1212,35205,97.0724,670.5278,234.1138,409.7973,0.9767
2682,1212,34596,454.493,708.1326,481.7158,402.1047,0.9763
2683,1212,3482,142.4586,293.4438,210.5568,253.7156,0.9701
2684,1213,22626,108.396,2.2566,306.8191,486.6024,0.9805
2685,1213,5885,594.1918,683.0959,232.984,486.4282,0.9734
2686,1213,25437,128.0545,836.806,254.2322,252.4985,0.9676
2687,1213,2482,664.3602,66.0159,196.0755,478.4916,0.9613
2688,1214,5885,601.3752,683.6872,244.4249,501.7768,0.9738
2689,1214,22626,113.9195,43.1463,299.5055,484.0408,0.9738
2690,1214,25437,129.5048,848.2563,260.7623,266.2328,0.9676
2691,1214,2482,657.912,102.0846,195.4534,466.8986,0.9601
2692,1216,27925,159.2524,172.3673,258.2856,457.2706,0.9807
2693,1216,3543,660.2606,865.4956,214.8756,212.2822,0.9794
2694,1216,16550,619.6774,175.7754,279.0681,466.5222,0.9758
2695,1216,10220,131.5284,845.1276,227.9611,226.6946,0.9733
2696,1219,16550,66.6844,581.309,332.7016,461.6855,0.9798
2697,1219,10220,648.6174,207.67,219.9856,213.5781,0.9783
2698,1219,3543,106.5728,242.213,199.8245,198.2349,0.9737
2699,1219,29344,579.5905,668.0982,282.3396,449.7732,0.9472
2700,1220,10220,678.6156,214.8419,223.5676,212.9114,0.9755
2701,1220,3543,124.7742,252.8334,201.8789,199.6952,0.9741
2702,1220,16550,93.2972,631.3003,337.3327,452.013,0.9696
2703,1220,29344,606.219,703.9186,278.9689,454.1666,0.9584
2704,1222,36636,616.1862,202.4493,181.9792,243.2257,0.9705
2705,1222,3482,559.1096,811.1005,287.2356,175.6384,0.9703
2706,1222,25366,93.8685,106.3934,316.1207,488.6694,0.9694
2707,1222,27652,62.3834,811.5943,224.3776,210.0254,0.9672
2708,1224,27652,95.9376,854.0973,220.4832,205.4285,0.9766
2709,1224,25366,116.9794,124.1558,317.684,496.4944,0.9761
2710,1224,3482,588.3327,845.3508,283.3032,164.9758,0.9705
2711,1224,36636,645.2568,207.5469,186.6794,247.4382,0.9647
2712,1226,19860,126.3808,866.1411,221.2201,166.8954,0.9758
2713,1226,3482,601.761,867.3805,257.5352,229.8004,0.9729
2714,1226,35205,583.645,94.2867,286.9728,378.9998,0.9716
2715,1226,31884,126.2954,9.0341,321.4542,534.1506,0.8465
2716,1227,35205,110.5405,774.4832,300.0254,389.0094,0.9748
2717,1227,19860,638.1448,276.7692,219.5704,172.2698,0.9705
2718,1227,3482,151.7755,219.954,244.9714,219.1996,0.97
2719,1227,31884,548.731,691.8286,326.8464,555.4418,0.7114
2720,1232,29666,133.2242,859.3211,229.5696,226.1508,0.9687
2721,1232,20876,592.6162,258.8266,324.2463,242.7064,0.9683
2722,1232,3482,145.2708,290.0738,210.559,253.8329,0.9682
2723,1232,31884,545.0332,657.744,400.4805,524.548,0.9557
2724,1235,33008,550.5056,838.3836,370.9844,198.418,0.9816
2725,1235,21770,161.2259,806.3158,189.9114,185.4398,0.977
2726,1235,1899,152.5832,253.6368,193.6784,162.6072,0.9723
2727,1235,16547,621.1986,146.1864,237.5124,226.7767,0.9696
2728,1237,31704,171.0139,685.0662,250.0321,446.2365,0.9772
2729,1237,16547,614.7216,189.306,237.1997,223.1437,0.9721
2730,1237,1899,106.3421,270.481,203.5619,123.1914,0.9707
2731,1237,44198,635.6196,798.3631,157.5584,279.2046,0.9699
2732,1238,31704,571.1184,175.4126,249.6561,418.389,0.9879
2733,1238,1899,681.3686,879.5851,210.9131,133.8926,0.9683
2734,1238,44198,207.975,231.8376,154.5494,269.8244,0.9674
2735,1238,16547,130.3527,844.0078,242.042,234.9192,0.9668
2736,1239,31704,140.9265,643.8582,247.2502,451.1104,0.984
2737,1239,16547,586.4092,181.5915,231.6184,224.5199,0.9691
2738,1239,44198,606.5695,767.8158,164.3507,283.5793,0.9689
2739,1239,1899,88.7733,260.1858,202.4963,127.075,0.9647
2740,1242,16550,546.068,89.2197,287.0604,467.2348,0.9753
2741,1242,1899,160.3452,258.654,126.3537,199.5354,0.9673
2742,1242,44198,636.8782,805.59,164.9142,286.665,0.9597
2743,1242,29344,94.0597,706.7522,284.8869,447.3738,0.946
2744,1243,30307,67.06,137.9692,376.454,427.8225,0.9777
2745,1243,35205,603.1438,125.8591,253.011,389.9645,0.9703
2746,1243,3482,608.961,790.7462,273.2717,209.1957,0.9679
2747,1243,27732,125.8571,767.5724,311.1752,274.9936,0.9578
2748,1244,27732,564.6343,259.6192,301.299,267.9276,0.9796
2749,1244,30307,562.0869,688.7364,385.8674,435.7464,0.9787
2750,1244,35205,123.5,734.6325,272.3261,398.6886,0.9781
2751,1244,3482,121.2111,308.1592,272.0741,197.9016,0.9624
2752,1245,30307,54.0522,119.7962,364.8272,419.6061,0.9806
2753,1245,3482,579.1562,760.2876,275.688,206.2067,0.9722
2754,1245,27732,86.1982,725.3336,321.3236,284.0267,0.968
2755,1245,35205,573.2872,118.5426,246.5951,380.2753,0.9545
2756,1246,3482,538.039,780.3474,265.035,225.1871,0.9745
2757,1246,16261,576.7824,186.5767,235.1234,229.277,0.973
2758,1246,34596,58.3219,79.5079,393.814,461.8671,0.9723
2759,1246,27776,145.0406,775.3327,178.7589,206.5916,0.9713
2760,1248,34596,520.5056,666.4916,417.2358,479.7318,0.9706
2761,1248,16261,137.3944,834.3387,248.4811,243.1329,0.97
2762,1248,3482,173.1292,273.5863,261.6666,220.1551,0.9696
2763,1248,27776,640.1682,292.813,174.3564,195.257,0.9683
2764,1250,5093,107.6488,809.7374,283.3339,285.3101,0.9638
2765,1250,2482,611.435,87.4109,213.4401,476.5024,0.9593
2766,1250,4377,600.1133,700.4775,220.7287,470.8356,0.9546
2767,1250,12777,94.7356,56.2557,307.6192,534.1955,0.9535
2768,1251,4377,139.917,105.5918,210.4026,438.264,0.9726
2769,1251,5093,550.2332,190.316,271.8174,268.8017,0.9644
2770,1251,2482,87.4959,677.99,230.8166,479.4671,0.9621
2771,1251,12777,548.5262,651.8197,294.8641,523.2656,0.9587
2772,1252,30307,77.1471,79.9055,393.2041,411.9278,0.9794
2773,1252,20876,70.8215,798.4062,327.6968,242.0141,0.9775
2774,1252,3482,647.2438,754.2652,212.3465,267.5133,0.9739
2775,1252,29666,625.1984,185.1548,223.2509,215.514,0.9675
2776,1254,30307,65.8197,67.2697,381.2122,400.5941,0.9777
2777,1254,3482,621.2697,722.4136,209.6906,270.1225,0.9737
2778,1254,20876,38.2169,754.4908,327.869,251.4207,0.9696
2779,1254,29666,596.1154,180.8446,219.951,213.6991,0.9648
2780,1256,31704,133.188,128.8159,243.092,418.1235,0.9836
2781,1256,19606,656.6072,273.1383,155.2545,147.8785,0.9835
2782,1256,16550,93.7327,661.74,294.7247,488.7372,0.9749
2783,1256,1899,642.0626,830.4052,171.6949,198.707,0.9687
2784,1261,16231,647.8942,230.0314,193.3882,182.1232,0.983
2785,1261,22346,140.4258,169.1403,205.3626,197.0947,0.9811
2786,1261,27652,95.2412,853.8577,220.2934,205.1053,0.97
2787,1261,3482,587.2332,846.0322,283.3837,166.0984,0.9687
2788,1262,22346,125.8819,164.8337,198.4717,192.9514,0.9798
2789,1262,16231,620.6386,221.308,187.3146,182.2499,0.9732
2790,1262,27652,61.2063,811.247,225.359,209.9654,0.9719
2791,1262,3482,557.8305,810.963,289.9107,176.1218,0.9703
2792,1263,16231,142.1538,846.4035,196.1433,191.3657,0.9832
2793,1263,22346,646.0656,902.6762,214.479,207.7203,0.9801
2794,1263,27652,671.1596,255.3902,221.2554,199.3514,0.9707
2795,1263,3482,132.269,288.4713,275.9856,173.3174,0.9691
2796,1264,31862,638.5118,320.8761,204.472,204.7999,0.9775
2797,1264,36636,229.5402,317.5751,198.1041,240.2174,0.9609
2798,1265,31862,81.2547,705.1496,207.6499,209.8466,0.9796
2799,1265,36636,506.3578,662.3168,207.3787,251.405,0.9695
2800,1265,3350,356.7114,177.6516,183.6634,188.3637,0.9607
2801,1266,31862,125.0931,791.4118,202.3325,203.3817,0.982
2802,1266,36636,547.6743,751.1168,202.0016,246.0914,0.9652
2803,1266,3350,398.2566,236.826,184.5416,183.6968,0.9596
2804,1269,36636,218.5082,770.6248,208.289,239.5482,0.9732
2805,1269,13899,618.8498,762.3644,174.9466,258.0289,0.9684
2806,1269,3350,363.3532,233.6593,181.8233,181.9294,0.9597
2807,1270,27925,149.0097,143.0322,254.8143,455.666,0.9853
2808,1270,18109,640.365,270.5894,301.7425,284.0624,0.9783
2809,1270,1899,629.9986,895.4834,210.472,133.3613,0.9696
2810,1270,16547,115.9054,852.0867,241.3396,238.4426,0.9497
2811,1272,27925,600.5026,673.6106,250.8939,478.8676,0.9813
2812,1272,18109,49.9105,741.3498,303.9762,287.0776,0.9752
2813,1272,1899,158.6101,249.4554,201.6473,125.9304,0.9739
2814,1272,16547,630.869,177.4852,237.4411,226.2324,0.97
2815,1273,13394,112.1077,45.6292,243.6062,488.3944,0.9723
2816,1273,25437,554.1114,203.5436,246.7363,252.1765,0.9673
2817,1273,6191,545.0178,593.8732,293.4336,527.5779,0.9668
2818,1273,2482,105.9557,679.561,228.689,494.7324,0.9585
2819,1274,25437,124.0534,812.234,254.9382,254.1672,0.9772
2820,1274,13394,591.4674,711.8066,235.0397,499.5614,0.9742
2821,1274,6191,101.133,73.3829,299.1586,538.5766,0.9658
2822,1274,2482,603.2526,45.1668,213.267,485.6758,0.9596
2823,1278,3350,417.0586,257.2354,184.0664,179.1037,0.9701
2824,1278,3831,154.3862,603.7443,303.4504,418.3808,0.9675
2825,1278,38161,621.8274,701.3326,189.5926,298.0098,0.8948
2826,1279,31704,123.5729,133.8365,243.397,419.3363,0.9816
2827,1279,21770,673.8305,287.6781,188.8787,179.3464,0.9783
2828,1279,16550,91.6311,763.5252,293.9506,498.9748,0.9761
2829,1279,1899,646.2653,855.423,212.0143,156.1783,0.9674
2830,1280,31704,609.3265,690.1629,249.7132,452.3383,0.9854
2831,1280,16550,573.8177,0.0,281.7272,453.9327,0.9765
2832,1280,21770,91.74,812.7102,195.1448,186.9977,0.9733
2833,1280,1899,122.5723,259.6692,200.9626,148.9378,0.9646
2834,1282,3742,496.6062,125.7245,313.1088,303.9509,0.974
2835,1282,13394,85.3994,83.413,232.2142,482.8665,0.9735
2836,1282,19551,507.665,589.173,308.1774,498.5964,0.9691
2837,1282,2482,62.2251,652.3667,198.131,481.0404,0.9553
2838,1284,3742,115.3468,828.0636,322.8632,318.2629,0.978
2839,1284,19551,121.7672,117.9768,311.5316,497.2594,0.9682
2840,1284,13394,627.273,676.1886,230.9966,496.3766,0.9676
2841,1284,2482,672.0605,81.1634,202.7131,482.3156,0.9577
2842,1290,18109,46.0895,721.068,306.7321,300.2731,0.9824
2843,1290,16547,539.4262,139.9921,229.8957,224.6558,0.9715
2844,1290,1899,163.2413,257.6248,126.4386,197.7593,0.9674
2845,1290,29344,593.4826,533.2042,268.0614,450.4162,0.9509
2846,1293,30307,117.08,83.896,308.4784,451.2686,0.9829
2847,1293,20237,576.4635,190.3243,221.0072,213.5944,0.9764
2848,1293,3482,539.0368,780.4826,264.9106,225.3457,0.9749
2849,1293,27776,145.901,775.4894,177.867,206.6686,0.9714
2850,1294,35205,681.4104,153.0984,199.7139,406.8245,0.98
2851,1294,34596,11.7917,49.121,414.9345,448.0908,0.9762
2852,1294,27652,95.5878,853.6469,221.6488,205.8172,0.9721
2853,1294,3482,587.5714,845.3058,283.8395,165.931,0.9707
2854,1295,35205,651.3122,141.2577,197.1014,399.3304,0.978
2855,1295,34596,4.6028,22.6973,400.3285,453.5623,0.9711
2856,1295,3482,558.888,811.1552,288.2752,175.3158,0.9706
2857,1295,27652,61.768,811.339,225.3192,209.8533,0.9681
2858,1296,34596,567.02,735.5927,408.98,470.1328,0.9803
2859,1296,35205,106.3465,689.3412,202.5434,414.7422,0.9799
2860,1296,3482,131.5102,289.4154,275.9495,172.7125,0.9689
2861,1296,27652,670.5152,255.4056,221.6794,199.9604,0.9679
2862,1297,12419,690.2868,274.4206,182.4188,170.568,0.9813
2863,1297,4542,158.8829,891.1725,212.5764,211.5121,0.9771
2864,1297,3543,645.1504,920.8032,214.7695,213.0582,0.975
2865,1297,16547,153.6041,246.4064,229.0104,223.4363,0.9664
2866,1298,12419,117.692,860.4557,185.6954,179.4968,0.9788
2867,1298,16547,617.7228,828.82,236.9556,227.2786,0.9765
2868,1298,3543,140.5095,145.2021,206.5682,201.0072,0.9751
2869,1298,4542,617.9404,169.104,206.3038,199.3025,0.9693
2870,1300,3482,585.9108,845.4251,284.9416,165.6182,0.9689
2871,1300,27652,94.1172,853.3776,221.5509,204.9258,0.9663
2872,1300,31884,75.3896,125.6589,455.5502,468.9461,0.9587
2873,1300,29666,633.891,180.1247,222.179,214.986,0.9563
2874,1302,3482,557.188,810.8188,289.4113,175.9621,0.9705
2875,1302,27652,60.1008,810.5136,225.6771,210.0029,0.9683
2876,1302,31884,62.9095,98.4403,440.4626,469.2692,0.9576
2877,1302,29666,605.0778,176.5968,217.2246,213.0884,0.9566
2878,1305,27925,605.4349,160.9916,250.1625,446.677,0.9802
2879,1305,16550,80.8421,667.484,329.5702,474.4324,0.9788
2880,1305,1899,631.87,895.2502,211.1421,134.1547,0.9677
2881,1305,44198,136.8531,291.4498,283.6688,150.4801,0.9654
2882,1309,27732,561.6418,255.7949,299.3414,265.1271,0.9825
2883,1309,28762,583.0144,871.1967,223.5247,212.2656,0.9727
2884,1309,29666,86.7112,862.9904,230.82,226.911,0.9671
2885,1309,3482,121.5509,307.7476,271.986,197.083,0.9636
2886,1311,28762,176.6606,188.0371,206.5575,198.859,0.9849
2887,1311,3482,578.5766,760.1594,275.7984,206.4744,0.9716
2888,1311,29666,639.8045,178.1345,219.4086,211.6583,0.9701
2889,1311,27732,90.143,733.1276,322.0914,279.3254,0.9671
2890,1312,22626,73.7354,56.6806,319.4043,481.8868,0.9742
2891,1312,5885,597.7353,686.3623,234.1201,486.9218,0.9704
2892,1312,2482,619.7934,47.4367,250.2823,473.1924,0.963
2893,1312,5093,110.4827,805.7349,277.2916,272.8731,0.9629
2894,1315,3350,424.3911,878.4211,187.5952,191.6391,0.9616
2895,1315,16687,144.4406,94.1516,276.6719,594.1837,0.9585
2896,1315,19231,545.7021,208.3174,290.5024,286.4666,0.9386
2897,1316,16687,515.5724,478.9906,292.5526,650.6369,0.9682
2898,1316,19231,87.5126,693.5576,300.9421,305.0308,0.9623
2899,1316,3350,327.4394,162.8032,183.7377,187.7674,0.9621
2900,1322,6191,485.0238,595.2038,336.2819,501.5594,0.9755
2901,1322,4377,139.4698,105.0567,210.1322,439.2616,0.9726
2902,1322,2482,88.6606,678.798,231.3407,479.2814,0.9648
2903,1322,5093,550.2386,189.9101,271.8094,269.2289,0.9628
2904,1323,4377,592.56,700.2358,216.7017,452.2062,0.9711
2905,1323,5093,105.3339,800.3261,279.3164,273.5239,0.9656
2906,1323,2482,617.5172,49.7541,221.7881,485.1748,0.958
2907,1323,6191,126.0106,104.5382,333.0417,505.1439,0.9573
2908,1326,20237,601.6667,839.6498,224.8847,222.6558,0.9832
2909,1326,18356,162.3638,673.3141,263.915,348.6562,0.9784
2910,1326,3350,368.8234,244.7146,183.6125,182.507,0.961
2911,1327,29450,515.1096,243.1712,403.4653,220.786,0.9769
2912,1327,16547,168.9267,813.999,239.2055,237.4544,0.9725
2913,1327,1899,644.3841,844.9315,189.0842,188.8541,0.9699
2914,1327,44198,173.918,235.677,196.5643,259.1995,0.9624
2915,1328,16547,582.229,217.1025,235.7617,226.2092,0.9774
2916,1328,29450,72.3166,843.2014,411.2344,216.5961,0.9757
2917,1328,1899,168.0002,247.7689,182.5184,182.0156,0.9692
2918,1328,44198,627.2146,813.628,207.037,266.3672,0.9683
2919,1329,29450,36.3117,802.1714,419.6106,222.1424,0.9843
2920,1329,16547,555.8022,207.9938,229.1352,225.1127,0.9737
2921,1329,1899,149.5093,240.9579,180.3421,180.055,0.9682
2922,1329,44198,597.3386,780.8114,213.8309,273.5392,0.959
2923,1330,34596,90.9423,165.8566,446.644,419.8334,0.9816
2924,1330,35205,609.6762,119.7322,234.0992,399.9818,0.9759
2925,1330,25468,87.0675,828.8283,342.1454,303.4587,0.9731
2926,1330,3482,602.5148,844.5356,277.6633,188.1324,0.9719
2927,1331,25468,51.0193,786.5412,350.3682,303.4132,0.9784
2928,1331,34596,76.2598,132.2827,435.5662,424.8786,0.9747
2929,1331,3482,575.691,810.3247,279.5844,193.3406,0.9717
2930,1331,35205,583.8374,111.3248,222.9883,392.6382,0.9686
2931,1332,34596,458.335,652.2428,456.0902,436.7649,0.9753
2932,1332,3482,124.4462,272.2919,272.2901,188.7236,0.9693
2933,1332,35205,136.7561,728.3094,245.8676,408.0463,0.9691
2934,1332,25468,575.6626,189.4057,326.5804,286.023,0.9629
2935,1333,3350,401.0128,921.9012,190.042,191.9125,0.9709
2936,1333,36636,158.2251,284.8045,190.2522,245.5722,0.9663
2937,1333,20013,581.8991,285.0021,337.6564,316.2963,0.9437
2938,1337,29450,498.1904,824.6034,396.7682,261.0766,0.9804
2939,1337,18109,78.9959,791.0525,303.4671,290.4293,0.9776
2940,1337,16547,577.7129,186.6502,238.7526,225.9407,0.9736
2941,1337,1899,166.8174,246.5484,184.7927,181.3989,0.9706
2942,1340,31704,135.4642,125.3972,244.2051,418.1534,0.9819
2943,1340,16547,186.7172,823.3774,240.3367,238.4498,0.9691
2944,1340,24849,582.1357,285.7476,290.4948,169.169,0.968
2945,1340,1899,642.206,859.2134,211.211,157.1696,0.9647
2946,1345,3482,602.0148,845.4411,276.5441,188.0764,0.9721
2947,1345,29666,619.8535,174.273,222.0582,214.7629,0.9714
2948,1345,25468,84.2008,829.899,343.5438,301.5612,0.9653
2949,1345,31884,167.4917,131.1654,417.291,493.4444,0.9438
2950,1347,3482,126.3524,271.815,271.3144,188.8318,0.9706
2951,1347,29666,140.5566,870.2295,227.4644,226.2949,0.9632
2952,1347,25468,576.8708,191.0617,327.7092,283.4917,0.9615
2953,1347,31884,417.4354,615.8872,416.2937,507.8465,0.9597
2954,1348,22073,674.8672,308.8863,182.6885,187.885,0.9834
2955,1348,31862,186.1215,264.7385,204.2829,204.3938,0.9818
2956,1348,3350,362.8943,879.5236,188.9968,191.4262,0.9636
2957,1348,3350,185.7963,264.0724,203.6148,205.3263,0.9273
2958,1350,31862,589.6472,858.0783,202.7407,203.5818,0.9843
2959,1350,22073,107.9886,813.9265,182.0346,187.0051,0.9755
2960,1350,3350,427.9686,220.6174,183.5506,182.5175,0.9601
2961,1353,16231,154.76,827.301,189.4649,190.7926,0.9767
2962,1353,34596,510.6473,681.8619,446.1847,454.834,0.9713
2963,1353,3482,171.5103,275.8402,262.1235,220.0625,0.9702
2964,1353,27776,638.702,292.971,173.7916,195.5774,0.9648
2965,1354,30307,578.7808,737.1524,339.6284,468.0377,0.9841
2966,1354,20876,541.8781,294.0986,329.737,235.4323,0.9787
2967,1354,3482,142.0378,293.5253,211.4817,254.1601,0.9708
2968,1354,36636,168.8564,799.523,186.6577,255.9665,0.9598
2969,1355,30307,81.8206,46.3198,323.4611,443.8382,0.9826
2970,1355,20876,85.5258,724.6848,332.2312,241.496,0.9747
2971,1355,3482,625.2297,718.6947,208.3268,269.7247,0.9719
2972,1355,36636,606.4269,203.3259,175.9924,245.3554,0.9678
2973,1357,12419,628.5806,814.6542,187.6523,187.1063,0.982
2974,1357,6562,166.1856,672.4804,218.053,364.6011,0.9741
2975,1357,16547,579.0764,169.8666,230.7488,224.7732,0.9687
2976,1357,3543,96.8722,229.4607,200.7355,198.4405,0.9686
2977,1358,12419,654.2892,847.5307,187.6224,182.1313,0.9773
2978,1358,6562,197.7398,715.1674,215.54,357.3706,0.9747
2979,1358,16547,606.4484,176.8342,237.9792,224.2904,0.97
2980,1358,3543,112.7225,241.3071,205.9378,198.5126,0.9673
2981,1359,12419,165.0599,278.4625,180.785,177.5083,0.9791
2982,1359,6562,584.5407,231.6442,209.5167,338.5013,0.9784
2983,1359,3543,675.0776,826.5276,213.0303,211.7043,0.973
2984,1359,16547,140.4672,853.3248,241.0852,238.4137,0.9621
2985,1361,29666,627.5326,690.622,232.7434,228.5654,0.9657
2986,1361,3350,357.9238,150.0265,183.0206,186.8146,0.9583
2987,1361,19231,170.3655,644.8876,237.0017,361.1972,0.9008
2988,1363,16261,119.0078,293.9886,241.0197,232.6026,0.975
2989,1363,33879,455.436,241.1267,427.6252,290.5152,0.9714
2990,1363,3350,433.4618,887.234,189.0712,190.5566,0.968
2991,1366,22346,664.44,838.065,211.2076,205.2523,0.9767
2992,1366,29666,125.8292,865.2698,228.654,225.1742,0.9745
2993,1366,27652,671.7054,256.2556,221.3699,198.9379,0.972
2994,1366,3482,132.7411,288.5743,275.8402,173.5576,0.9699
2995,1367,3482,556.7835,810.6718,290.1705,176.0222,0.9708
2996,1367,22346,107.7069,226.6108,199.7888,192.4812,0.9707
2997,1367,27652,60.1195,811.021,225.2592,209.5746,0.9703
2998,1367,29666,604.7248,177.1997,217.6445,212.0428,0.9664
2999,1369,19860,126.4311,866.0467,221.1634,166.9283,0.9786
3000,1369,22346,118.5624,213.7363,206.0648,197.6356,0.9768
3001,1369,3482,601.5024,867.3024,258.0678,229.55,0.9729
3002,1369,16261,638.4409,176.9835,243.5919,231.1706,0.9656
3003,1371,19860,91.131,825.6814,226.4148,179.1184,0.9871
3004,1371,22346,102.9996,205.2797,200.9595,194.1201,0.975
3005,1371,3482,573.5595,838.507,260.3896,229.2942,0.9705
3006,1371,16261,609.0852,172.5309,239.0037,227.1245,0.9673
3007,1372,3742,75.1605,814.3491,332.4044,325.9374,0.9767
3008,1372,22626,86.8495,100.8263,314.6638,478.6212,0.9741
3009,1372,2482,598.4216,107.6541,284.9473,449.6806,0.9581
3010,1372,5885,610.9301,698.449,240.6199,505.3356,0.9366
3011,1376,16550,90.1318,697.4378,293.9475,501.4215,0.9725
3012,1376,33207,153.5056,295.9556,204.6058,195.0089,0.9703
3013,1376,33008,585.097,242.5705,359.1423,236.3823,0.9684
3014,1376,1899,641.0722,858.4471,207.2752,165.4684,0.9643
3015,1377,33008,49.8692,825.4,357.6346,229.4476,0.9804
3016,1377,1899,153.047,256.0243,195.7371,155.4354,0.9722
3017,1377,16550,609.1702,55.2646,281.1324,482.2722,0.9718
3018,1377,33207,641.8764,806.8002,209.8541,198.6963,0.9683
3019,1378,35205,110.787,775.8217,298.7946,387.8625,0.9766
3020,1378,19860,638.4064,277.4143,219.0876,171.2999,0.9742
3021,1378,3482,151.107,219.7175,245.8106,218.6316,0.9699
3022,1378,22346,624.8142,868.8099,213.4442,207.3963,0.9679
3023,1379,19860,126.2821,866.1696,221.4378,167.3295,0.978
3024,1379,22346,161.5318,201.7838,205.0908,197.077,0.9772
3025,1379,35205,587.0022,95.4795,284.0593,377.5299,0.9733
3026,1379,3482,601.7332,867.6804,257.4756,229.5658,0.9728
3027,1381,3350,407.2912,843.5966,190.6402,191.1209,0.969
3028,1381,32309,34.3988,233.9469,364.356,235.4648,0.9626
3029,1381,36636,635.1256,277.2616,235.7234,140.3524,0.96
3030,1381,3831,663.3354,0.0,306.759,74.2482,0.0911
3031,1384,25366,54.3575,97.5433,408.0572,451.0074,0.9809
3032,1384,3482,567.0022,813.985,262.3022,221.21,0.9724
3033,1384,20237,604.6432,195.2893,225.6363,215.3241,0.9695
3034,1384,27776,178.5568,812.398,173.9768,199.3626,0.9593
3035,1385,25366,38.8699,77.8023,395.9205,450.3074,0.9794
3036,1385,20237,576.1914,190.0369,221.1908,213.6718,0.9755
3037,1385,3482,538.6482,780.3622,264.9725,225.8106,0.9743
3038,1385,27776,145.5765,775.6572,178.3034,206.5334,0.9702
3039,1386,25366,537.9776,702.2378,419.4289,467.956,0.9764
3040,1386,3482,173.0146,273.5058,263.1733,219.8924,0.9702
3041,1386,27776,639.8327,292.1946,174.3909,195.4113,0.9669
3042,1386,20237,153.3252,849.9209,231.9986,226.0048,0.9654
3043,1387,22346,111.0943,241.9675,206.3287,196.4584,0.9821
3044,1387,20237,600.5869,180.347,227.1411,216.1918,0.9789
3045,1387,3482,642.376,758.9539,200.8237,271.4,0.9732
3046,1387,20876,137.2941,833.9852,278.4634,307.4371,0.9699
3047,1390,22361,606.2288,745.4676,264.2764,419.5616,0.9675
3048,1390,25437,156.8787,871.6537,261.5181,268.3953,0.9647
3049,1390,2482,601.3452,121.4324,203.3063,460.4946,0.9614
3050,1390,22626,116.6631,162.949,356.5562,455.8979,0.9585
3051,1392,22361,596.7444,744.177,257.543,406.4884,0.9732
3052,1392,22626,111.8142,132.125,361.5314,453.8427,0.9697
3053,1392,25437,154.8127,860.4545,255.7275,253.7641,0.9686
3054,1392,2482,600.4318,81.9239,220.8274,477.5772,0.9615
3055,1393,22346,683.9915,870.5371,213.7162,208.7279,0.972
3056,1393,3482,173.5822,273.788,261.8773,218.6362,0.9698
3057,1393,27776,640.115,292.4228,174.5926,195.0002,0.9669
3058,1393,16261,137.2555,836.1092,248.177,240.6727,0.9666
3059,1395,22346,88.509,193.8189,201.2606,194.3117,0.9799
3060,1395,3482,538.0151,779.7138,265.0029,225.9202,0.9744
3061,1395,16261,576.1297,187.5586,236.0863,227.5336,0.9729
3062,1395,27776,145.2399,775.7056,178.1867,205.8204,0.9694
3063,1396,13394,82.1073,84.2106,230.3928,481.3366,0.9733
3064,1396,19551,512.8255,595.5988,322.3167,486.8754,0.9712
3065,1396,5093,523.5796,161.6412,268.7935,265.4142,0.9687
3066,1396,2482,83.9695,664.5098,212.6156,483.7526,0.9672
3067,1401,22346,651.4452,852.9219,213.3787,207.0289,0.9811
3068,1401,29666,138.5783,871.7336,228.7505,225.6012,0.9729
3069,1401,3482,125.6687,271.6856,271.7424,187.6646,0.9691
3070,1401,25468,576.79,190.423,328.2559,283.6752,0.9577
3071,1402,20237,84.5559,334.0101,225.9596,220.9131,0.9788
3072,1402,33879,461.1298,195.469,389.233,363.3152,0.9657
3073,1402,3350,425.7738,884.6111,189.6077,191.2801,0.9572
3074,1404,33879,117.5451,740.3228,393.3407,373.4277,0.9716
3075,1404,20237,670.625,764.0134,226.2414,219.4799,0.9691
3076,1404,3350,365.4864,214.6255,184.5934,182.7371,0.9635
3077,1407,33879,104.8474,683.7362,312.3936,430.0727,0.9783
3078,1407,3350,380.3972,231.6809,182.7305,180.6533,0.9616
3079,1407,38161,603.9214,793.9261,242.7193,255.4643,0.9539
3080,1408,33207,657.8444,899.1152,218.2804,209.1762,0.9802
3081,1408,16547,74.0196,807.5102,241.4595,238.0875,0.9701
3082,1408,1899,185.7536,272.7058,203.773,138.0322,0.9596
3083,1408,21025,684.9057,274.1388,178.3918,173.3679,0.9555
3084,1411,30307,70.927,128.1782,387.9154,421.8341,0.9814
3085,1411,27652,96.6636,854.5348,220.73,205.0328,0.9728
3086,1411,3482,589.106,845.2422,283.0874,164.577,0.9718
3087,1411,36636,645.6925,207.5852,186.1887,246.862,0.9648
3088,1413,30307,546.962,707.1958,398.5718,425.9282,0.9803
3089,1413,27652,669.4843,254.846,221.7833,199.6856,0.9694
3090,1413,36636,152.0579,802.5291,192.196,253.5308,0.968
3091,1413,3482,130.8564,289.9657,275.8812,173.1806,0.9671
3092,1414,3543,110.2775,194.2289,202.5167,198.6696,0.9787
3093,1414,27925,554.0864,599.7805,276.0129,481.7906,0.978
3094,1414,16547,57.1541,775.5038,239.0517,233.7004,0.9771
3095,1414,10220,601.3854,191.9817,217.2926,212.8383,0.9744
3096,1418,31704,595.542,698.1108,252.1786,453.4002,0.9855
3097,1418,16550,107.0704,649.1747,289.5207,488.7238,0.9733
3098,1418,1899,127.4324,255.0015,200.1943,150.8538,0.9589
3099,1418,6562,561.5964,88.8909,232.2625,395.7015,0.0749
3100,1420,3350,410.2529,874.9818,189.2627,190.6866,0.9625
3101,1420,16687,540.7694,68.5578,271.8342,588.3203,0.9567
3102,1420,41767,102.0931,242.866,288.51,261.7278,0.9437
3103,1420,20237,410.9708,874.8975,188.7811,189.9262,0.0863
3104,1421,16687,107.4608,512.9288,286.8521,650.4648,0.9686
3105,1421,41767,551.2612,720.0556,304.0156,282.563,0.9668
3106,1421,3350,339.0434,166.3829,183.3631,187.8179,0.9638
3107,1424,3482,538.4372,777.8762,264.9701,225.491,0.9736
3108,1424,27776,145.56,774.3812,178.3828,206.9621,0.9708
3109,1424,35205,581.8745,131.9369,220.9508,393.1862,0.9627
3110,1424,31884,98.9073,74.2701,356.5032,520.4181,0.9585
3111,1425,3482,566.424,812.3387,263.0503,220.6541,0.9706
3112,1425,35205,611.1598,143.7885,227.5908,398.2694,0.9676
3113,1425,27776,178.6084,811.749,174.2387,199.2002,0.961
3114,1425,31884,113.7818,96.8586,373.4598,525.8333,0.946
3115,1429,3543,123.3898,253.1553,203.3877,199.3081,0.9756
3116,1429,16547,124.8964,829.1416,238.4215,230.2052,0.9754
3117,1429,10220,678.3866,215.3343,224.004,212.196,0.9744
3118,1429,29344,606.3072,704.2762,279.6084,453.8158,0.9607
3119,1431,10220,648.4578,207.3986,220.5475,213.7563,0.9789
3120,1431,16547,91.8209,789.6518,239.8459,235.0539,0.9726
3121,1431,3543,106.216,241.7064,200.0138,199.2671,0.9709
3122,1431,29344,581.266,668.6106,280.6699,448.7887,0.9494
3123,1433,32309,0.0,662.3046,304.5663,332.131,0.9675
3124,1433,3350,367.9704,173.415,181.532,184.0766,0.963
3125,1433,38161,606.1634,755.0808,302.2812,206.783,0.9394
3126,1433,3831,0.0,1180.5703,226.3152,99.2662,0.2456
3127,1435,20237,590.0837,307.2994,223.4352,216.2189,0.9705
3128,1435,13899,171.2346,339.8016,169.4574,255.0533,0.9697
3129,1435,3350,399.0011,854.074,186.9836,189.407,0.9573
3130,1436,13899,600.5047,626.3929,176.1898,264.5692,0.9721
3131,1436,20237,110.643,700.3164,228.2264,226.664,0.972
3132,1436,3350,349.5064,185.9325,184.2144,188.0172,0.9641
3133,1436,3831,648.1287,1165.2089,327.8713,114.7212,0.0883
3134,1438,6562,583.247,232.6606,209.708,337.7372,0.9775
3135,1438,3543,698.5344,857.3795,214.2059,212.4407,0.9701
3136,1438,12246,176.1554,303.3286,202.9089,124.5801,0.9659
3137,1438,16547,207.6285,840.9412,241.17,237.2769,0.954
3138,1439,6562,167.022,672.1834,218.9958,364.2274,0.974
3139,1439,3543,75.0669,200.7723,199.778,198.4017,0.9703
3140,1439,16547,514.8046,180.5461,230.9768,225.1168,0.967
3141,1439,12246,593.3971,847.5268,211.694,128.0687,0.9496
3142,1441,22346,119.1652,174.2391,200.5555,192.2863,0.9814
3143,1441,3482,578.2046,760.2026,276.29,207.5617,0.9712
3144,1441,27732,89.8058,733.3229,321.398,278.9576,0.9666
3145,1441,36636,593.6572,204.1837,253.0602,166.96,0.9623
3146,1442,27732,129.6844,774.2384,312.3147,276.9123,0.9762
3147,1442,22346,133.7379,179.0094,206.925,196.6247,0.972
3148,1442,3482,608.8955,791.6715,272.8436,208.8711,0.9668
3149,1442,36636,622.448,209.4772,259.2963,167.2678,0.9639
3150,1444,3742,483.7308,150.6256,315.89,300.1374,0.9803
3151,1444,23222,523.8867,628.5005,292.6206,508.8426,0.9754
3152,1444,4377,135.778,102.6987,220.3255,440.5698,0.9706
3153,1444,2482,98.9096,692.8746,209.1401,488.2389,0.9604
3154,1446,23222,124.7674,72.8758,288.0148,500.535,0.9788
3155,1446,3742,126.7357,802.4713,329.5064,314.865,0.9769
3156,1446,4377,588.9148,701.572,225.432,450.5175,0.972
3157,1446,2482,630.2505,32.756,200.8134,480.5718,0.9592
3158,1447,29450,467.69,769.9543,412.0765,243.0114,0.988
3159,1447,3543,105.4769,180.2929,199.7856,197.2406,0.9805
3160,1447,10220,628.2907,192.2516,218.0346,213.7657,0.9731
3161,1447,16547,45.7812,790.4278,241.1214,235.6947,0.973
3162,1449,29450,497.2494,807.5044,405.1222,236.0796,0.9809
3163,1449,3543,120.518,185.4275,203.4264,199.5179,0.9776
3164,1449,16547,79.9503,831.798,238.183,229.0418,0.9748
3165,1449,10220,656.164,198.6392,223.1603,213.105,0.9661
3166,1450,25437,123.9312,811.9038,254.817,253.3769,0.9787
3167,1450,13394,591.8159,711.6876,234.0358,499.1269,0.9744
3168,1450,12777,108.0605,68.1188,294.9776,518.5002,0.9608
3169,1450,2482,605.5334,45.3987,209.0826,484.0039,0.9605
3170,1452,13394,603.537,708.7304,232.5563,518.7987,0.9773
3171,1452,25437,125.5644,824.8505,260.159,265.5523,0.9711
3172,1452,12777,105.9147,82.7655,299.5838,542.4344,0.9584
3173,1452,2482,599.065,87.5145,203.874,466.9288,0.952
3174,1453,18356,50.3381,311.4391,274.4972,328.9758,0.9776
3175,1453,3350,458.9372,906.9955,189.5482,191.207,0.9643
3176,1453,16687,481.5386,120.4764,419.4365,524.006,0.9641
3177,1455,18356,653.0037,650.7602,276.4701,342.7996,0.984
3178,1455,16687,74.4498,622.3042,437.2154,580.8772,0.9709
3179,1455,3350,334.6232,193.1104,182.5472,181.3883,0.96
3180,1458,23222,76.4155,171.3475,295.5398,497.0112,0.9792
3181,1458,4377,639.9907,705.1758,225.1557,454.6852,0.9709
3182,1458,25437,110.5389,829.0594,254.4541,252.7814,0.9625
3183,1458,2482,614.4477,63.2796,237.8791,475.0959,0.9588
3184,1459,22626,74.9881,183.7647,311.214,477.6524,0.9775
3185,1459,12080,650.031,692.3532,244.882,467.2558,0.9652
3186,1459,2482,623.6004,72.5425,223.8519,462.0489,0.9597
3187,1459,5093,106.0382,810.948,286.0438,285.6958,0.9525
3188,1460,22626,547.6051,572.466,316.7752,484.6624,0.9734
3189,1460,5093,550.3484,191.3364,269.6146,265.3997,0.9733
3190,1460,12080,74.8495,128.1042,220.7328,429.7098,0.9707
3191,1460,2482,55.8944,699.6496,256.0806,476.7937,0.9664
3192,1461,22626,72.3109,157.0969,315.0446,474.299,0.9782
3193,1461,5093,105.8493,801.1842,279.1136,275.4055,0.9663
3194,1461,2482,627.7545,31.9632,244.7197,475.6044,0.9615
3195,1461,12080,642.3678,688.8934,232.3683,449.6498,0.9477
3196,1462,25366,527.2866,679.0879,418.8765,463.9729,0.974
3197,1462,3482,130.9324,288.7987,276.2888,174.3732,0.9689
3198,1462,27652,669.9406,254.8462,221.7298,200.6552,0.9686
3199,1462,20237,134.0092,869.5842,230.065,224.6407,0.9667
3200,1463,25366,62.2688,125.0428,412.5254,450.367,0.9798
3201,1463,20237,624.023,177.5495,223.1631,215.6762,0.9739
3202,1463,27652,96.6801,854.52,220.7468,204.9594,0.9717
3203,1463,3482,588.1968,845.5714,283.7338,165.5375,0.9708
3204,1464,25366,48.4076,102.6039,398.9646,448.9247,0.98
3205,1464,20237,595.8986,173.3907,217.5809,213.0562,0.9751
3206,1464,3482,559.9384,811.1311,287.0212,175.4273,0.972
3207,1464,27652,63.7328,811.6757,223.9014,209.9763,0.9693
3208,1466,22346,106.7766,178.1412,199.2229,194.6581,0.9749
3209,1466,3482,557.761,810.918,289.5723,176.0258,0.9711
3210,1466,16261,594.3008,177.4015,236.5771,226.8013,0.9702
3211,1466,27652,61.0847,810.8116,225.211,209.9047,0.9682
3212,1473,19606,152.1631,218.6079,157.7892,152.9038,0.9768
3213,1473,21025,126.0168,866.0936,179.6963,176.575,0.9726
3214,1473,16550,575.1382,88.0668,284.7016,485.076,0.9718
3215,1473,1899,615.4514,861.6447,202.5588,155.6232,0.9688
3216,1474,34596,68.2232,104.3661,437.7142,421.6501,0.9787
3217,1474,3482,610.685,789.6258,272.2349,209.5236,0.9699
3218,1474,36636,621.9326,208.704,259.067,167.1946,0.9634
3219,1474,27732,125.2343,767.0802,312.3314,274.9348,0.9594
3220,1476,3482,579.79,758.99,276.2777,206.3244,0.9714
3221,1476,27732,87.0541,725.4006,321.4155,284.1024,0.9681
3222,1476,34596,55.2418,72.4345,425.3014,429.8907,0.9671
3223,1476,36636,592.3392,203.1801,252.9526,167.6878,0.9628
3224,1477,18356,360.0067,682.3636,247.7002,367.4922,0.981
3225,1477,36636,88.0059,231.7853,235.9836,214.2051,0.9689
3226,1477,3350,652.0808,288.6848,180.899,181.4378,0.9627
3227,1480,3543,642.4539,875.681,215.4912,213.0652,0.9799
3228,1480,6562,593.3458,239.9958,210.1682,338.9502,0.978
3229,1480,16547,173.8727,833.938,239.5259,236.6391,0.9731
3230,1480,10220,159.9974,260.8004,218.1727,213.9949,0.9683
3231,1483,28762,631.1097,898.1828,222.43,213.7224,0.9783
3232,1483,35205,111.116,775.4668,297.4319,388.3876,0.977
3233,1483,19860,638.2564,276.9732,219.3145,172.0036,0.9728
3234,1483,3482,151.5922,220.0568,245.1347,218.9584,0.9696
3235,1485,28762,146.5041,167.5976,212.8501,204.121,0.9788
3236,1485,19860,126.7144,865.9474,220.7283,167.5544,0.9775
3237,1485,35205,587.2994,94.5786,282.1568,378.6456,0.9735
3238,1485,3482,601.3468,867.0609,258.5303,230.5864,0.9724
3239,1488,31862,628.239,831.42,203.5026,203.599,0.9886
3240,1488,21324,211.3958,827.1383,200.5862,196.8234,0.9694
3241,1488,3350,392.9556,207.1616,183.3942,182.6394,0.9667
3242,1489,20237,184.4597,280.7561,224.8824,217.28,0.9661
3243,1489,20013,536.5524,289.9304,337.6954,316.0211,0.9562
3244,1489,3350,403.6694,849.8039,187.4391,190.7442,0.885
3245,1492,21324,184.2556,276.0155,161.049,230.4391,0.9721
3246,1492,3350,380.2975,903.3377,189.0071,191.4481,0.9673
3247,1492,41767,527.6899,298.602,337.0612,355.3323,0.9281
3248,1493,21324,600.4739,721.692,159.3203,238.315,0.9735
3249,1493,3350,367.6504,137.3536,183.9563,188.032,0.9679
3250,1493,41767,59.4047,547.6658,342.2958,372.5598,0.4261
3251,1497,19860,83.7082,825.0072,227.1868,177.9004,0.9838
3252,1497,34596,65.2587,61.1542,293.0934,495.9786,0.9811
3253,1497,3482,565.7354,840.9272,260.5988,232.7739,0.9724
3254,1497,29666,611.3734,198.8409,218.3172,214.1427,0.9589
3255,1500,3350,351.5572,236.9743,183.5162,182.7263,0.9616
3256,1500,38161,197.7304,731.1442,184.487,300.6067,0.957
3257,1500,41767,572.4632,858.1432,346.0837,183.443,0.9434
