annotation_id,image_id,category_id,bbox_x,bbox_y,bbox_w,bbox_h,score
1,1,5093,559.2086,71.2998,395.6492,401.3609,0.9254
2,1,3831,174.8329,744.9706,178.7819,289.0049,0.8528
3,1,18109,158.0114,252.7344,202.8899,121.7194,0.5943
4,1,25468,600.919,672.5296,255.2613,479.4234,0.3124
5,3,5093,525.2238,64.1037,385.988,396.3204,0.9413
6,3,18109,140.9576,241.9848,198.8972,126.3288,0.8415
7,3,3831,142.0482,706.557,181.6188,291.1862,0.8055
8,3,18356,140.9258,704.9866,182.9994,290.7046,0.2189
9,4,3831,597.4074,254.9087,295.2245,163.0981,0.9577
10,4,5093,131.5362,646.3684,294.4336,499.4316,0.9114
11,4,18109,685.7268,808.0237,129.4217,206.2985,0.9001
12,4,18356,115.2982,155.7552,273.1194,412.0723,0.7757
13,5,3831,94.1473,895.707,300.5917,163.717,0.9767
14,5,18109,181.8136,267.7574,129.3305,198.4231,0.9111
15,5,18356,615.8089,716.4456,282.0855,439.4701,0.8645
16,5,5093,573.2366,113.7569,283.0014,477.5561,0.8341
17,8,41767,622.5272,177.917,229.2912,215.3129,0.9657
18,8,27925,131.4143,221.104,204.7583,194.5655,0.9327
19,8,3482,586.7324,846.3159,286.4201,165.3859,0.8133
20,8,19860,96.2864,853.5023,221.714,207.4862,0.7641
21,9,41767,593.2482,176.0526,224.0417,211.1762,0.866
22,9,19860,61.6561,812.5978,226.8178,209.7547,0.8555
23,9,27925,115.2032,210.6457,199.6433,196.2777,0.8443
24,9,3482,560.3871,811.9654,287.4084,174.022,0.6409
25,10,1899,100.2566,807.7976,245.1049,237.1038,0.9012
26,10,6562,101.8485,234.0962,410.7289,220.8908,0.841
27,10,18109,642.9186,844.7073,189.496,188.9888,0.7981
28,10,5885,643.3016,287.6054,190.0375,184.6982,0.7366
29,13,3350,472.105,245.7615,444.9984,273.6507,0.9774
30,13,13899,143.783,331.5986,192.3663,189.2341,0.9678
31,13,27652,429.748,853.2292,189.6449,191.161,0.9311
32,13,22073,146.304,332.1799,189.3717,192.9108,0.0185
33,15,3350,49.8156,781.9898,450.315,280.5258,0.9812
34,15,13899,641.4564,796.438,194.947,189.2449,0.9573
35,15,27652,359.9986,247.7418,184.5748,181.7308,0.088
36,15,23202,49.8156,781.9898,450.315,280.5258,0.0132
37,17,30307,562.2744,644.0384,272.4251,300.8188,0.9872
38,17,22361,117.4137,584.93,302.7265,387.3507,0.8628
39,17,27652,296.4946,165.2811,185.9695,188.5015,0.8108
40,17,27652,296.7899,166.7616,184.8698,186.4413,0.0997
41,19,36636,125.6861,770.0862,314.2276,276.1788,0.9529
42,19,12080,622.9301,205.1499,254.7844,169.6076,0.9434
43,19,34596,100.7185,170.2748,214.1454,201.6809,0.9335
44,19,3482,610.0,788.6214,277.3711,209.7133,0.8519
45,23,27776,23.1436,88.6934,416.62,438.9737,0.9177
46,23,33008,593.6725,179.4259,238.1959,224.9971,0.865
47,23,19860,61.3359,810.6627,223.6052,210.6105,0.685
48,23,3482,558.7458,812.0668,288.0822,173.8392,0.5747
49,24,27776,34.6411,108.5526,432.6406,439.9068,0.9444
50,24,33008,622.2024,181.929,244.5101,232.1136,0.9137
51,24,3482,584.6972,845.9022,288.088,165.469,0.789
52,24,19860,95.3789,851.652,220.4854,207.8077,0.6147
53,27,19231,76.9676,105.3141,295.449,505.113,0.9558
54,27,16687,599.3937,70.505,203.6836,483.0215,0.9251
55,27,32309,125.6565,823.017,257.1549,263.1771,0.9211
56,27,20876,599.3877,710.8902,235.162,514.0262,0.4509
57,28,29870,177.5005,813.6092,177.4858,201.8101,0.9296
58,28,27776,22.8314,62.0687,413.4081,457.4727,0.9246
59,28,3482,564.3782,812.448,267.164,219.821,0.8461
60,28,22361,612.7574,138.6086,230.813,406.6835,0.8086
61,29,29870,144.4595,775.9996,181.492,206.801,0.9645
62,29,27776,10.3533,47.451,401.734,455.7868,0.8796
63,29,3482,535.3109,778.2207,270.0098,225.2037,0.8301
64,29,22361,587.5493,131.905,220.6802,394.8991,0.7983
65,31,16550,110.9374,239.6858,209.4792,202.245,0.9516
66,31,5093,592.0227,49.2206,286.0507,479.9113,0.9195
67,31,29344,197.9735,714.138,217.877,360.2611,0.8844
68,31,27992,656.063,847.5795,185.0794,182.1736,0.469
69,32,5093,111.3527,706.7996,286.4455,499.0766,0.9415
70,32,27992,162.4393,277.982,186.2986,181.1798,0.9413
71,32,16550,671.885,827.1346,216.5688,211.5751,0.9262
72,32,29344,582.7929,229.5574,215.6006,337.3154,0.8186
73,38,25366,83.6186,723.4225,333.9566,243.4468,0.9238
74,38,22361,628.1196,161.5496,212.3318,395.7427,0.8714
75,38,3482,627.589,718.2029,206.2724,269.4116,0.8694
76,38,27732,116.6923,25.7259,398.8693,506.2198,0.832
77,40,27732,618.7029,616.692,325.9923,550.8905,0.9411
78,40,12777,119.7035,840.2021,229.3917,225.235,0.8457
79,40,3482,158.7786,212.8663,247.3261,222.8553,0.8044
80,40,3742,645.4034,277.1544,220.1218,170.6533,0.5987
81,41,27732,56.1001,90.4697,322.9726,540.5332,0.935
82,41,12777,636.898,205.6756,223.6952,215.6112,0.8806
83,41,3742,119.2027,864.3074,219.8678,169.6791,0.8519
84,41,3482,593.5199,873.7924,258.0056,229.08,0.7687
85,42,27732,40.4796,74.0961,311.358,528.7218,0.93
86,42,12777,607.9002,200.0515,219.039,214.6664,0.9299
87,42,3742,83.4596,825.6851,225.9726,177.4199,0.8645
88,42,3482,565.1714,842.4117,262.1318,230.6567,0.6589
89,44,27652,370.5521,152.4641,182.7733,188.971,0.9792
90,44,23202,577.1079,673.2447,180.0075,264.4439,0.922
91,44,12777,93.1424,723.8686,230.9538,228.5654,0.6949
92,44,12777,93.4724,723.5098,230.4166,230.1012,0.1051
93,46,19231,103.4263,111.4168,306.2287,501.6159,0.9864
94,46,12246,601.9168,707.838,232.349,454.0218,0.9163
95,46,16687,591.283,61.524,243.9453,484.4142,0.904
96,46,22626,117.8303,785.482,323.7437,317.7016,0.8495
97,47,19231,528.1302,589.7094,314.0009,503.7422,0.9567
98,47,12246,115.3726,110.4936,221.2935,426.4226,0.9223
99,47,22626,496.1339,165.3348,311.3726,299.1718,0.867
100,47,16687,88.452,664.3554,254.028,472.9115,0.8559
101,53,32309,131.9501,849.8742,260.1824,268.877,0.978
102,53,16687,651.68,94.5135,209.7293,476.1721,0.9113
103,53,19551,94.0047,106.7793,364.229,483.8068,0.8868
104,53,33207,605.4748,673.7784,242.3079,515.3216,0.7719
105,54,16687,72.5696,660.3698,200.9949,486.8656,0.8966
106,54,32309,544.6636,178.0053,250.1016,249.7201,0.8625
107,54,19551,471.8651,639.877,366.2906,487.2229,0.84
108,54,33207,112.3371,69.6547,233.4876,490.5387,0.2684
109,55,16231,49.5654,281.8004,341.8683,322.9567,0.9886
110,55,25437,434.6544,161.5223,505.842,463.8712,0.936
111,55,27652,422.8512,846.6179,188.9048,192.5173,0.738
112,55,41767,44.9939,286.6091,344.88,318.3449,0.0109
113,56,16231,541.5928,619.0985,354.9689,345.3743,0.987
114,56,27652,323.8608,193.4995,185.7315,186.8675,0.9823
115,56,25437,0.62,546.471,506.6678,511.5587,0.9584
116,58,3482,571.1302,839.4785,263.9432,227.855,0.8352
117,58,3742,90.8769,827.5541,226.2924,175.0013,0.8112
118,58,22361,554.5977,89.6834,280.5452,370.2574,0.7416
119,58,28762,37.3211,52.1709,390.8008,465.3978,0.551
120,60,3482,150.2544,217.46,248.2026,222.841,0.8643
121,60,22361,106.1145,769.7182,304.4316,395.7897,0.8587
122,60,28762,545.6482,686.6831,410.8424,493.9356,0.7615
123,60,3742,637.047,276.7992,220.7612,170.0536,0.6066
124,62,12419,90.4153,548.8642,285.1857,419.2284,0.9869
125,62,27652,324.6426,155.6656,185.2709,188.4099,0.9671
126,62,12080,542.2268,651.4762,203.808,253.1044,0.9602
127,62,6191,89.7094,550.0624,289.4886,417.062,0.0127
128,64,16231,588.788,265.0334,339.3356,322.0911,0.9934
129,64,27652,396.546,886.1873,189.7078,192.5205,0.9379
130,64,12777,152.7589,277.9866,229.0125,223.033,0.9074
131,64,31862,151.9588,276.9304,230.3677,226.0784,0.0182
132,65,16231,0.0,633.5578,340.8872,343.6138,0.9946
133,65,27652,350.0885,152.8332,185.1987,187.8116,0.9733
134,65,12777,557.3578,728.0384,231.977,229.5452,0.181
135,65,12777,557.5022,726.5712,232.0173,232.1113,0.0718
136,66,16231,26.7128,718.4233,354.4732,341.0389,0.9922
137,66,12777,596.7392,819.4471,230.5527,222.343,0.8568
138,66,27652,392.4383,211.295,184.8147,183.6317,0.7749
139,68,29870,635.4724,292.5889,177.4041,195.6419,0.9522
140,68,13899,153.1508,828.7958,191.4151,190.6914,0.9004
141,68,3482,171.81,273.2448,261.298,221.1053,0.8382
142,68,33879,512.9933,767.5786,442.341,375.6408,0.7769
143,70,3831,643.2052,259.5593,193.9953,267.084,0.9513
144,70,6562,43.4006,233.1832,409.781,225.2628,0.9391
145,70,5093,52.462,707.6958,297.7406,500.8229,0.7823
146,70,18109,631.7274,899.1512,210.3994,153.9794,0.5033
147,72,3831,154.1537,776.0528,192.8362,278.2075,0.96
148,72,6562,548.7244,843.8995,414.5322,219.6296,0.867
149,72,18109,156.419,223.9921,204.9974,150.5732,0.8656
150,72,5093,645.9016,49.2862,285.9916,479.6533,0.7854
151,73,21770,591.2316,848.1339,214.9157,129.5912,0.9694
152,73,29344,166.2731,671.2586,220.1652,365.7204,0.9608
153,73,16550,70.6886,200.5288,205.8759,199.0762,0.9608
154,73,5093,524.7778,74.1265,351.7038,420.8286,0.9403
155,75,21770,622.5266,879.7223,205.6473,121.7553,0.9558
156,75,5093,555.4972,81.6327,360.7358,432.9192,0.9484
157,75,16550,88.1144,209.0988,208.9154,201.6014,0.9377
158,75,29344,199.1062,713.5988,217.9406,360.2476,0.8615
159,79,33008,126.7654,299.1408,245.5094,233.0058,0.9296
160,79,31862,501.0951,237.7664,326.9509,256.0174,0.8384
161,79,27652,388.1478,845.7534,186.7782,190.7175,0.6387
162,79,33008,127.6172,298.8918,244.7905,233.5143,0.0126
163,80,33008,567.7178,694.6576,252.8418,243.9352,0.9552
164,80,27652,359.7775,195.9263,183.3108,185.6662,0.9549
165,80,31862,91.6997,699.1255,340.0998,267.4031,0.8981
166,82,35205,119.7561,146.7813,319.7991,492.7805,0.9297
167,82,22626,121.6246,835.3631,332.919,331.2907,0.9018
168,82,16687,628.2533,89.7654,201.9503,481.9755,0.9015
169,82,16261,606.9996,734.7863,273.9688,423.8252,0.6019
170,83,22626,490.4856,128.4976,313.9701,301.8498,0.9392
171,83,16261,84.5993,116.7761,262.2351,392.9334,0.9224
172,83,22626,490.1618,128.9801,314.0253,302.3745,0.812
173,83,16687,91.5575,657.0584,208.9484,494.9604,0.7948
174,85,18109,161.4075,257.291,128.9345,198.102,0.956
175,85,1899,570.0421,251.294,233.9985,226.1622,0.9094
176,85,18356,588.2239,676.8206,284.4948,447.3692,0.8653
177,85,5885,146.5384,848.9493,199.2902,196.6706,0.6204
178,86,18109,684.9122,807.7786,130.3311,207.3914,0.9348
179,86,1899,151.6184,769.5121,239.9014,236.429,0.9211
180,86,18356,115.4138,155.9266,273.1282,413.3449,0.7778
181,86,5885,616.6558,249.8008,191.0553,187.729,0.5247
182,88,3543,623.1242,727.9723,249.6244,452.5926,0.8919
183,88,18109,130.2678,230.4201,206.1342,136.6395,0.8821
184,88,6191,77.1305,798.05,307.7082,291.2196,0.8766
185,88,5093,610.3886,51.0655,284.8327,477.5376,0.8099
186,89,6191,40.815,755.5871,313.0907,301.1334,0.9597
187,89,18109,113.5204,223.6494,202.9678,139.3234,0.9132
188,89,5093,581.6126,41.5288,279.6792,468.714,0.8647
189,89,3543,591.8653,693.1466,257.7033,454.925,0.7291
190,90,18109,654.3006,902.3918,214.1036,146.9878,0.9326
191,90,5093,87.5259,708.156,291.6983,494.9574,0.8662
192,90,6191,607.7276,216.2518,301.9106,287.698,0.8624
193,90,3543,135.055,127.8876,244.5124,421.0284,0.6764
194,91,20013,690.1834,300.4843,154.572,147.5567,0.9756
195,91,25468,148.6317,143.0433,257.7655,453.1562,0.9737
196,91,18109,629.4752,894.3103,211.1453,134.7922,0.8916
197,91,1899,121.7465,865.2983,242.7857,238.7564,0.8866
198,95,2482,497.698,717.7031,386.8042,243.2031,0.9641
199,95,12777,60.7078,744.3176,229.6765,230.2218,0.9471
200,95,27652,338.0438,182.6137,181.1677,185.2964,0.9318
201,95,31862,498.7434,717.6538,383.7197,243.489,0.1198
202,97,20013,664.3952,253.1768,155.5643,150.173,0.9745
203,97,18109,687.457,805.9779,131.4396,206.8242,0.9584
204,97,1899,97.7911,820.7761,244.5106,237.1626,0.8963
205,97,18356,114.151,169.5566,310.8255,399.8552,0.786
206,100,20237,518.939,790.2246,383.8638,208.2471,0.9606
207,100,6191,42.2615,746.2938,313.7149,299.1028,0.9427
208,100,1899,585.1273,131.9936,234.9401,223.3661,0.8618
209,100,18109,135.198,244.2668,191.6775,160.4856,0.2083
210,102,18109,150.9533,253.8435,198.0977,162.3698,0.9201
211,102,6191,79.6526,788.7458,305.7612,294.6736,0.8988
212,102,20237,546.045,833.995,373.6467,203.9055,0.8617
213,102,1899,614.1504,136.4845,240.1858,227.1586,0.8336
214,104,29666,105.4692,611.355,250.3297,369.5787,0.9829
215,104,27652,324.4717,204.1026,181.7055,185.8738,0.5592
216,104,22346,616.8372,761.1471,175.7961,230.2982,0.3255
217,104,22346,616.8906,761.963,175.9842,230.1048,0.1521
218,108,4542,108.0208,41.4229,294.2782,529.253,0.96
219,108,16261,587.5533,742.9693,255.8894,413.9214,0.9055
220,108,32309,144.3706,843.0816,253.2528,254.5138,0.8669
221,108,16687,600.0438,71.6605,244.7484,484.552,0.8443
222,109,27776,585.8188,718.1358,381.7539,498.8626,0.9644
223,109,3482,150.1163,216.8094,248.8958,223.174,0.8635
224,109,22361,107.5732,771.2898,303.364,394.6572,0.7915
225,109,3742,636.9798,277.2482,220.4701,169.2193,0.5668
226,110,27776,43.6762,51.1078,380.2518,480.6874,0.9656
227,110,3742,125.5714,865.4993,221.8956,168.6187,0.8321
228,110,3482,598.5346,868.3557,261.2552,229.5095,0.8154
229,110,22361,584.1558,97.3322,287.6096,377.0558,0.5267
230,112,5093,158.7738,586.1484,304.3282,468.3808,0.9549
231,112,16550,126.9305,235.6734,207.6182,198.961,0.9256
232,112,20237,563.8636,811.7628,368.9454,206.1279,0.8381
233,112,21025,633.6167,197.5972,224.5516,215.9625,0.7795
234,113,16550,658.6051,833.7354,214.2931,210.9562,0.9555
235,113,5093,530.1206,228.0752,307.7746,455.8798,0.9397
236,113,21025,126.7531,846.0567,227.7009,223.5065,0.8597
237,113,20237,72.8602,267.3922,367.6908,221.1227,0.5905
238,114,20237,528.6368,765.3804,379.6084,224.3772,0.9559
239,114,5093,127.4997,537.3172,308.4506,474.6109,0.9542
240,114,16550,108.6819,224.2574,205.0817,200.7998,0.9384
241,114,21025,604.8304,191.5722,217.141,213.937,0.8219
242,115,36636,560.9979,257.9062,300.7174,264.4243,0.9461
243,115,27776,501.6262,649.7287,417.0199,462.0743,0.9411
244,115,12080,100.1424,883.4034,266.8256,175.1449,0.8756
245,115,3482,122.2603,307.7964,272.3244,201.1959,0.8474
246,118,25437,422.8882,73.4414,430.8578,527.9347,0.9706
247,118,23202,63.0868,312.336,226.5234,212.5646,0.9051
248,118,27652,457.7532,846.5341,188.4066,191.235,0.8128
249,118,27652,458.1718,846.6007,188.4725,191.0458,0.0264
250,119,27652,292.5407,194.0656,184.7556,186.3305,0.9845
251,119,25437,73.6499,568.8938,449.729,576.6542,0.9633
252,119,23202,651.567,703.9402,226.5801,226.0163,0.7359
253,119,23202,649.7858,705.7224,229.0322,223.6427,0.6756
254,120,27652,333.902,253.7099,184.4338,182.6566,0.9681
255,120,25437,117.1033,676.1887,445.112,576.2004,0.9638
256,120,23202,690.5,796.4287,226.4947,217.2192,0.9084
257,120,10223,688.9905,795.9442,227.7485,220.3624,0.0183
258,122,27776,54.9973,91.2579,365.8748,474.5558,0.9443
259,122,12777,590.6082,169.1756,219.0978,215.1808,0.9435
260,122,21324,47.099,785.4453,355.1205,302.8157,0.5015
261,122,3482,572.9224,811.2909,281.8133,193.2525,0.4865
262,124,18109,171.9742,280.3104,204.4945,140.639,0.9303
263,124,5093,3.506,766.8419,367.906,452.7616,0.9228
264,124,38161,672.0215,273.1394,178.576,170.6023,0.834
265,124,5885,684.6711,884.081,202.6126,197.4869,0.4604
266,125,38161,138.0551,868.5599,180.8304,175.7598,0.9479
267,125,18109,621.9822,888.5406,208.818,140.3187,0.9113
268,125,5093,627.773,34.2842,344.6988,436.7718,0.7952
269,125,38161,137.8261,867.5703,181.4544,176.9678,0.1941
270,126,38161,103.622,832.839,183.4683,180.459,0.9188
271,126,5093,595.2348,29.9924,344.5548,427.7504,0.8883
272,126,18109,593.738,855.7772,212.5944,145.8333,0.8399
273,126,5885,99.9961,194.7058,189.4943,184.265,0.6118
274,127,16687,642.9264,106.4048,200.1893,482.8262,0.9003
275,127,19551,133.877,164.4919,293.8901,521.9022,0.8699
276,127,19606,135.2295,857.704,283.5817,286.0994,0.6389
277,127,16261,619.843,781.7496,257.7316,417.6273,0.507
278,128,16687,650.9582,70.7638,199.84,495.4372,0.8853
279,128,19551,138.1369,133.876,282.9127,521.9452,0.8838
280,128,19606,134.4447,847.524,278.2188,273.6129,0.8585
281,128,16261,608.0896,777.6715,252.3502,406.8453,0.4023
282,129,19606,518.3286,150.4952,268.7346,265.5701,0.9304
283,129,16687,82.1581,639.5314,205.729,495.3574,0.9275
284,129,16261,82.9698,65.44,254.5322,401.5676,0.8738
285,129,19551,524.4416,552.3594,279.9257,511.8186,0.8574
286,130,29870,636.0316,292.9707,177.4983,195.3199,0.9397
287,130,12080,129.5075,831.6042,193.5,252.3658,0.9236
288,130,3482,173.26,272.3106,261.3767,221.932,0.8325
289,130,33879,507.7718,767.5524,464.8802,311.4822,0.629
290,132,29870,178.2718,813.4678,177.6691,201.8523,0.9237
291,132,12080,663.9084,182.016,187.4952,244.4074,0.9027
292,132,33879,23.2751,181.6176,465.7692,308.3739,0.9007
293,132,3482,564.4081,811.922,266.1115,220.7745,0.8495
294,134,27732,40.6116,5.6939,356.1204,522.804,0.9011
295,134,19860,61.0041,812.1181,226.0186,209.6711,0.8454
296,134,22361,647.914,143.5094,202.4913,401.672,0.6765
297,134,22361,648.1524,143.3404,202.4705,400.8078,0.4401
298,135,22361,676.7924,149.4278,205.9517,412.3105,0.9267
299,135,27732,57.4514,20.8932,365.5311,531.7395,0.8774
300,135,3482,585.6262,846.4163,287.2001,164.7314,0.7936
301,135,19860,95.3644,852.6008,221.4967,207.7904,0.6469
302,136,31704,133.7084,243.4765,243.6428,232.0744,0.9689
303,136,5093,81.194,652.6563,313.8331,484.9718,0.9344
304,136,18109,650.3654,851.5729,210.5857,157.0159,0.9117
305,136,20237,567.107,208.9456,323.3674,291.8554,0.5803
306,139,27732,17.1309,45.8157,390.8094,506.9591,0.8945
307,139,22361,587.0458,110.5825,221.049,392.8181,0.8569
308,139,21324,49.2474,785.2351,351.9914,304.7444,0.393
309,139,3482,574.3075,812.2162,280.901,191.3558,0.2234
310,140,27732,25.7981,69.0572,409.4556,506.7204,0.865
311,140,22361,615.6554,118.244,228.999,403.875,0.8404
312,140,3482,601.2074,846.6116,279.3637,186.2688,0.7423
313,140,21324,86.394,830.2916,345.746,301.3434,0.5504
314,142,31704,76.8654,177.5741,252.0388,224.6356,0.9616
315,142,38161,90.4243,830.6362,182.8887,179.4132,0.9432
316,142,1899,592.289,156.2823,235.2494,225.2095,0.9096
317,142,18109,580.4408,866.5406,213.4954,141.7401,0.8651
318,143,38161,124.6452,864.8406,180.9179,176.6015,0.9632
319,143,1899,620.8378,162.5792,240.5584,224.4743,0.9073
320,143,18109,609.078,900.4124,207.8057,136.934,0.8618
321,143,31704,93.4161,184.5421,258.442,228.8674,0.8228
322,146,29870,636.2292,292.8721,176.3121,195.4234,0.9667
323,146,27732,560.0516,666.4308,400.3158,533.8517,0.8861
324,146,3482,172.5194,273.6127,260.1204,220.2926,0.8225
325,146,13899,152.9513,828.7159,190.3763,190.865,0.8213
326,148,31862,500.6693,237.2896,328.5113,256.914,0.8664
327,148,41767,120.4527,300.6738,226.7706,219.3803,0.8478
328,148,27652,401.873,850.6235,189.1076,191.0435,0.5068
329,148,41767,120.4389,300.0948,226.8024,220.4576,0.4107
330,149,27652,345.6248,188.9779,184.8018,187.4598,0.987
331,149,31862,92.1075,698.7004,339.9258,266.9976,0.9274
332,149,41767,592.082,712.569,232.2912,227.3784,0.4401
333,149,41767,594.1522,711.1681,230.8094,229.2416,0.2614
334,150,31862,136.5338,802.2176,335.3862,264.1814,0.9431
335,150,41767,631.3604,801.7663,229.6052,223.6268,0.9063
336,150,27652,388.283,250.8022,183.8631,182.8923,0.6796
337,150,41767,630.8698,804.6014,229.6503,220.316,0.0866
338,151,23222,181.5138,265.7172,208.8432,198.9689,0.9778
339,151,1899,95.4125,818.943,244.0708,236.8516,0.8886
340,151,6562,509.7824,241.1886,411.0324,220.6198,0.8882
341,151,18109,644.4992,845.22,188.343,189.0003,0.8031
342,152,6562,34.0179,801.063,425.0434,224.1357,0.9342
343,152,23222,582.3177,812.8467,217.0734,202.3295,0.9279
344,152,1899,619.2198,204.3161,233.7092,225.2152,0.8658
345,152,18109,147.7964,240.9394,182.5633,180.1981,0.7084
346,153,23222,609.9453,844.1959,212.7745,199.699,0.9738
347,153,6562,70.605,844.0513,418.9586,214.128,0.9603
348,153,1899,647.9296,212.8434,239.2308,225.885,0.8932
349,153,18109,166.9109,248.275,183.1596,181.7946,0.4409
350,154,19231,87.4818,131.0354,319.2431,498.7987,0.9826
351,154,16687,623.3816,42.3403,246.1869,478.6908,0.8927
352,154,33207,596.2362,675.7384,237.0399,497.8101,0.85
353,154,19606,111.1038,805.2096,274.7561,273.3528,0.7942
354,155,19231,530.9054,577.5447,325.0524,494.2433,0.984
355,155,16687,69.6018,687.9248,252.6989,473.6948,0.8041
356,155,19606,545.1426,189.711,271.4355,263.8847,0.4849
357,155,33207,110.8571,69.2891,237.8917,488.8544,0.4626
358,156,19231,93.5853,164.9552,316.2897,495.04,0.9814
359,156,16687,604.5094,79.5957,258.4306,466.3827,0.9286
360,156,33207,602.2736,676.4214,249.5862,512.8468,0.8745
361,156,19606,112.262,816.633,281.5865,284.2601,0.7416
362,157,29870,144.161,776.6723,181.1772,206.6515,0.9532
363,157,33008,573.9381,188.8255,239.4822,226.3839,0.8468
364,157,3482,535.8747,779.9234,269.4462,225.6148,0.8279
365,157,27776,104.8722,80.6539,394.6412,462.8054,0.5515
366,159,29870,177.2811,814.1514,176.9944,202.0087,0.9054
367,159,3482,564.0542,813.6025,267.2282,220.8549,0.8441
368,159,33008,602.6836,196.3775,245.0194,228.2501,0.8353
369,159,27776,121.262,96.6203,403.4661,466.4856,0.5849
370,160,16550,626.998,888.8477,213.768,211.0751,0.949
371,160,31884,210.3271,314.0139,135.2512,140.0483,0.8799
372,160,5093,576.4203,263.3343,288.2927,468.1548,0.8672
373,160,24849,144.052,913.8442,214.3547,212.8755,0.3917
374,162,5093,131.3824,534.8614,288.0352,479.4325,0.9636
375,162,16550,157.728,177.7304,207.6119,200.368,0.9245
376,162,31884,654.666,853.7501,136.6815,134.4565,0.8009
377,162,24849,626.6966,143.7472,208.9344,202.5945,0.2548
378,163,13899,643.7749,249.8167,187.1404,182.5187,0.9476
379,163,29870,178.9482,814.0627,177.2476,202.0112,0.9275
380,163,34596,126.0564,174.2525,214.4864,202.2536,0.9261
381,163,3482,565.7611,812.4264,266.9202,219.4517,0.8296
382,164,29870,635.1108,292.4771,177.9293,195.4727,0.95
383,164,34596,650.906,890.5308,225.3359,214.8765,0.9413
384,164,13899,153.0537,828.6394,190.4785,190.7356,0.9319
385,164,3482,172.08,273.216,260.5866,220.593,0.8389
386,165,29870,145.7102,776.1474,181.0732,206.5023,0.9693
387,165,34596,109.8706,169.9049,209.8299,196.3604,0.937
388,165,3482,537.2798,778.4632,269.5248,224.7618,0.8337
389,165,13899,615.1738,239.321,183.0816,182.2514,0.6721
390,170,19606,107.5183,810.333,282.3613,288.2167,0.9393
391,170,12246,650.7512,697.7329,240.7374,462.9136,0.9108
392,170,19551,117.1169,169.7036,307.9458,513.6222,0.8345
393,170,19606,106.7354,811.5191,281.9068,285.2374,0.4734
394,172,27776,118.303,66.9679,331.5458,498.0954,0.9787
395,172,12777,632.4464,181.3453,223.3224,213.8836,0.8001
396,172,3482,584.1188,845.7581,287.319,165.9844,0.7933
397,172,19860,94.6447,851.6389,220.5965,207.0759,0.6251
398,173,27776,99.2031,50.4646,325.4111,490.8198,0.9586
399,173,12777,603.9536,177.1937,217.7786,214.2762,0.8978
400,173,19860,60.4392,810.7944,223.7696,210.3735,0.7723
401,173,3482,557.7769,812.1725,288.785,174.2726,0.6046
402,174,27776,551.8683,686.893,337.8896,516.9688,0.9717
403,174,12777,124.3238,863.9271,229.5111,227.6387,0.8844
404,174,19860,671.3009,254.5912,221.7085,201.267,0.8698
405,174,3482,132.4067,285.0784,278.9936,176.7162,0.7338
406,175,33879,123.6634,97.2237,280.4334,474.349,0.9256
407,175,12777,637.8148,204.0007,223.4381,215.1112,0.8738
408,175,3742,119.3877,864.3565,220.6349,169.6909,0.8521
409,175,3482,594.2253,873.3981,258.2218,228.895,0.7714
410,176,33879,594.322,675.9311,288.8856,488.2296,0.8492
411,176,3482,157.4041,213.9879,247.8687,221.9746,0.8074
412,176,12777,118.5998,841.7822,229.3922,224.791,0.7556
413,176,3742,644.0018,277.2506,220.3974,170.3072,0.6498
414,179,41767,150.615,851.9016,233.0764,224.8372,0.9846
415,179,29870,636.2566,290.8329,178.035,196.1281,0.9352
416,179,27925,645.0172,832.5806,213.7434,207.3987,0.9318
417,179,3482,172.5732,270.0096,261.1374,222.0491,0.6872
418,180,41767,575.095,190.135,224.9442,213.7635,0.9869
419,180,29870,144.1906,777.3896,181.4396,206.3632,0.9494
420,180,27925,122.8916,228.7782,204.1729,194.2992,0.9351
421,180,3482,536.4554,780.5822,269.4074,225.5338,0.8263
422,183,5093,15.3112,700.2254,411.1312,410.8092,0.9299
423,183,21025,159.0492,258.8945,218.1174,214.9181,0.898
424,183,29344,590.6129,238.7319,216.6387,339.2698,0.8699
425,183,16550,639.7072,876.5417,217.9117,213.9318,0.6238
426,185,16550,140.2,173.2321,204.2271,198.4225,0.9542
427,185,1899,133.339,739.8827,239.6711,231.8287,0.8922
428,185,31884,628.323,822.4858,139.1102,137.9415,0.8705
429,185,24849,599.6122,143.6892,202.4633,199.374,0.556
430,186,16550,157.8614,178.4432,207.1357,200.8128,0.9191
431,186,1899,165.5227,782.2577,238.285,226.7112,0.8349
432,186,31884,656.5315,854.2106,135.5789,133.8086,0.7221
433,186,24849,627.1002,143.4625,208.9146,202.85,0.2054
434,189,4542,84.5489,126.9388,299.6897,533.8823,0.969
435,189,16687,642.7316,111.0559,200.6694,478.3136,0.8937
436,189,19606,134.7969,857.7135,283.6854,285.4447,0.6604
437,189,16261,619.6328,781.8638,257.1893,420.6523,0.5327
438,191,5093,581.8088,568.93,285.7024,486.2353,0.9407
439,191,16550,122.4338,181.8808,204.0477,198.7401,0.897
440,191,21025,92.3991,788.652,224.6105,219.752,0.8535
441,191,24849,638.6698,151.7026,203.3446,199.3311,0.4572
442,196,16261,84.621,117.6609,260.9641,392.5708,0.9346
443,196,16687,87.4919,659.4158,216.2878,494.8438,0.8935
444,196,22626,490.2091,128.6996,314.5049,302.7046,0.8584
445,196,4542,530.1627,512.4554,289.4223,529.9494,0.2969
446,197,4542,119.9845,171.2012,291.0608,524.6869,0.9715
447,197,16261,599.974,732.7974,264.197,409.96,0.9178
448,197,16687,632.2234,52.7422,207.0982,494.993,0.916
449,197,22626,120.5974,830.0243,323.7255,320.4564,0.9035
450,198,16687,627.3746,86.8444,201.0913,482.496,0.9042
451,198,4542,116.7274,190.5638,298.1752,536.1962,0.7932
452,198,22626,121.2054,836.6652,332.4915,330.5248,0.6924
453,198,4542,118.7906,191.0846,295.0495,533.3284,0.6009
454,199,29870,175.3617,812.4814,178.5425,202.0027,0.9178
455,199,3482,561.7759,812.9695,266.0051,220.6114,0.8556
456,199,33879,31.982,116.7602,411.5826,405.0141,0.7449
457,199,12777,628.8366,163.4638,221.7515,214.9735,0.6071
458,200,29870,637.3148,293.6654,178.9689,196.1001,0.9353
459,200,12777,126.0876,879.6514,230.608,227.2562,0.8933
460,200,33879,562.5282,732.7387,408.6332,412.4214,0.8049
461,200,3482,175.3844,270.9065,261.8172,223.4626,0.7933
462,202,25366,544.9174,291.9785,328.7303,236.947,0.9435
463,202,33008,109.1008,835.1714,249.3936,242.28,0.9431
464,202,27925,691.5702,867.2979,211.5839,208.149,0.9127
465,202,3482,143.6577,291.3661,211.8092,255.9427,0.827
466,203,25366,81.5348,725.0676,335.3016,244.7194,0.9219
467,203,27925,84.4486,196.225,201.02,197.156,0.8665
468,203,33008,601.861,188.5988,236.7791,225.7996,0.8375
469,203,3482,623.8472,720.0247,208.5371,270.3007,0.5909
470,204,27925,99.1199,204.471,203.9016,196.862,0.916
471,204,25366,116.4,768.4775,330.7305,231.6299,0.8965
472,204,3482,649.4932,752.0026,210.7356,267.5969,0.8891
473,204,33008,630.3352,196.2558,243.3409,227.8469,0.808
474,205,29344,165.6843,673.7974,220.1082,364.7219,0.9804
475,205,16550,112.5598,164.0089,203.1648,199.1154,0.9297
476,205,31884,623.6854,848.5346,138.9571,138.9387,0.752
477,205,1899,591.512,122.0198,232.8128,223.961,0.6922
478,210,22073,595.6012,876.307,205.9044,204.0853,0.85
479,210,12777,161.2929,748.9408,231.331,223.4845,0.844
480,210,27652,418.395,245.4625,184.69,179.5896,0.2064
481,210,12777,161.0306,749.3693,232.0392,222.1359,0.0763
482,212,38161,138.374,868.6044,180.6716,175.1575,0.9459
483,212,6191,57.6032,125.4152,308.9866,287.5191,0.9452
484,212,18109,622.3662,888.3568,208.6919,140.071,0.907
485,212,5093,475.5296,138.5162,449.5547,353.7557,0.9027
486,213,5093,451.1088,127.4071,433.3986,346.2713,0.9222
487,213,6191,44.4715,114.5782,301.7474,289.4296,0.916
488,213,38161,103.7123,832.6424,183.8169,180.7474,0.9064
489,213,18109,593.6438,855.7068,212.9606,146.0544,0.8462
490,214,5093,571.2574,58.0132,272.8179,462.688,0.9284
491,214,18109,140.2883,239.0757,200.9652,128.5254,0.8717
492,214,25468,91.4804,615.4684,276.3127,484.8739,0.8305
493,214,23222,586.4008,799.9959,219.4406,206.9123,0.6834
494,215,25468,130.4823,660.9323,266.598,478.6921,0.9556
495,215,18109,157.7634,249.9497,203.4426,123.1545,0.9043
496,215,5093,595.9994,63.523,284.6544,477.7484,0.8924
497,215,23222,615.5177,833.399,211.0989,202.043,0.7867
498,217,16687,590.4754,58.724,246.0746,487.708,0.9124
499,217,12246,601.3504,707.3823,232.624,454.369,0.9077
500,217,19551,128.6014,125.9758,279.5012,530.7536,0.88
501,217,22626,117.0116,785.1018,323.9764,317.9833,0.854
502,219,22626,495.655,165.4029,312.1899,299.2807,0.8749
503,219,16687,87.3067,664.1952,256.5273,473.4084,0.8631
504,219,12246,115.5588,109.5293,222.2304,427.5262,0.8319
505,219,19551,534.9342,548.6852,273.8284,529.369,0.8075
506,222,33008,169.1371,767.1254,250.2646,239.926,0.9582
507,222,30307,601.025,740.0972,276.5234,302.967,0.911
508,222,27652,404.8346,203.484,184.596,182.0838,0.8777
509,222,18356,602.2716,738.8636,277.7678,303.7675,0.1152
510,224,12777,618.7204,172.38,224.1946,216.5491,0.9239
511,224,3482,601.1768,846.2315,279.6951,186.4186,0.6962
512,224,21324,83.7335,829.6706,347.5396,299.6453,0.5978
513,224,28762,105.4799,80.238,368.4821,486.4632,0.3484
514,225,28762,528.1957,659.9666,376.8287,510.7608,0.9413
515,225,12777,138.2879,870.3526,229.4089,227.8202,0.9195
516,225,3482,124.5584,269.9771,273.9622,190.0836,0.8795
517,225,21324,576.5106,190.9152,327.7556,282.5587,0.5613
518,226,27925,110.7695,229.3826,205.3538,196.9352,0.9855
519,226,41767,641.9978,187.68,230.9541,217.8525,0.9824
520,226,3482,598.771,869.1898,260.331,227.4935,0.8593
521,226,3742,125.2927,865.3797,221.9696,168.7009,0.8447
522,229,19231,497.1906,657.0384,407.3594,452.7564,0.9539
523,229,22626,536.3986,153.1293,316.1886,300.4486,0.9094
524,229,16687,53.8319,680.0507,277.4543,455.264,0.8843
525,229,33207,94.8666,60.2675,246.8505,482.3648,0.7493
526,231,19231,55.1567,127.1998,394.2167,451.9594,0.9606
527,231,33207,608.7501,692.3799,240.628,514.3489,0.8987
528,231,16687,598.5464,108.8927,284.8075,448.9546,0.8787
529,231,22626,76.6882,811.9066,331.5246,330.3028,0.8161
530,232,27925,129.8194,233.8293,203.7946,196.4957,0.9895
531,232,36636,116.2922,774.2492,322.9377,267.8722,0.9807
532,232,12777,676.4214,188.635,224.4303,214.771,0.88
533,232,3482,597.6771,799.8302,279.3165,204.0853,0.7823
534,234,27925,113.2151,225.0675,198.7496,190.0114,0.9783
535,234,36636,81.9414,733.5518,327.9114,268.4058,0.9655
536,234,3482,568.8752,768.5076,281.2622,205.3002,0.7876
537,234,12777,646.9879,185.4252,219.3366,211.8199,0.5572
538,236,34596,613.3988,834.0466,224.2615,214.0079,0.939
539,236,22361,102.5742,686.325,208.446,420.2814,0.8888
540,236,19860,666.8578,254.5998,225.2497,200.0753,0.8461
541,236,3482,131.2612,285.1313,279.0144,176.3262,0.7249
542,237,34596,142.6378,222.4985,209.684,200.1832,0.9119
543,237,22361,649.9336,143.8279,201.0676,399.2201,0.8843
544,237,19860,60.9265,812.5084,226.752,209.3072,0.859
545,237,3482,559.437,812.062,287.9697,174.2891,0.5104
546,238,27652,403.2662,833.705,186.31,188.9208,0.9857
547,238,33008,625.2872,241.2514,243.5447,231.7966,0.9379
548,238,29666,69.0071,257.8184,298.9224,298.9214,0.9123
549,238,29666,67.9263,257.171,301.9974,299.0715,0.4039
550,241,12419,514.936,255.7496,309.3826,385.7964,0.9888
551,241,41767,128.5563,328.3828,228.0565,218.9212,0.7902
552,241,41767,127.2189,327.7864,229.7108,220.3338,0.6358
553,241,27652,409.8205,912.6119,191.3086,192.1259,0.5837
554,243,12419,141.1058,645.2333,319.7642,404.8544,0.994
555,243,27652,378.6058,184.6229,185.1002,183.5967,0.9624
556,243,41767,619.709,768.3944,232.4051,227.4445,0.618
557,243,41767,619.3951,770.0994,231.7752,224.878,0.3468
558,244,16550,127.717,169.7601,207.4581,200.5476,0.9128
559,244,29344,198.4168,714.4938,218.5209,360.6561,0.9117
560,244,5093,582.2824,3.6926,282.4815,483.4405,0.8876
561,244,31884,650.8112,879.3425,138.4406,136.2398,0.8062
562,247,16687,625.1378,85.9951,202.3874,484.4312,0.9003
563,247,22626,122.4857,836.538,330.6014,330.539,0.8665
564,247,22626,122.1744,837.7783,330.776,330.8166,0.6985
565,247,16261,607.389,736.6695,272.7449,421.7382,0.6502
566,248,16687,631.5672,53.3703,208.1713,494.1756,0.9223
567,248,16261,599.4986,732.5972,264.693,409.8657,0.9167
568,248,22626,120.4717,830.8338,323.3328,319.8056,0.8911
569,248,19551,50.1472,110.1605,343.0152,496.7458,0.8624
570,249,19551,555.9802,592.1842,337.7274,499.5432,0.9409
571,249,16261,84.843,118.3686,262.0944,391.5029,0.9288
572,249,16687,85.173,659.4118,219.014,493.4074,0.9033
573,249,22626,490.4383,129.0673,314.3142,303.0899,0.8685
574,250,12777,127.6863,205.6821,226.391,224.025,0.956
575,250,29666,544.0381,229.1645,237.9042,351.9794,0.947
576,250,27652,379.1829,850.5917,186.6721,189.7876,0.4551
577,250,29666,543.7132,229.8332,240.6901,350.2525,0.4301
578,251,27652,370.0915,179.7568,181.9396,185.1429,0.8688
579,251,29666,140.5126,597.7336,244.6255,368.9961,0.6777
580,251,29666,139.7121,598.0996,245.3595,369.805,0.6293
581,251,12777,586.805,793.2918,231.9863,232.2306,0.4519
582,252,29666,185.5612,696.1648,239.8637,364.0517,0.8917
583,252,12777,624.7734,885.5249,229.1188,222.5498,0.8834
584,252,27652,411.9912,238.0306,182.5952,181.8193,0.6344
585,252,29666,186.4269,696.4906,238.363,364.9084,0.378
586,253,3350,452.1088,253.7902,437.0315,291.0549,0.9935
587,253,22361,58.4077,257.9402,414.3311,218.6133,0.8792
588,253,27652,445.9868,849.653,189.2487,190.7584,0.5311
589,253,27652,446.4333,849.0846,188.5495,191.1096,0.0536
590,256,35205,500.5722,654.2702,312.4772,497.6806,0.9394
591,256,16687,64.5285,663.3402,208.0328,488.3788,0.907
592,256,32309,542.2299,180.0667,249.0542,249.1102,0.7806
593,256,16687,64.339,662.9856,207.554,488.935,0.4058
594,259,30307,108.7537,284.6136,272.4354,287.5735,0.9852
595,259,27652,384.1708,894.3137,189.1556,191.4203,0.9821
596,259,41767,603.0508,279.235,225.5818,220.9071,0.9733
597,259,18356,107.8029,286.6082,276.5208,282.024,0.0159
598,262,12777,603.7519,176.3548,218.1729,214.8065,0.8999
599,262,19860,60.116,810.7014,225.5954,210.5516,0.8575
600,262,3482,558.1166,811.8518,287.8129,174.0698,0.5651
601,262,28762,77.9832,29.8367,336.2329,498.5157,0.524
602,264,19860,669.6204,255.2797,223.5766,200.4744,0.8598
603,264,12777,124.522,864.0223,229.5117,227.1746,0.8427
604,264,28762,565.0344,672.4284,356.2685,526.4265,0.8228
605,264,3482,132.7887,285.1057,278.8406,176.9382,0.686
606,265,27776,599.7576,665.5497,374.6682,501.9353,0.9668
607,265,13899,142.7102,847.6716,195.9643,191.8852,0.9107
608,265,19860,670.5324,254.4679,221.775,200.847,0.8591
609,265,3482,132.4917,285.2392,278.54,176.7386,0.7103
610,266,27776,20.2604,106.8723,391.4598,477.0079,0.9715
611,266,13899,648.2246,231.581,192.4366,180.8798,0.9211
612,266,3482,585.135,845.8164,286.7896,165.5541,0.7926
613,266,19860,95.3484,851.9913,219.8466,208.221,0.5657
614,271,27925,105.3918,189.1001,201.4328,193.8377,0.9172
615,271,25366,83.0405,724.4856,335.3471,243.3585,0.9069
616,271,22361,633.3352,162.5237,214.4709,395.9138,0.8903
617,271,3482,627.5958,718.831,205.9096,269.6228,0.863
618,273,27925,665.5885,876.3617,213.4138,208.9601,0.9775
619,273,25366,543.5106,292.6602,329.9379,237.5261,0.934
620,273,3482,142.3067,292.4508,211.5016,256.6704,0.8808
621,273,22361,97.287,672.345,236.6227,411.7638,0.8551
622,274,16231,577.6416,256.2308,339.118,320.4874,0.9881
623,274,27652,420.1276,889.9252,189.5602,191.745,0.8373
624,274,22346,203.9766,326.209,151.0454,232.8428,0.4649
625,274,16231,576.739,254.9806,340.263,322.1228,0.1499
626,275,16231,6.5315,643.6766,348.9898,346.3142,0.9907
627,275,22346,581.237,665.1336,154.6951,244.34,0.7551
628,275,27652,327.8307,149.8762,184.5349,188.7202,0.3094
629,275,27652,328.4254,149.3479,183.8297,188.9075,0.0121
630,277,12080,621.0298,198.4044,261.4476,151.7389,0.9548
631,277,33879,75.9374,95.4998,405.9659,407.7382,0.9069
632,277,3742,125.4559,865.4774,221.4283,168.6866,0.8465
633,277,3482,599.326,869.059,260.5159,227.5923,0.839
634,278,12080,96.2362,908.5264,270.6182,163.3129,0.9434
635,278,3482,150.7358,217.1569,247.8731,223.0963,0.8561
636,278,33879,521.6574,743.5472,409.0432,422.3792,0.8215
637,278,3742,637.4952,277.0534,220.5828,169.6859,0.6561
638,280,27652,410.1652,867.8111,188.4187,189.7355,0.9836
639,280,4377,433.0773,271.0731,389.6615,355.1975,0.9759
640,280,13899,134.5318,290.6358,188.2591,191.4383,0.831
641,280,22073,135.5906,292.3578,186.2442,187.7905,0.0395
642,286,29870,144.1432,776.7126,180.8848,206.7775,0.9575
643,286,33879,25.6147,114.1268,382.3695,411.9364,0.8606
644,286,33008,574.4965,189.2931,239.199,225.8948,0.841
645,286,3482,535.5632,780.1164,269.2133,225.9984,0.8235
646,287,33008,135.6428,834.9103,251.7662,242.5102,0.9565
647,287,29870,636.7516,291.3374,178.0606,196.6483,0.942
648,287,3482,173.036,270.6485,261.4375,222.3907,0.7788
649,287,33879,575.1198,702.4228,393.514,428.2906,0.7162
650,288,29870,176.9058,814.0034,177.3845,202.3005,0.9031
651,288,33879,41.2285,128.6134,393.3435,421.9168,0.8493
652,288,3482,564.0108,814.0694,266.1614,219.8254,0.842
653,288,33008,603.327,196.3789,244.0616,228.1013,0.8351
654,289,16261,587.9063,740.6912,255.7835,416.0898,0.9174
655,289,19551,95.8689,47.0813,273.8852,535.7234,0.8941
656,289,32309,144.4652,843.9081,253.1114,253.5904,0.8771
657,289,16687,597.0014,76.4674,247.9682,479.3374,0.8566
658,291,32309,534.6584,176.882,247.23,249.2642,0.9368
659,291,16687,74.5539,653.0031,257.3862,476.0765,0.9174
660,291,19551,570.411,618.204,277.599,530.6671,0.8894
661,291,16261,102.6524,102.5586,250.0287,395.2334,0.7601
662,292,16687,72.3516,658.5624,200.8722,489.0525,0.9169
663,292,4542,540.3228,590.4221,328.4647,505.9344,0.9094
664,292,32309,544.7027,178.0035,250.4954,250.2172,0.8662
665,292,33207,111.0474,69.7438,234.5484,490.3724,0.3811
666,295,16231,124.9762,190.7114,338.8516,320.8824,0.9868
667,295,27652,413.4983,864.2334,189.6476,189.3823,0.9787
668,295,13899,642.332,297.1988,190.9258,190.695,0.9282
669,295,16231,126.3562,192.3643,338.0496,317.598,0.0321
670,298,3543,574.0398,174.1366,246.1886,422.862,0.8909
671,298,18109,681.0765,879.1209,212.5904,130.7462,0.8796
672,298,1899,157.7257,777.3222,241.7224,235.1552,0.8035
673,298,23222,152.0944,235.909,212.2485,194.8317,0.7906
674,299,18109,87.8644,259.4416,202.4238,127.7301,0.9122
675,299,23222,610.8698,846.725,213.7204,205.2075,0.8418
676,299,1899,560.1151,245.0122,234.1623,227.3805,0.7218
677,299,3543,137.6469,642.4394,253.4254,453.3755,0.6456
678,302,27652,308.3057,159.7781,185.5343,187.9152,0.9918
679,302,12080,570.7993,712.2222,233.4261,225.8116,0.9536
680,302,31862,93.4993,636.5538,283.3801,323.224,0.8183
681,304,16547,106.8645,131.1179,310.351,503.8655,0.9389
682,304,22626,132.4631,811.794,331.5869,331.2952,0.8552
683,304,16687,623.7486,57.9414,194.341,480.6368,0.8428
684,304,33877,594.236,703.5108,235.1603,466.5572,0.5724
685,308,30307,561.8366,603.7018,277.1849,300.3662,0.9767
686,308,12080,118.5073,712.4457,190.7454,262.0997,0.9341
687,308,27652,288.6541,205.9164,185.0266,186.5591,0.8161
688,308,27652,288.0418,204.8697,186.2267,187.7059,0.0757
689,310,16550,653.2582,890.8065,215.0474,213.3094,0.9603
690,310,5093,111.0621,146.1747,310.969,448.7781,0.913
691,310,24849,138.7035,866.8751,213.4311,210.4324,0.6602
692,310,21770,620.5497,320.8274,173.0521,186.2076,0.2123
693,313,28762,12.6992,20.8615,450.0711,411.1534,0.9537
694,313,12777,594.6036,181.7718,219.8481,213.2247,0.9345
695,313,25366,38.2097,754.7384,326.8484,251.7824,0.9301
696,313,3482,621.4294,721.3531,210.6664,270.7148,0.8482
697,315,25366,591.443,258.4098,324.8342,242.4028,0.978
698,315,12777,132.5863,858.0973,231.2848,227.3425,0.8591
699,315,3482,145.3836,287.9884,211.7421,256.7687,0.8026
700,315,28762,510.8739,778.8898,457.6095,431.3516,0.7007
701,316,16550,126.8191,234.8664,207.8723,199.595,0.9367
702,316,20237,564.7765,812.4852,366.4393,205.0057,0.8481
703,316,1899,166.2708,790.3879,237.912,228.7702,0.8431
704,316,21025,633.8744,197.2518,224.5856,216.3668,0.8338
705,317,16550,658.4954,832.9647,215.1883,211.2304,0.9568
706,317,21025,126.802,845.6735,227.7478,223.5516,0.9054
707,317,1899,590.0384,281.3215,235.5785,225.5288,0.7481
708,317,1899,71.7046,267.5968,370.2049,220.502,0.1012
709,320,25366,83.3991,724.5088,335.466,241.772,0.914
710,320,34596,135.1801,195.4726,210.4284,199.4398,0.9127
711,320,22361,633.2408,162.5428,213.8488,396.0042,0.8832
712,320,3482,627.6248,718.7624,206.0291,269.2109,0.8606
713,323,27925,655.0957,877.2988,214.5925,207.3904,0.9801
714,323,19860,667.4778,253.9989,224.3448,200.3298,0.8435
715,323,12080,150.4679,802.5496,195.9861,253.5925,0.8254
716,323,3482,131.8844,284.9527,277.589,175.983,0.7516
717,324,27925,130.9004,192.616,205.3178,200.3154,0.9433
718,324,12080,643.0878,210.2819,191.102,246.197,0.9331
719,324,3482,586.1165,846.4001,286.9005,164.6212,0.8211
720,324,19860,95.2504,853.4135,221.818,207.3376,0.7627
721,325,29870,637.2388,291.5344,177.3287,196.3636,0.9598
722,325,33008,135.9112,834.3962,251.0699,242.503,0.9532
723,325,27732,515.0322,699.3982,400.6757,533.9948,0.9077
724,325,3482,173.58,270.5239,261.2221,222.7518,0.7429
725,327,29870,176.6966,814.0688,177.1954,202.2507,0.926
726,327,27732,95.9267,25.9475,404.5318,509.5544,0.8534
727,327,3482,564.0786,813.722,266.4581,220.4856,0.825
728,327,33008,602.9918,196.4923,244.1062,227.5926,0.7771
729,328,27732,524.216,638.1844,375.3956,539.8132,0.924
730,328,36636,561.2872,257.7833,300.1378,264.198,0.9203
731,328,12080,101.4273,882.9517,265.9153,175.5945,0.8949
732,328,3482,122.7467,307.3219,272.1522,201.071,0.8509
733,332,27992,84.4327,824.4986,187.6098,182.2936,0.9731
734,332,16550,125.5436,142.1746,203.3641,197.4625,0.9288
735,332,5093,566.5264,536.9939,282.3741,491.1164,0.9276
736,332,24849,587.6877,166.4671,205.8697,198.6355,0.6598
737,334,13899,627.039,221.6374,188.2695,182.1344,0.9368
738,334,25366,82.9506,724.5066,334.8721,241.8163,0.9148
739,334,3482,627.5376,719.0942,205.9633,269.0546,0.8641
740,334,27925,145.2818,224.3832,204.3844,192.2002,0.7902
741,335,25366,543.048,292.5546,330.481,237.0244,0.931
742,335,27925,623.3116,838.3912,212.248,206.9368,0.9179
743,335,3482,142.6755,291.7695,210.8989,256.7258,0.8888
744,335,13899,134.9091,847.715,195.2154,191.4418,0.8499
745,336,27925,163.3442,232.8489,208.0001,197.0976,0.9716
746,336,13899,655.8862,232.9768,192.305,177.7131,0.9537
747,336,25366,117.4238,768.5578,330.8508,231.2057,0.8735
748,336,3482,651.639,750.68,211.0828,266.9302,0.8594
749,337,27925,642.029,834.5266,214.013,207.5174,0.9447
750,337,12080,131.7964,832.2176,181.0815,260.633,0.9111
751,337,3482,123.9878,269.7767,274.3555,189.4757,0.8945
752,337,21324,576.8308,188.8235,326.6476,284.1861,0.5358
753,338,27925,125.7026,226.3086,203.2963,192.8429,0.9337
754,338,12080,645.5805,170.7864,169.873,247.3588,0.847
755,338,21324,48.48,785.7553,353.1674,303.3296,0.5061
756,338,3482,573.3732,813.1248,282.3466,190.4352,0.4863
757,339,27925,143.9988,237.5684,207.7794,195.6265,0.9536
758,339,12080,674.063,173.2901,175.4396,252.0402,0.9388
759,339,3482,601.4107,846.7271,279.4712,186.4612,0.7511
760,339,21324,85.5718,830.6372,346.2968,301.8641,0.5442
761,340,41767,574.8695,189.9916,224.605,214.4926,0.9839
762,340,29870,144.6071,776.8639,181.0732,206.9858,0.959
763,340,3482,536.1862,780.9621,269.3556,224.5805,0.8252
764,340,28762,36.4707,81.5382,393.173,471.3924,0.6978
765,341,41767,603.159,194.1672,229.1196,218.1286,0.9236
766,341,29870,177.693,814.1764,177.2823,202.3923,0.9101
767,341,28762,50.3597,113.2584,404.0771,464.5794,0.8722
768,341,3482,565.28,813.8374,266.2732,220.0564,0.8302
769,344,34596,154.4704,191.9186,214.0817,203.4176,0.9256
770,344,29870,176.7547,814.2724,177.8745,202.5593,0.9016
771,344,33008,602.841,196.8452,244.7202,227.7929,0.8727
772,344,3482,564.6328,814.15,266.1564,220.6003,0.8474
773,345,29870,143.7078,776.8362,181.1815,206.6094,0.9618
774,345,34596,137.1307,185.0257,209.78,201.2329,0.9521
775,345,33008,574.2804,188.4399,239.7662,226.4696,0.8598
776,345,3482,535.5688,780.3412,269.8967,225.4347,0.8257
777,346,13899,643.6594,249.8301,187.0844,182.6367,0.9376
778,346,29870,179.181,813.8,176.6501,202.0101,0.9116
779,346,27776,144.5089,51.5734,333.0136,503.1343,0.9078
780,346,3482,565.4069,812.3236,266.8082,218.927,0.8362
781,347,29870,146.4492,776.1769,180.309,206.6804,0.9585
782,347,3482,537.1433,778.615,269.1906,223.799,0.813
783,347,27776,124.0065,45.3354,326.8757,486.2727,0.8126
784,347,13899,615.424,240.9539,182.5463,181.3785,0.6772
785,349,29870,178.7267,813.7976,177.7429,202.1037,0.9159
786,349,22361,612.7228,137.3206,230.6112,407.1369,0.8397
787,349,3482,565.698,811.8018,266.5604,218.9486,0.8349
788,349,28762,7.5861,129.3055,441.548,429.687,0.7927
789,352,35205,112.0176,175.8102,326.8841,485.8215,0.9329
790,352,16687,643.3396,111.3148,201.0584,478.9915,0.8613
791,352,19606,135.7909,857.8616,283.6244,285.3577,0.7823
792,352,16261,621.2907,781.8468,257.1073,418.1654,0.7414
793,355,19231,539.9152,590.5306,307.294,507.4782,0.9812
794,355,12246,74.5132,128.2956,221.8203,430.9342,0.9026
795,355,16687,54.4253,696.2638,248.6922,480.6588,0.8584
796,355,19606,548.796,191.9243,269.6059,265.8375,0.6526
797,356,19231,93.0951,109.2792,305.5997,502.1378,0.9865
798,356,19606,106.99,801.6101,276.7133,273.1076,0.9722
799,356,12246,643.0581,692.0378,233.7864,447.5174,0.8934
800,356,16687,631.8456,25.5465,235.0166,484.6439,0.8528
801,359,29870,175.6326,812.2772,177.7645,201.9559,0.9485
802,359,27732,83.0582,47.8802,364.0496,527.5813,0.8963
803,359,3482,561.5305,813.2871,266.9464,219.8174,0.8429
804,359,12777,628.7914,163.1048,221.7384,215.5464,0.6917
805,361,12419,208.7912,161.3961,213.1093,418.2579,0.9337
806,361,33008,642.0974,287.3365,244.0875,236.5608,0.9294
807,361,27652,428.7766,882.688,189.8913,189.5197,0.441
808,361,27652,428.6264,882.4235,189.6961,190.2153,0.1093
809,364,27652,405.8725,855.0356,191.7715,191.8892,0.9831
810,364,2482,587.4382,165.815,242.6557,340.2109,0.9608
811,364,22361,104.288,256.8226,343.849,323.7819,0.9073
812,364,29666,586.7446,165.4363,242.6556,339.4998,0.1812
813,372,28762,12.1846,139.8103,453.2332,417.1216,0.9321
814,372,21324,45.7492,857.1246,381.3572,216.7355,0.793
815,372,33008,573.2418,194.3213,245.9436,233.1329,0.7715
816,372,3482,601.4256,846.1061,279.9898,186.0203,0.682
817,374,27776,100.465,34.2169,408.1055,466.5464,0.9411
818,374,3482,645.6201,753.0694,213.2312,268.9979,0.8823
819,374,25366,72.2776,799.14,324.612,244.5632,0.8744
820,374,12777,624.1302,185.6013,224.0276,215.3007,0.305
821,379,27652,465.6254,858.1254,187.8443,191.6539,0.9827
822,379,25437,448.8008,152.36,498.0292,478.8746,0.8964
823,379,22073,137.0744,314.1658,206.5397,210.0042,0.7651
824,379,13394,137.0503,313.6919,207.8512,208.1589,0.0815
825,380,25437,0.0,543.4538,490.9346,523.7674,0.9516
826,380,27652,284.948,181.376,186.4111,186.9899,0.8691
827,380,22073,596.9766,714.5752,209.9648,214.4576,0.3115
828,380,13394,596.967,714.2376,210.5192,213.8837,0.2576
829,382,4542,87.9768,111.0299,396.432,475.4358,0.963
830,382,33207,609.3602,690.821,240.3393,515.927,0.8562
831,382,22626,76.3294,812.2528,332.3694,331.0262,0.8129
832,382,16687,597.7172,107.3519,285.7977,449.9022,0.5952
833,384,33207,595.8081,689.256,244.4527,501.337,0.9324
834,384,16687,611.3396,67.1151,276.4042,467.576,0.866
835,384,4542,84.6966,79.3936,400.1239,472.3044,0.8527
836,384,22626,76.0906,801.4231,325.398,319.6214,0.8408
837,387,27732,502.7458,654.2702,416.075,515.463,0.8699
838,387,19860,668.1814,253.8397,222.6888,200.9388,0.8626
839,387,41767,130.6598,869.0813,234.5146,226.7912,0.7619
840,387,3482,131.3145,285.3281,278.4491,176.4714,0.7109
841,389,25366,83.0544,723.565,333.5919,244.8686,0.9085
842,389,28762,26.4164,126.3162,445.5228,424.7737,0.9041
843,389,3482,627.0462,719.8211,206.7162,269.1105,0.8862
844,389,33008,601.2916,186.2727,238.6949,227.9862,0.8134
845,390,3482,650.8823,750.8468,209.7758,267.6226,0.8946
846,390,25366,116.7646,767.8924,331.4396,231.3594,0.8865
847,390,28762,41.6524,154.6024,451.8802,419.5596,0.8814
848,390,33008,630.44,191.3596,243.7122,232.1671,0.6329
849,392,5093,116.4112,703.192,289.5052,496.4266,0.9142
850,392,18109,186.8946,273.539,202.8238,136.3113,0.8751
851,392,38161,684.1104,275.3388,178.693,171.4111,0.7738
852,392,23222,655.522,897.3398,220.297,212.328,0.6496
853,393,38161,90.333,830.2846,183.4478,179.7941,0.9379
854,393,5093,560.4535,49.6352,275.6868,464.8856,0.9268
855,393,18109,580.4228,866.2022,213.8964,141.769,0.8497
856,393,23222,111.1438,160.8676,207.2746,194.5911,0.8417
857,394,41767,135.9169,850.9922,234.8879,225.3256,0.9867
858,394,34596,604.4248,855.4014,224.0666,215.252,0.9082
859,394,3482,123.7135,269.7616,273.9062,189.799,0.8791
860,394,21324,573.5083,230.7579,368.3728,217.4949,0.8597
861,395,41767,615.9288,195.219,229.8302,217.676,0.9093
862,395,34596,170.5529,208.6358,215.8432,202.9824,0.8401
863,395,21324,44.7435,857.5584,383.4603,217.556,0.7925
864,395,3482,601.9226,846.2201,279.1649,186.9691,0.7429
865,396,41767,587.887,190.1564,224.9678,213.4052,0.9799
866,396,21324,9.8526,812.7266,386.9562,220.2686,0.916
867,396,34596,152.9238,199.9417,212.8122,200.2279,0.8991
868,396,3482,575.1674,812.7306,280.5774,190.9794,0.3982
869,400,23222,614.1146,769.4702,212.935,206.5322,0.9572
870,400,1899,602.8524,125.6372,232.6692,224.2989,0.8973
871,400,20237,11.7319,773.8781,368.1366,235.803,0.8479
872,400,18109,133.0713,245.7666,195.0977,154.4212,0.5166
873,401,20237,584.2523,240.5443,358.2879,238.2266,0.8903
874,401,23222,149.4296,295.1022,210.5386,196.1486,0.8281
875,401,18109,641.481,858.0494,207.3459,165.5518,0.5073
876,401,1899,108.9907,899.2687,244.1623,239.4072,0.4543
877,404,12419,17.3051,587.644,287.0723,419.598,0.9919
878,404,22361,429.7854,695.6884,426.8083,237.661,0.8898
879,404,27652,356.677,144.9136,185.4204,189.5129,0.4539
880,404,27652,357.1352,144.9469,184.399,189.0694,0.0312
881,409,5093,6.9726,729.3836,467.7644,317.8625,0.9554
882,409,20237,517.2484,789.33,382.2203,210.4652,0.9505
883,409,18109,135.7626,244.0357,189.2691,164.0069,0.3389
884,409,27776,535.6328,127.5748,387.044,285.3145,0.3093
885,411,20237,79.714,255.4277,374.6872,213.3763,0.9513
886,411,18109,645.6031,852.7229,201.7084,177.7176,0.8712
887,411,5093,496.9754,200.9127,451.0847,310.6628,0.8623
888,411,20237,29.8467,829.3982,392.1526,298.0326,0.0884
889,412,35205,115.6381,181.746,308.8682,501.1598,0.9408
890,412,12246,650.8682,698.0729,241.6403,461.0788,0.9118
891,412,19606,108.6612,810.6676,281.8714,287.462,0.9101
892,412,16687,624.2921,57.8522,226.2045,477.7013,0.5721
893,413,19606,106.199,801.4618,277.8,272.8502,0.9645
894,413,35205,116.2932,159.181,304.5004,494.6014,0.9567
895,413,12246,643.1223,692.356,234.1307,447.4152,0.9039
896,413,16687,629.963,26.2479,238.255,484.028,0.8559
897,414,35205,523.299,549.2048,304.3183,494.4308,0.8973
898,414,12246,73.7196,128.1548,223.0864,431.4078,0.8957
899,414,16687,51.7686,698.1142,256.0182,478.1634,0.8693
900,414,20876,72.2111,126.3637,225.2112,427.186,0.608
901,415,33008,637.2686,178.129,246.2698,229.0458,0.9068
902,415,27732,100.0559,94.2943,325.013,536.8213,0.9012
903,415,3742,125.193,865.3795,221.9208,168.463,0.8516
904,415,3482,598.9776,869.2066,260.954,227.428,0.8298
905,416,27732,81.3723,75.0214,316.1786,529.2793,0.9221
906,416,33008,608.4556,174.941,240.2212,226.3864,0.8806
907,416,3482,571.7128,838.2097,263.3228,228.8858,0.8539
908,416,3742,90.9853,827.7312,226.143,175.5056,0.8309
909,417,27732,569.6646,617.9722,334.4178,537.4992,0.951
910,417,3482,150.657,217.865,248.0478,222.2736,0.8629
911,417,33008,100.3694,850.9698,247.7996,240.092,0.8507
912,417,3742,637.1976,276.932,220.9337,169.5614,0.6669
913,419,41767,111.3792,855.5658,234.6754,225.7131,0.9497
914,419,36636,565.0341,263.2024,301.2081,263.875,0.9479
915,419,27776,548.1635,738.3932,427.8365,443.3712,0.9349
916,419,3482,122.3414,306.8086,272.3473,203.1437,0.8378
917,420,41767,611.3852,186.5776,224.905,213.7187,0.9845
918,420,27776,7.7484,77.3308,428.2158,418.8308,0.9621
919,420,36636,87.4916,728.5146,322.8342,281.8053,0.9491
920,420,3482,579.8194,760.2091,277.121,208.5264,0.6976
921,422,12080,96.2643,907.3505,270.9316,163.3546,0.9533
922,422,28762,561.0542,698.6508,350.6191,517.58,0.8905
923,422,3482,152.0763,217.1492,247.699,222.237,0.8535
924,422,3742,638.622,277.3007,221.2254,169.576,0.6706
925,423,12080,591.9033,193.3192,258.3711,156.072,0.9748
926,423,3482,569.7465,838.9219,263.1756,229.6929,0.8534
927,423,3742,89.0187,827.2558,226.6698,175.5168,0.8228
928,423,28762,81.9602,12.257,334.7635,498.5963,0.4504
929,429,36636,130.9391,773.4362,315.3151,280.3338,0.9146
930,429,28762,73.6884,156.635,489.4843,350.7865,0.8844
931,429,12777,668.4029,180.363,223.2977,213.5838,0.8047
932,429,3482,608.8198,790.1146,276.3084,207.7483,0.762
933,430,5093,69.8156,611.6775,409.3558,407.7412,0.9626
934,430,16550,182.3539,200.1092,204.023,197.928,0.9205
935,430,18146,617.0476,793.7264,171.8552,218.3996,0.7786
936,430,24849,610.2274,152.6002,205.0834,200.7885,0.4594
937,431,5093,104.3515,661.5376,403.4392,399.7677,0.9584
938,431,16550,197.8827,206.6429,211.1592,202.302,0.8499
939,431,18146,645.9624,830.9254,166.1958,212.7291,0.6918
940,431,24849,638.1413,152.9509,211.3716,203.1141,0.3721
941,432,5093,493.6416,226.7696,395.2934,389.2282,0.9415
942,432,16550,583.2051,857.9368,215.4776,213.0857,0.9367
943,432,24849,131.548,904.6519,215.9444,213.0217,0.6392
944,432,18146,195.2073,252.1749,161.3389,221.4567,0.105
945,433,36636,87.8471,728.095,321.5773,280.8964,0.9356
946,433,33879,89.6313,103.2269,354.5104,427.5013,0.8418
947,433,13899,619.1437,179.7416,187.2888,182.1605,0.8325
948,433,3482,579.8838,760.1792,276.5689,208.4976,0.7017
949,434,13899,141.6083,893.2104,196.7529,192.3486,0.9495
950,434,36636,566.0599,262.7049,299.8614,264.4316,0.9319
951,434,3482,122.8216,307.5426,272.0272,200.8945,0.8514
952,434,33879,533.2912,692.8896,371.0859,448.2726,0.6721
953,435,36636,122.0609,769.5324,316.5006,275.7854,0.9617
954,435,13899,647.7394,186.1852,192.1316,179.169,0.8898
955,435,33879,107.268,120.9961,366.9968,436.9096,0.8127
956,435,3482,606.2102,792.0534,277.6998,207.5603,0.7925
957,436,27732,44.2094,130.5852,449.6214,485.1548,0.8474
958,436,41767,615.209,195.674,230.3601,218.0394,0.8196
959,436,21324,45.508,857.2698,382.2988,216.5818,0.7479
960,436,3482,602.0832,846.0176,279.4692,185.333,0.6974
961,443,32309,569.3958,188.5048,246.5938,248.2182,0.9343
962,443,16547,530.0974,681.977,345.9154,479.7384,0.9249
963,443,16687,82.7181,674.1959,245.9194,469.1114,0.8445
964,443,33877,77.5478,94.9338,223.9394,441.3316,0.3462
965,444,16547,74.187,64.5796,339.9186,490.1426,0.9261
966,444,16687,598.7944,99.8022,249.9111,459.1964,0.8623
967,444,32309,113.835,841.2526,256.7156,265.232,0.8465
968,444,33877,651.6482,703.0648,223.8136,474.0641,0.6492
969,449,3482,585.53,845.9038,287.5569,164.4397,0.7601
970,449,19860,95.2502,851.9479,221.9627,207.5798,0.7154
971,449,28762,45.6108,129.8829,383.4465,480.7212,0.6591
972,449,33008,622.511,180.3309,244.2312,232.7971,0.5226
973,452,31704,172.9014,233.9672,202.0408,260.8418,0.9242
974,452,6562,509.5541,240.7912,412.164,221.0702,0.8921
975,452,5093,139.7662,638.1046,308.0563,481.893,0.817
976,452,18109,644.1939,845.64,188.569,188.5629,0.7247
977,454,19551,500.3583,589.8402,291.6503,522.1104,0.8877
978,454,19606,562.3188,194.5852,269.1767,268.9376,0.8516
979,454,16687,100.7463,701.6819,230.5845,486.062,0.841
980,454,19606,562.1858,195.4981,268.9375,268.1654,0.6026
981,455,16687,600.8992,17.5153,220.3886,488.2482,0.8933
982,455,33207,585.2554,674.3858,233.5232,497.3428,0.8525
983,455,19551,145.3796,91.1173,293.995,515.9176,0.7753
984,455,19606,92.9821,794.7911,278.9319,275.717,0.7454
985,456,16687,594.838,48.6413,210.0907,485.1552,0.8931
986,456,19606,93.7145,805.7589,284.6152,284.4971,0.8508
987,456,33207,589.7405,674.6984,247.4761,512.8436,0.8305
988,456,19551,143.2679,112.6216,293.5615,522.8016,0.7735
989,457,16687,642.245,53.5352,215.873,495.6262,0.9098
990,457,19551,115.2734,159.167,275.7661,525.9782,0.8256
991,457,19606,132.9752,836.054,278.6135,271.2869,0.6998
992,457,20876,632.4924,674.5718,230.9493,496.2166,0.2826
993,458,16687,629.7952,91.3248,225.575,479.9594,0.9171
994,458,19551,113.1665,175.3778,280.9805,540.1487,0.6785
995,458,20876,641.0016,674.2884,241.8526,513.9257,0.6742
996,458,19606,133.7889,844.5403,283.1348,286.7392,0.5037
997,459,19551,550.8326,519.5059,271.7346,526.0526,0.8814
998,459,19606,520.1504,163.0706,269.3256,265.5005,0.7607
999,459,16687,81.2721,657.5998,215.5893,492.4028,0.6541
1000,459,20876,83.7779,81.0539,227.353,483.8468,0.3892
1001,460,19231,511.5554,582.2522,294.7911,511.3526,0.9808
1002,460,16261,85.3558,118.7419,260.5162,390.339,0.9326
1003,460,22626,490.8724,129.5904,312.9545,302.2414,0.8493
1004,460,16687,91.8261,656.5788,207.8604,494.9573,0.8424
1005,462,19231,137.3898,146.119,296.3024,506.4612,0.9666
1006,462,16687,628.425,87.8268,203.2421,483.6048,0.8968
1007,462,22626,121.323,837.7526,332.0366,330.5196,0.6867
1008,462,16261,607.0503,736.9809,273.7367,421.1272,0.5962
1009,463,34596,620.6979,874.6977,225.7242,213.2327,0.8751
1010,463,41767,131.5603,870.7512,233.1667,225.3492,0.8584
1011,463,19860,664.7278,253.938,225.6726,200.1132,0.8425
1012,463,3482,130.8513,285.7382,278.3165,175.829,0.755
1013,464,34596,136.1374,183.4425,210.5836,201.3272,0.9429
1014,464,41767,593.1842,175.6432,223.3354,211.0398,0.9202
1015,464,19860,62.434,812.9266,226.7466,209.8113,0.8484
1016,464,3482,560.8418,812.3106,287.7875,173.1948,0.5558
1017,465,41767,622.5672,177.5707,228.5312,215.3508,0.9727
1018,465,34596,154.1697,193.093,215.1774,201.1294,0.9264
1019,465,3482,587.0147,845.6997,286.5561,165.2546,0.7958
1020,465,19860,96.9613,854.2074,222.3863,206.7737,0.7832
1021,468,19231,113.9509,118.0064,304.7504,503.3117,0.9785
1022,468,16261,605.1142,748.8229,265.9956,418.8368,0.8897
1023,468,16687,598.5282,106.5565,204.9986,476.6826,0.8601
1024,468,32309,155.2121,874.12,258.4993,261.5672,0.1025
1025,469,36636,123.7091,770.1132,315.6087,275.5591,0.9516
1026,469,34596,150.3373,220.3061,212.9452,203.239,0.9116
1027,469,3482,608.44,791.4314,276.1479,207.785,0.8104
1028,469,22361,601.5626,124.5466,257.0088,391.3736,0.7835
1029,472,16550,149.9317,189.5596,207.957,202.3805,0.9504
1030,472,1899,628.3196,148.4696,237.2088,226.5867,0.9188
1031,472,29344,190.8209,709.6411,221.1238,359.4927,0.555
1032,472,18146,629.9492,851.6356,219.6202,136.0554,0.2554
1033,474,16550,635.0368,875.8398,215.0448,211.678,0.9322
1034,474,1899,115.808,880.2782,244.4242,239.0697,0.9297
1035,474,29344,588.9394,236.292,215.8138,336.1335,0.8897
1036,474,18146,148.7642,304.3362,222.304,151.031,0.7128
1037,475,32309,126.9954,823.612,257.3166,264.0773,0.9296
1038,475,35205,91.3715,137.7026,312.0772,492.2284,0.9256
1039,475,16687,594.8566,73.1619,208.8573,480.608,0.9235
1040,475,20876,599.8716,711.5144,238.7899,515.4026,0.7211
1041,477,32309,125.5459,811.3786,251.3183,253.8182,0.9615
1042,477,35205,90.68,105.4393,310.7927,491.6706,0.9465
1043,477,16687,600.3772,37.7502,217.9392,492.6317,0.8846
1044,477,20876,590.8756,712.1048,238.1386,502.186,0.3167
1045,479,29870,145.2417,775.9432,180.9144,206.4883,0.9641
1046,479,12080,637.2735,180.1946,179.681,239.0322,0.8669
1047,479,27776,62.5926,81.4808,376.3902,471.8639,0.859
1048,479,3482,535.0319,778.0232,270.0292,225.5607,0.8202
1049,481,16687,628.748,92.0197,225.2156,476.6971,0.9114
1050,481,20876,640.3384,675.5206,241.8445,512.545,0.6801
1051,481,19606,133.7093,845.4278,282.1992,285.8149,0.4645
1052,481,20876,639.2522,674.3618,242.3564,524.8648,0.3612
1053,482,16547,558.899,635.367,311.2621,493.1797,0.93
1054,482,16687,79.3746,655.7685,217.3371,491.7618,0.8108
1055,482,19606,520.4854,162.1986,268.822,266.9513,0.6783
1056,482,20876,82.4548,76.303,228.424,493.0044,0.3832
1057,484,2482,25.5939,323.0693,290.2274,326.7836,0.9532
1058,484,25437,476.845,114.6193,421.5128,539.27,0.9532
1059,484,27652,420.7638,894.7742,189.4293,191.4998,0.9348
1060,484,29666,26.1368,324.8237,290.3806,324.8625,0.3805
1061,485,2482,624.5234,529.803,292.2131,348.2046,0.9778
1062,485,25437,32.8733,512.7148,430.498,593.9402,0.969
1063,485,27652,328.776,147.8106,182.8822,186.4887,0.4492
1064,485,31862,623.7439,531.969,292.9356,344.3606,0.218
1065,486,25437,72.8943,611.0136,429.9222,600.7826,0.981
1066,486,2482,663.9137,630.0247,291.3396,348.089,0.9735
1067,486,27652,370.2045,205.3455,183.0994,181.0609,0.886
1068,486,31862,661.4358,632.6524,293.842,344.9428,0.1426
1069,487,36636,121.9135,768.7834,316.8586,275.8923,0.9447
1070,487,27732,99.7465,48.239,407.8102,509.4473,0.8964
1071,487,13899,647.789,185.4691,192.1798,179.3062,0.8458
1072,487,3482,606.8704,791.572,277.1378,207.8225,0.7206
1073,493,20013,686.2306,899.722,160.2706,159.2202,0.9703
1074,493,1899,122.5624,885.8983,244.82,238.4861,0.9285
1075,493,38161,684.1702,275.0789,178.6278,171.5531,0.7944
1076,493,18109,184.7331,290.7406,200.9126,155.2665,0.6734
1077,494,38161,90.3772,830.5824,182.9997,179.2873,0.9399
1078,494,18109,586.685,828.3678,206.6774,162.705,0.9213
1079,494,1899,589.5648,138.5079,236.0629,224.1427,0.8709
1080,494,18109,585.278,828.3769,208.2227,162.4551,0.0495
1081,496,12080,165.4413,295.0767,185.562,245.2487,0.9546
1082,496,4377,498.7191,177.5787,368.8946,366.9706,0.9468
1083,496,27652,394.2292,871.5032,189.7014,191.1287,0.9301
1084,497,27652,353.8956,159.2626,182.3815,183.4742,0.9829
1085,497,4377,54.0725,649.4972,383.7286,382.4114,0.9627
1086,497,12080,587.9608,669.3992,192.1983,257.186,0.9364
1087,497,4377,54.9713,650.6692,383.6156,380.2301,0.0115
1088,499,33008,165.4849,833.5508,250.9332,242.9857,0.9352
1089,499,27776,530.7443,730.1881,433.6302,462.753,0.8987
1090,499,21324,573.6548,231.2364,368.8107,216.7552,0.8962
1091,499,3482,123.0526,269.9888,274.356,190.1866,0.8757
1092,500,21324,10.2194,813.182,385.4736,219.531,0.8854
1093,500,27776,37.5335,60.0782,413.479,442.9714,0.8598
1094,500,33008,545.8881,190.0418,238.5982,226.7677,0.8276
1095,500,3482,574.4802,811.9452,281.467,192.2228,0.2948
1096,501,27776,45.3254,79.9781,430.267,442.127,0.905
1097,501,33008,572.6158,197.7762,246.2349,228.5782,0.8492
1098,501,21324,45.3126,857.5345,382.311,216.9738,0.7781
1099,501,3482,601.3814,846.2338,280.0137,185.93,0.7064
1100,502,41767,136.8306,851.1676,233.4542,224.9166,0.9812
1101,502,21324,574.6327,231.9393,367.8354,216.2834,0.8789
1102,502,3482,123.7949,270.3844,273.4984,190.0335,0.8773
1103,502,33879,548.7,727.0914,411.1462,416.3909,0.8578
1104,503,41767,587.1056,190.6967,225.1612,213.2442,0.9787
1105,503,21324,9.3778,812.4816,386.5937,221.1039,0.8816
1106,503,33879,33.1562,98.8163,398.5143,401.0068,0.8305
1107,503,3482,574.4358,812.7196,281.2098,190.4147,0.3046
1108,506,10223,532.4536,634.217,199.4264,302.8262,0.9748
1109,506,27652,351.7786,140.032,183.6427,186.5679,0.8419
1110,506,22073,83.074,700.5076,209.6794,211.9513,0.7558
1111,506,13394,83.1066,700.5946,210.5133,209.5955,0.1423
1112,507,27652,393.3597,196.7981,185.8895,182.4114,0.9348
1113,507,10223,571.7453,729.7585,195.977,289.4387,0.8567
1114,507,22073,121.1873,783.5458,213.2421,208.7168,0.4888
1115,507,22073,123.7192,784.3619,210.0015,207.593,0.4309
1116,508,12419,536.7683,238.1664,338.7586,353.5648,0.9948
1117,508,13394,167.1616,257.8712,187.482,193.176,0.9551
1118,508,27652,419.1958,871.3713,189.2016,190.1954,0.8989
1119,508,22361,165.8747,259.546,189.638,192.3674,0.023
1120,509,12419,48.0703,604.9789,348.839,381.5524,0.9882
1121,509,13394,589.247,778.8075,189.2867,193.3836,0.9735
1122,509,27652,328.9584,168.0006,183.6656,186.7413,0.3945
1123,509,27652,328.5818,166.6036,185.063,188.7846,0.0402
1124,511,27776,582.6232,747.7152,382.3406,491.443,0.9577
1125,511,12080,96.1786,907.6418,270.2882,162.5369,0.9477
1126,511,3482,151.6545,216.7786,248.363,222.6396,0.8459
1127,511,3742,638.5514,277.5152,221.5188,169.1977,0.654
1128,515,29870,178.6803,813.5012,177.5804,202.6403,0.9067
1129,515,33879,87.4904,187.3635,433.9662,366.5917,0.8661
1130,515,3482,565.0851,812.1049,267.0001,219.0076,0.8429
1131,515,22361,612.2766,139.5701,229.7806,405.9747,0.8289
1132,516,29870,635.3228,292.8142,177.9308,195.991,0.9385
1133,516,22361,141.4949,705.1735,243.3742,411.7895,0.916
1134,516,3482,172.239,273.6915,260.8542,220.7288,0.8484
1135,516,33879,475.7492,703.2436,441.777,373.6714,0.6939
1136,517,12080,642.4296,210.388,190.627,245.8057,0.9245
1137,517,27732,28.0571,16.1516,383.1092,524.9579,0.8859
1138,517,3482,585.5039,846.2491,286.9324,164.8214,0.7885
1139,517,19860,95.5937,852.5582,221.8128,208.1923,0.7229
1140,518,27732,19.6908,4.2358,361.4401,516.4434,0.9038
1141,518,12080,614.657,205.7046,184.3271,238.7651,0.8542
1142,518,19860,61.2582,812.2564,225.6037,209.286,0.8276
1143,518,3482,559.6246,811.765,287.5616,173.3398,0.7998
1144,519,27732,600.4126,696.2752,366.1867,541.8408,0.9054
1145,519,19860,668.5689,253.985,223.5237,200.9999,0.8556
1146,519,12080,151.0043,802.919,195.5663,253.3272,0.8452
1147,519,3482,132.1519,284.5852,278.4457,177.2694,0.7236
1148,520,34596,613.3512,906.3627,224.2329,213.7202,0.9488
1149,520,29870,637.4172,293.7786,178.1952,195.4407,0.945
1150,520,12777,125.6557,881.0848,232.1284,226.1998,0.8803
1151,520,3482,175.9452,271.0364,260.644,222.8512,0.3296
1152,521,29870,142.453,774.6844,182.0492,206.53,0.9718
1153,521,34596,145.5661,154.6097,210.5756,199.8317,0.9486
1154,521,3482,533.9344,778.7414,270.2278,225.4255,0.8503
1155,521,12777,600.4854,161.3065,219.2738,214.1812,0.2406
1156,522,29870,175.832,812.8228,178.6308,201.8525,0.9349
1157,522,3482,562.5967,812.9472,266.1548,220.6417,0.8482
1158,522,34596,163.2419,159.063,214.074,203.4898,0.8178
1159,522,12777,629.4562,165.0761,224.264,213.8536,0.7035
1160,525,13899,141.1372,892.934,196.6511,192.7237,0.9598
1161,525,36636,565.4344,262.5007,300.6741,263.852,0.9482
1162,525,34596,633.641,863.6279,224.519,215.0085,0.9188
1163,525,3482,122.4988,306.8311,272.1027,201.4407,0.8578
1164,526,33879,552.3151,707.2246,312.0412,477.1905,0.9336
1165,526,33008,100.2732,851.072,248.6319,240.9864,0.8845
1166,526,3482,150.0673,217.4382,248.6633,222.8832,0.8586
1167,526,3742,637.0742,277.0292,220.6338,169.5849,0.6825
1168,527,33008,637.5492,178.1946,245.1573,228.7596,0.9037
1169,527,33879,142.1075,71.3364,309.6317,469.2458,0.8886
1170,527,3482,599.3399,868.6539,259.7524,228.4228,0.8485
1171,527,3742,125.654,865.4716,221.4286,168.3977,0.8479
1172,528,33879,128.5956,65.4394,300.4261,447.6885,0.9059
1173,528,33008,608.5355,174.9627,239.8442,226.0412,0.8887
1174,528,3482,571.5046,839.4297,263.1416,228.0806,0.8469
1175,528,3742,91.0775,827.4424,225.9284,175.5593,0.822
1176,529,27925,108.0028,241.8689,205.3014,196.4888,0.9518
1177,529,41767,615.8372,194.8674,230.5421,218.5221,0.9312
1178,529,21324,44.9729,857.6787,383.0341,217.148,0.8087
1179,529,3482,601.8944,846.0485,279.6368,186.3335,0.741
1180,530,41767,135.7025,850.7614,234.8886,225.6446,0.9827
1181,530,27925,682.6974,831.9798,210.4364,205.4471,0.9164
1182,530,3482,124.4816,269.9729,272.9858,189.8433,0.8852
1183,530,21324,574.2041,230.6696,368.4598,217.518,0.8789
1184,531,41767,587.8568,189.8666,225.1548,213.9206,0.9789
1185,531,27925,88.3166,229.8808,203.5539,194.8574,0.9627
1186,531,21324,9.8205,812.9628,386.7324,219.9416,0.9058
1187,531,3482,574.5387,813.1267,281.5431,189.9941,0.4076
1188,532,35205,115.8274,111.1595,385.9195,434.9974,0.9328
1189,532,33207,608.4728,689.0368,241.416,518.6039,0.8796
1190,532,22626,76.8382,812.0569,331.9328,330.3967,0.729
1191,532,16687,598.9022,108.0932,284.6707,449.5898,0.6646
1192,533,33207,594.784,689.5052,245.7978,501.2632,0.9392
1193,533,35205,107.8996,75.4254,397.0698,431.3398,0.9316
1194,533,16687,612.164,66.3268,275.8035,468.3267,0.8677
1195,533,22626,76.0973,801.4225,326.0194,320.1588,0.8413
1196,534,35205,444.2698,700.2578,397.2462,434.0982,0.9531
1197,534,22626,535.8629,153.3342,317.1176,301.0455,0.9156
1198,534,16687,53.5812,680.4038,279.1813,455.6211,0.8796
1199,534,33207,93.1972,55.6914,248.8639,487.3943,0.7893
1200,535,12080,673.5494,173.9126,175.6897,251.6427,0.9139
1201,535,27732,85.8291,141.8035,408.189,507.3766,0.8063
1202,535,3482,601.4004,846.8379,279.274,185.5154,0.7157
1203,535,21324,85.6688,830.2812,346.6054,301.3418,0.495
1204,536,27732,69.7058,112.6404,398.1072,508.7958,0.908
1205,536,12080,645.5692,171.5466,168.693,247.2794,0.7749
1206,536,21324,48.6636,785.2018,352.2404,303.6769,0.4571
1207,536,3482,574.0277,812.256,280.81,191.7189,0.1893
1208,537,27732,519.5741,593.6577,401.6288,521.6524,0.9131
1209,537,12080,132.3506,832.6754,181.3365,260.0279,0.9053
1210,537,3482,124.7716,269.2379,273.6372,190.244,0.8783
1211,537,21324,576.153,189.8644,327.2814,283.1006,0.5092
1212,539,16231,9.3216,667.8217,351.9604,344.9633,0.9892
1213,539,27652,320.636,133.4484,185.7675,186.4374,0.9859
1214,539,10223,592.386,707.9668,201.0524,307.1967,0.9718
1215,539,10223,591.2232,709.9486,201.9351,304.2369,0.0597
1216,540,16231,55.7312,754.5416,345.8111,339.1001,0.9941
1217,540,27652,362.9239,187.9183,186.1987,183.4358,0.8987
1218,540,10223,629.6592,806.8126,197.2506,294.046,0.8344
1219,540,10223,628.0553,806.766,196.2792,292.9798,0.1291
1220,541,27732,587.002,647.1986,325.3663,552.0354,0.9413
1221,541,3482,150.6083,217.0811,247.7706,222.8657,0.8593
1222,541,13899,145.4456,899.6267,194.2516,191.6296,0.6751
1223,541,3742,637.3813,277.0071,220.1352,169.617,0.6515
1224,542,27732,73.8857,38.5019,311.9317,529.2096,0.9294
1225,542,3482,571.7765,838.9074,263.3708,228.2624,0.8459
1226,542,3742,90.8219,827.3673,226.215,175.4963,0.8222
1227,542,13899,617.5676,174.6275,185.3527,180.0694,0.5867
1228,543,27732,87.9174,52.1196,322.7987,541.0888,0.9357
1229,543,3482,598.9636,870.0225,260.0681,226.4178,0.8453
1230,543,3742,125.4448,865.354,221.5893,168.7687,0.8409
1231,543,13899,645.4317,176.943,190.8046,185.424,0.7768
1232,545,27925,662.1252,863.01,213.8284,208.0867,0.9875
1233,545,29870,637.9328,293.6164,178.2242,195.8204,0.9346
1234,545,12777,125.7976,879.8413,231.3394,227.0324,0.9055
1235,545,3482,175.6687,271.4923,261.974,221.6556,0.6475
1236,546,29870,142.1071,774.4356,181.987,206.439,0.9649
1237,546,27925,108.8979,200.0209,199.3014,195.914,0.9215
1238,546,3482,533.5584,779.3066,269.8434,225.5422,0.8498
1239,546,12777,600.8749,162.3189,218.9119,212.6374,0.2418
1240,547,27925,122.2851,242.9014,205.5906,197.9486,0.9582
1241,547,12080,633.4485,212.254,182.6326,249.0444,0.914
1242,547,3482,650.6439,751.6883,211.1669,267.0966,0.8926
1243,547,25366,116.3769,768.7906,331.477,230.899,0.8759
1244,548,27925,665.1994,830.79,209.906,205.262,0.9438
1245,548,25366,543.9723,292.357,329.7915,236.3584,0.9214
1246,548,12080,167.9441,798.0678,187.955,255.9488,0.903
1247,548,3482,142.0828,290.9128,212.3363,256.8832,0.8907
1248,551,19860,665.8631,253.4491,224.4025,201.6066,0.8537
1249,551,33879,544.2974,683.7666,389.0055,434.8211,0.8473
1250,551,41767,131.4296,871.3847,233.689,224.806,0.8381
1251,551,3482,130.7584,285.832,278.0152,176.273,0.7341
1252,552,41767,622.3055,177.5512,228.542,215.6049,0.9826
1253,552,33879,74.8832,140.4196,386.5744,427.1238,0.8797
1254,552,3482,587.3164,845.5586,286.3869,164.813,0.7936
1255,552,19860,97.3402,853.1817,221.4742,207.6025,0.6795
1256,553,21324,10.3394,812.906,385.8498,219.8036,0.8999
1257,553,28762,10.1208,67.2704,418.0724,452.7334,0.7711
1258,553,13899,601.3276,214.6464,186.0469,180.873,0.7523
1259,553,3482,575.1217,812.5614,280.2596,190.624,0.1913
1260,555,28762,21.7556,97.7806,432.2957,444.9228,0.9287
1261,555,13899,630.2896,220.0471,189.3279,186.4697,0.906
1262,555,21324,45.6229,856.9612,382.6661,216.8192,0.7964
1263,555,3482,601.6571,845.7927,279.7696,186.241,0.7047
1264,560,33879,117.7827,73.7221,279.36,479.7058,0.9101
1265,560,3482,598.9506,869.0811,260.2286,227.4674,0.8501
1266,560,3742,125.7757,865.673,221.1566,168.6591,0.8183
1267,560,22361,584.6508,97.5434,286.1379,376.1871,0.7767
1268,564,18109,151.0841,254.096,197.5358,162.2515,0.9163
1269,564,20237,545.9328,834.17,375.0444,204.1307,0.8861
1270,564,5093,592.7133,107.4244,291.3076,473.5422,0.8631
1271,564,5885,160.2136,805.4922,194.1969,186.1648,0.2766
1272,565,4542,20.5264,151.891,417.2102,445.3254,0.9444
1273,565,19606,109.2125,811.1812,281.4615,286.7097,0.9432
1274,565,12246,650.3962,698.0719,243.2169,462.0896,0.8742
1275,565,16687,624.5688,60.209,226.2326,475.939,0.8055
1276,569,4542,532.5775,571.5072,304.1296,525.7716,0.9377
1277,569,12246,115.954,111.2298,221.8719,425.5605,0.8778
1278,569,22626,496.5844,165.8684,312.5884,299.3507,0.8676
1279,569,16687,87.2008,664.005,256.0976,473.6474,0.8622
1280,571,5093,538.3398,58.2054,304.7921,449.9392,0.9339
1281,571,3831,122.4108,136.9166,177.3229,283.4426,0.902
1282,571,38161,89.5399,829.6576,183.0813,179.3821,0.8998
1283,571,18109,580.4834,866.62,212.2613,141.0262,0.8435
1284,572,5093,105.1672,710.0044,324.953,481.9269,0.9093
1285,572,3831,672.7178,831.2678,187.5825,299.0224,0.8946
1286,572,18109,187.5617,273.6071,202.5692,136.6822,0.871
1287,572,38161,684.8484,275.5908,178.3547,172.248,0.7719
1288,573,38161,123.904,864.4766,181.0415,176.1159,0.9523
1289,573,5093,570.5968,65.5751,309.6446,462.978,0.9144
1290,573,18109,608.68,900.2205,207.3756,136.8736,0.87
1291,573,3831,139.732,140.9134,181.8354,293.4592,0.6239
1292,574,16687,670.8514,70.3138,206.9384,495.2237,0.8796
1293,574,16547,91.3438,170.061,316.1608,489.7058,0.8627
1294,574,22626,114.8484,829.4368,322.7355,321.377,0.7347
1295,574,20876,627.1959,673.8408,233.0669,503.0797,0.2927
1296,575,16687,60.4525,640.951,202.2116,494.3574,0.9235
1297,575,22626,497.0098,127.7703,312.5589,304.8682,0.8686
1298,575,16547,529.9423,545.9768,318.8388,484.0055,0.8642
1299,575,20876,86.7368,76.9483,228.5352,493.5893,0.4536
1300,576,16687,658.8284,104.8648,213.2023,483.5742,0.8939
1301,576,22626,117.1162,838.2318,329.1734,329.9682,0.8611
1302,576,20876,637.0558,675.2699,241.0666,513.1966,0.7134
1303,576,20876,635.4441,674.3976,242.166,523.6319,0.4155
1304,577,20237,519.139,789.9848,380.3862,208.693,0.9634
1305,577,5093,538.304,71.3714,352.8063,421.3231,0.9305
1306,577,18109,133.4078,246.4382,194.7756,154.3845,0.7811
1307,577,20013,140.0026,785.2994,159.7834,158.7577,0.7505
1308,578,20013,662.7402,334.136,154.3118,148.1505,0.9527
1309,578,5093,53.7274,723.699,380.5193,448.947,0.914
1310,578,20237,81.1277,255.6801,374.0587,213.1745,0.9112
1311,578,18109,641.517,858.3382,206.4679,166.6338,0.8262
1312,579,20013,171.5952,822.1764,158.8385,152.9259,0.98
1313,579,18109,150.7647,255.6927,199.6524,155.892,0.9248
1314,579,5093,569.8552,79.669,361.5482,432.3562,0.887
1315,579,20237,546.6288,834.5902,372.9759,203.3705,0.8501
1316,581,20237,82.4761,255.4108,370.8631,210.3622,0.8595
1317,581,1899,100.9451,905.0799,246.3867,240.6727,0.8234
1318,581,3831,647.5788,205.8848,175.8595,274.1429,0.7964
1319,581,18109,644.3921,853.314,204.1996,172.7512,0.611
1320,583,35205,471.7513,632.8258,325.015,486.6274,0.9543
1321,583,16687,69.0156,688.6686,252.5506,471.1908,0.8118
1322,583,19606,545.0992,188.7529,271.7636,264.9348,0.2287
1323,583,33207,110.1497,67.3676,238.6907,491.3758,0.2241
1324,584,35205,149.3041,114.8444,320.6756,484.2273,0.9455
1325,584,16687,603.6806,77.7165,260.0016,469.1942,0.9413
1326,584,33207,601.5542,674.3256,251.7654,515.7428,0.8607
1327,584,19606,112.2823,818.0538,281.7421,283.608,0.6889
1328,586,34596,145.0314,198.2802,209.9462,197.4525,0.9041
1329,586,12080,645.6529,170.9189,169.6696,247.2559,0.8548
1330,586,3482,573.7104,813.7436,281.1905,190.0074,0.5543
1331,586,21324,47.8844,785.286,353.8732,304.323,0.5024
1332,587,34596,612.241,857.2375,224.1351,215.0289,0.9338
1333,587,12080,131.582,832.4281,181.2011,259.7445,0.9076
1334,587,3482,124.1509,269.177,273.737,189.7643,0.8883
1335,587,21324,576.6816,189.1604,325.959,284.1256,0.619
1336,588,34596,162.5471,206.7075,215.168,202.4923,0.9448
1337,588,12080,673.5144,173.67,176.2607,251.865,0.9296
1338,588,3482,600.9591,846.7449,280.3449,186.4916,0.7417
1339,588,21324,86.1488,830.203,345.7973,302.4178,0.5678
1340,589,27776,27.7096,112.3404,348.7015,494.006,0.9645
1341,589,33008,637.147,178.4469,245.1939,229.0089,0.889
1342,589,3742,125.571,865.2724,221.7749,168.8458,0.8357
1343,589,3482,598.7972,869.1002,260.446,228.2098,0.8187
1344,591,27776,631.1307,645.7982,341.8882,511.5063,0.9391
1345,591,3482,150.3423,217.8258,248.4072,222.3884,0.8589
1346,591,33008,98.4676,850.8874,251.5416,241.7529,0.7109
1347,591,3742,636.904,277.4893,221.2524,168.9775,0.6874
1348,592,34596,647.832,902.1614,224.1254,213.1302,0.9435
1349,592,3482,151.8559,216.6864,248.674,221.906,0.8499
1350,592,12777,118.5079,845.2238,230.2009,225.2248,0.8424
1351,592,3742,638.753,277.3334,221.5066,169.119,0.6499
1352,593,34596,113.3313,159.1036,208.5231,198.571,0.9144
1353,593,12777,608.2322,193.6352,219.2837,214.8531,0.8633
1354,593,3482,570.0004,839.5549,262.9727,229.1257,0.8559
1355,593,3742,88.6503,827.3214,227.1126,175.3574,0.8333
1356,594,34596,128.075,163.98,213.9115,202.5772,0.9172
1357,594,12777,637.183,200.5197,224.4921,214.5846,0.917
1358,594,3482,597.3382,869.5886,260.1358,228.3434,0.8721
1359,594,3742,123.7735,865.3897,222.0007,168.6808,0.8471
1360,595,27652,397.8118,866.0203,191.2398,191.7701,0.9745
1361,595,13899,651.12,291.4339,189.1182,187.579,0.9681
1362,595,2482,111.0874,218.5698,247.5916,337.8935,0.9361
1363,595,25366,111.3601,219.8862,247.1076,338.2904,0.046
1364,596,27652,351.0274,163.6684,180.1394,182.1909,0.9751
1365,596,13899,80.2263,735.3106,196.9986,195.8875,0.9745
1366,596,2482,577.5758,619.713,265.1584,368.4416,0.9721
1367,596,31862,578.1402,621.2058,263.8953,365.5263,0.0359
1368,598,3350,547.7682,192.6837,304.8924,420.0404,0.9885
1369,598,12080,174.8969,336.5406,178.7744,250.5898,0.9572
1370,598,27652,402.875,874.171,189.1346,190.9475,0.8757
1371,598,27652,402.7399,874.5911,188.858,190.1975,0.0362
1372,600,27652,387.8125,228.2536,183.2044,178.4768,0.9856
1373,600,3350,112.9218,682.5121,314.1674,434.3408,0.9744
1374,600,12080,625.938,721.7569,180.0675,257.6379,0.9255
1375,600,23202,112.9218,682.5121,314.1674,434.3408,0.0155
1376,601,33008,151.9465,802.5408,249.3483,241.7681,0.9454
1377,601,36636,565.3368,263.2792,300.3802,263.0926,0.9105
1378,601,27732,503.4905,639.0287,451.9569,480.1374,0.8643
1379,601,3482,123.207,306.72,272.1298,201.9434,0.8199
1380,602,36636,87.7627,728.4468,321.2562,280.9586,0.9033
1381,602,33008,562.5127,218.4377,239.3187,227.6255,0.8887
1382,602,27732,38.7836,107.3164,443.9912,471.5544,0.8144
1383,602,3482,579.4453,759.7596,276.707,209.3841,0.6971
1384,603,36636,121.8197,769.6008,316.9573,275.4618,0.9404
1385,603,27732,54.4183,137.2318,454.9432,469.8021,0.901
1386,603,33008,589.9062,229.5666,243.8458,227.5968,0.8435
1387,603,3482,606.7428,791.2786,277.088,208.3168,0.7162
1388,605,12080,642.9124,209.8478,190.9225,246.0656,0.9294
1389,605,34596,145.9531,248.3965,213.7697,204.1579,0.9109
1390,605,3482,586.7915,845.9994,287.4925,164.3734,0.8093
1391,605,19860,96.2137,854.0059,222.2552,206.9724,0.7945
1392,608,27652,339.3534,191.4986,184.7859,187.38,0.9925
1393,608,3350,49.5935,601.9628,321.2897,447.3798,0.9769
1394,608,12777,587.5279,721.3768,231.9576,231.2413,0.661
1395,608,23202,49.5935,601.9628,321.2897,447.3798,0.0185
1396,610,28762,0.0,105.412,393.5754,447.9794,0.9198
1397,610,13899,620.3808,223.1987,187.6918,181.1219,0.9154
1398,610,19860,60.811,811.4606,224.8623,210.394,0.8439
1399,610,3482,559.1672,812.0808,287.5551,173.5342,0.6811
1400,611,13899,142.776,847.8967,195.8917,191.3156,0.9198
1401,611,19860,669.164,254.502,223.2426,201.1148,0.8577
1402,611,28762,580.4378,647.5028,390.5438,470.7724,0.841
1403,611,3482,132.2434,284.9079,278.6725,176.5444,0.6678
1404,612,13899,648.3219,231.347,192.2583,180.712,0.9123
1405,612,28762,2.0421,133.3482,416.6838,444.8763,0.8363
1406,612,3482,584.9663,845.5643,287.375,165.3618,0.7842
1407,612,19860,95.239,852.016,221.4098,207.4952,0.6856
1408,614,13394,633.7344,725.7475,187.7985,195.9977,0.9795
1409,614,27652,346.2945,152.8913,184.4125,187.6886,0.9788
1410,614,31862,163.2025,653.028,243.8748,356.8478,0.7993
1411,614,20013,633.7344,725.7475,187.7985,195.9977,0.03
1412,615,13394,672.4829,821.549,185.7322,184.1824,0.96
1413,615,31862,207.5716,757.8412,238.1097,348.484,0.6033
1414,615,27652,389.8762,213.6651,183.2534,180.3757,0.3942
1415,615,22361,672.0406,820.1582,187.3367,186.3286,0.0114
1416,616,34596,630.579,886.4991,222.117,214.816,0.945
1417,616,13899,145.0706,900.0008,194.3181,191.1651,0.924
1418,616,3482,150.4603,217.3991,247.8601,221.9293,0.8636
1419,616,3742,637.203,276.7644,220.4264,169.3278,0.6536
1420,617,13899,645.6178,176.989,190.8519,185.5906,0.8877
1421,617,3482,599.0446,869.5595,260.871,227.4117,0.8599
1422,617,34596,147.6685,177.8322,214.2432,203.2425,0.8567
1423,617,3742,125.4142,865.4305,221.6619,168.7947,0.8409
1424,618,34596,131.3442,172.3338,209.698,197.3058,0.8847
1425,618,3482,571.3922,839.3524,263.913,227.9931,0.8539
1426,618,3742,90.5456,827.7079,226.7005,175.1329,0.8369
1427,618,13899,617.4796,174.1093,185.6285,179.6633,0.8056
1428,620,19231,543.744,641.3426,303.2492,508.5721,0.9892
1429,620,16687,82.1308,635.9362,204.5355,495.8767,0.9337
1430,620,19606,517.499,150.316,268.4052,265.8322,0.9291
1431,620,16261,84.2339,69.4553,251.8741,396.8827,0.7896
1432,621,19231,90.4386,56.6429,302.8164,505.139,0.9842
1433,621,16687,650.8012,75.3437,200.7326,492.289,0.9171
1434,621,19606,135.2638,848.2818,278.2896,273.2318,0.6935
1435,621,16261,608.5314,776.4822,253.0314,407.4519,0.1984
1436,622,30307,125.65,294.8036,263.0318,296.6307,0.9806
1437,622,27652,396.0893,889.2441,189.5462,191.6078,0.9614
1438,622,13394,610.4048,289.5549,187.7444,189.9027,0.755
1439,622,13899,610.7027,289.4078,187.1221,190.8942,0.2387
1440,623,30307,556.3371,636.6053,266.063,304.869,0.9817
1441,623,27652,350.3498,148.8969,185.7102,187.9041,0.9642
1442,623,13899,124.2741,748.1642,192.9997,195.1782,0.9132
1443,623,13394,123.7926,748.1266,192.2973,193.8082,0.5279
1444,624,30307,593.372,719.9077,267.2779,311.0903,0.9745
1445,624,13394,169.3447,837.1227,187.448,187.9728,0.8728
1446,624,27652,393.3318,207.6641,185.331,182.8804,0.8303
1447,624,13899,167.8452,839.7129,189.5468,186.2577,0.4632
1448,625,33008,151.901,803.2034,249.4803,241.276,0.9466
1449,625,36636,565.3214,263.428,300.4256,263.4489,0.9418
1450,625,3482,122.8498,307.4628,271.6092,201.8199,0.8249
1451,625,33879,503.6859,698.8364,418.1771,401.5888,0.8233
1452,627,36636,87.8535,728.39,320.8418,281.125,0.9649
1453,627,33008,562.5739,218.6045,239.0896,227.6742,0.9136
1454,627,33879,70.1,144.3142,405.3024,383.468,0.7866
1455,627,3482,579.651,760.4036,276.4814,209.3287,0.7122
1456,628,27925,678.8078,851.3629,210.6412,206.1503,0.9824
1457,628,13899,141.163,892.5848,196.8956,193.056,0.9609
1458,628,36636,565.5486,262.3468,300.9188,264.3333,0.9444
1459,628,3482,123.3897,307.1777,271.807,201.1601,0.8539
1460,632,19231,503.0321,607.8147,300.653,501.9556,0.9859
1461,632,16687,63.9631,661.9767,211.3794,486.942,0.9294
1462,632,32309,548.9342,182.4651,247.8655,248.2122,0.8903
1463,632,33207,117.5374,71.279,233.3828,489.5432,0.0649
1464,633,32309,130.2157,846.2089,256.869,266.6135,0.965
1465,633,16687,652.9435,88.6419,200.312,479.9216,0.913
1466,633,19231,141.796,125.4874,291.9604,503.8623,0.883
1467,633,33207,599.4662,674.4608,245.8165,513.5268,0.8595
1468,635,16550,182.5278,199.1055,203.8008,197.9948,0.9212
1469,635,1899,69.6735,752.3924,240.6922,232.9018,0.9002
1470,635,18146,616.9458,793.2918,170.49,219.0728,0.79
1471,635,18146,616.8973,792.7387,170.3262,219.7504,0.4416
1472,636,16550,583.5891,857.8505,214.8608,213.0231,0.933
1473,636,1899,649.5304,278.4036,236.323,224.5168,0.868
1474,636,24849,131.7159,904.1235,215.0623,212.3875,0.6104
1475,636,18146,196.931,252.2606,159.4702,219.5823,0.1178
1476,637,33207,609.2356,689.8701,239.9479,516.1524,0.8642
1477,637,16687,598.566,107.12,285.5914,450.5582,0.8185
1478,637,22626,76.8494,811.843,331.8256,331.1556,0.7621
1479,637,16687,598.1863,106.5389,284.6476,450.304,0.2423
1480,638,33207,595.4693,690.6188,244.866,500.0924,0.9351
1481,638,16687,614.8047,66.8335,272.3518,468.1206,0.8725
1482,638,22626,75.5873,801.6083,326.5606,319.3004,0.8435
1483,638,19551,50.6448,159.5355,486.7281,347.1822,0.0339
1484,640,4377,485.1794,282.0324,401.4237,342.0209,0.9921
1485,640,27652,404.1906,918.2495,192.1413,192.0903,0.9721
1486,640,41767,95.3855,301.4647,227.845,219.1421,0.8151
1487,640,41767,94.4211,301.2617,229.1645,220.0983,0.6228
1488,641,27652,340.9755,123.427,185.3774,186.538,0.9888
1489,641,4377,43.4327,577.9586,403.2299,348.9798,0.9641
1490,641,41767,614.581,708.5236,236.0964,229.0052,0.7685
1491,641,41767,614.1684,707.2266,237.1013,231.112,0.5832
1492,644,16687,58.9248,644.857,207.6138,492.7849,0.9248
1493,644,22626,485.04,123.0091,313.6983,303.2828,0.91
1494,644,19551,504.0985,611.5132,275.3918,532.262,0.8689
1495,644,20876,77.2877,84.5194,228.4829,481.0331,0.4448
1496,646,29870,635.8758,292.983,177.7349,195.062,0.957
1497,646,28762,397.8825,627.6232,466.3558,439.6474,0.9491
1498,646,12080,130.1191,830.8972,193.2966,252.8248,0.9324
1499,646,3482,173.7226,273.0344,260.4207,220.925,0.8366
1500,647,29870,178.2422,813.3576,177.3818,201.7272,0.9422
1501,647,12080,663.1612,180.9052,188.1884,246.7766,0.9395
1502,647,28762,140.7815,192.9065,454.9894,411.7194,0.8986
1503,647,3482,564.8108,812.277,265.8206,220.4303,0.8441
1504,648,29870,144.9006,775.9889,181.3481,206.3389,0.9687
1505,648,28762,124.6196,156.1369,440.8826,424.8872,0.9307
1506,648,12080,636.6228,180.0743,180.4294,239.8717,0.8828
1507,648,3482,535.397,778.6735,270.1525,223.9655,0.8383
1508,650,2482,0.0,707.6534,309.554,313.1675,0.9678
1509,650,12080,561.7348,824.455,272.7276,165.76,0.8539
1510,650,27652,368.6278,177.764,180.6186,182.6599,0.5415
1511,650,27652,368.8016,177.3815,179.7851,183.2869,0.2291
1512,652,3831,116.2326,843.5135,299.0031,168.6088,0.9574
1513,652,18109,124.9753,258.9024,200.2617,147.6397,0.9363
1514,652,5093,567.4258,69.4695,282.1589,458.4016,0.8875
1515,652,3543,594.7398,693.4608,261.7009,454.1512,0.7571
1516,653,3831,545.3055,266.73,293.8031,163.8241,0.9647
1517,653,5093,95.5636,692.7866,304.7591,483.3188,0.9032
1518,653,18109,645.2326,857.0438,210.634,154.61,0.83
1519,653,3543,132.092,129.713,243.2368,419.0842,0.7295
1520,654,3831,149.9723,881.8638,295.7952,161.6865,0.9735
1521,654,18109,142.0471,268.1234,203.0438,146.4639,0.893
1522,654,3543,628.0414,727.987,248.0044,451.3074,0.8908
1523,654,5093,592.194,76.136,294.1322,469.705,0.7606
1524,656,16550,150.1826,189.5678,208.1351,202.593,0.9377
1525,656,5093,533.3958,182.6588,420.7969,385.8716,0.925
1526,656,29344,191.2033,709.5492,220.7143,359.5255,0.4967
1527,656,18146,629.8927,851.7522,218.9154,135.232,0.2507
1528,658,6191,78.518,786.5628,308.9985,295.5328,0.9344
1529,658,5093,634.3472,10.9917,285.2996,485.1485,0.7314
1530,658,6562,495.2254,819.9252,402.0211,266.993,0.7217
1531,658,18109,166.3137,246.9584,185.833,182.0879,0.4762
1532,659,6191,41.4917,745.7044,316.8714,302.1082,0.9583
1533,659,6562,461.9176,783.1115,409.6606,271.2043,0.9222
1534,659,5093,601.5053,8.8528,279.9521,466.4305,0.7919
1535,659,18109,147.6603,239.2988,183.6209,180.4009,0.7184
1536,660,6562,111.5317,213.4406,394.5442,262.572,0.9412
1537,660,6191,605.3662,224.2941,309.1892,289.887,0.9265
1538,660,5093,63.8772,740.3142,296.2558,505.1476,0.7863
1539,660,18109,642.1146,846.3015,190.8194,189.0618,0.7485
1540,661,13899,687.6424,294.0316,190.3076,188.413,0.9567
1541,661,22073,178.1037,302.8549,205.4591,209.204,0.9524
1542,661,27652,377.0748,878.4038,188.4846,191.7861,0.4229
1543,661,27652,376.9031,878.1606,189.3198,192.0767,0.205
1544,662,27652,368.6716,159.88,185.1427,188.9162,0.9852
1545,662,13899,42.6629,747.6995,196.7118,189.9128,0.966
1546,662,22073,556.224,725.4423,207.4268,212.965,0.8831
1547,662,22073,555.3816,727.3754,205.5413,212.8875,0.3082
1548,664,34596,630.05,874.9058,222.6609,212.5315,0.9537
1549,664,25366,542.7403,292.6818,330.6278,236.7764,0.9302
1550,664,3482,141.0058,292.5242,212.3285,256.3284,0.8918
1551,664,12080,168.1856,800.2814,187.6515,254.9906,0.8849
1552,665,34596,129.9452,183.562,210.9064,200.3835,0.9435
1553,665,25366,83.6654,724.7404,334.9915,242.7118,0.9156
1554,665,12080,603.3947,205.5133,181.6252,242.5576,0.8827
1555,665,3482,627.7664,718.0561,206.4567,269.832,0.8558
1556,667,32309,124.3444,820.9978,249.6416,251.138,0.9714
1557,667,12246,649.1506,703.726,235.4675,447.5782,0.9579
1558,667,16687,579.2582,114.9654,293.2693,448.2914,0.9146
1559,667,20876,647.8432,701.6994,237.4782,452.0184,0.2506
1560,668,32309,557.8166,192.848,243.3818,253.2456,0.9393
1561,668,12246,66.311,122.5315,225.4886,421.692,0.9359
1562,668,16687,69.3225,648.7592,299.0826,452.4716,0.9241
1563,668,20876,66.3911,119.9458,225.6184,425.3302,0.1043
1564,670,27925,683.1582,846.7557,211.6566,206.2559,0.9034
1565,670,3482,123.763,270.0497,273.9551,189.271,0.8931
1566,670,22361,137.5122,729.4018,244.9596,409.0121,0.8794
1567,670,21324,576.3763,188.8852,325.6142,284.4552,0.493
1568,672,27925,106.0891,225.4228,206.1978,194.9013,0.945
1569,672,22361,616.7439,118.8986,228.8348,402.0564,0.8572
1570,672,3482,602.1568,846.5057,279.502,186.504,0.7395
1571,672,21324,87.1499,829.9893,344.4698,302.2702,0.4925
1572,674,25468,596.9914,157.2729,262.4548,453.955,0.9743
1573,674,18109,631.9365,894.5324,211.0414,134.7398,0.8687
1574,674,1899,151.4272,890.5792,243.022,239.0339,0.8571
1575,674,25366,594.399,155.0242,267.443,458.159,0.1515
1576,675,25468,99.2992,614.5912,271.9974,486.3696,0.9614
1577,675,18109,138.7336,239.1888,199.9048,128.7536,0.8756
1578,675,1899,565.1488,134.7805,233.1103,225.1172,0.8324
1579,675,31704,550.4991,832.3502,295.885,146.271,0.5212
1580,677,6191,13.4238,692.4582,312.5236,299.6958,0.9309
1581,677,25468,572.147,624.6568,258.8425,491.3518,0.9307
1582,677,5093,619.8172,16.9545,296.2216,450.6564,0.8832
1583,677,18109,140.0744,239.3186,200.9744,128.5478,0.8782
1584,679,16547,131.1988,145.4956,345.1406,489.0602,0.9397
1585,679,19606,107.0541,811.8792,282.1614,285.9068,0.9128
1586,679,16687,612.4506,74.6262,211.5704,482.1196,0.8381
1587,679,33877,598.4634,702.4728,225.4952,467.2272,0.512
1588,680,16547,469.2171,603.1556,345.6268,473.33,0.9243
1589,680,16687,82.317,675.7368,236.565,480.7932,0.8682
1590,680,19606,551.3101,192.4996,267.8652,266.4744,0.5375
1591,680,33877,138.4431,103.6599,212.6567,438.8757,0.3686
1592,681,19606,105.3478,801.1881,278.736,272.2494,0.9632
1593,681,16547,132.0006,124.6999,341.741,473.6524,0.9013
1594,681,16687,618.2018,42.7891,220.9566,489.3294,0.8585
1595,681,33877,591.624,697.6152,219.3967,456.096,0.6328
1596,684,18109,181.3741,267.8054,130.0804,198.1137,0.9314
1597,684,6191,77.0316,764.2591,308.5522,289.6669,0.9005
1598,684,5093,524.9686,88.242,366.1423,433.377,0.8933
1599,684,18356,578.2254,714.5941,323.3297,426.4918,0.2271
1600,685,32309,121.4408,819.5948,250.1314,252.136,0.9768
1601,685,12246,646.6766,704.0848,235.6329,449.0432,0.9728
1602,685,19551,94.9392,12.9812,295.9714,522.9288,0.9154
1603,685,16687,580.961,114.1342,291.1328,450.0274,0.9124
1604,688,41767,609.6422,185.9822,226.5104,214.4325,0.9822
1605,688,36636,87.9434,728.2636,321.36,280.9674,0.9302
1606,688,28762,92.991,186.2024,465.4262,401.4766,0.8967
1607,688,3482,580.1897,759.7253,276.7045,209.8519,0.7052
1608,692,27925,658.5402,835.089,212.4682,207.248,0.9469
1609,692,22361,102.2528,686.6286,207.7984,419.629,0.8966
1610,692,19860,668.0256,254.0593,224.4258,200.9443,0.8584
1611,692,3482,132.5221,285.7363,277.592,175.8048,0.7164
1612,694,27652,402.9544,851.8787,186.7633,188.6849,0.9318
1613,694,22361,155.206,272.0494,257.905,393.2814,0.8844
1614,694,31862,502.9485,237.9554,324.1868,256.3224,0.7943
1615,694,31862,503.0606,240.4712,323.9435,252.8702,0.0148
1616,697,29666,602.7518,203.7878,238.4209,342.3132,0.9814
1617,697,27652,402.6026,855.0491,191.7324,191.1196,0.9613
1618,697,10223,138.879,259.1232,226.9052,265.039,0.9399
1619,697,31862,601.5073,201.5019,241.0535,342.6754,0.2993
1620,698,29666,80.056,634.1972,246.8223,371.663,0.9487
1621,698,10223,571.6404,680.0384,238.0809,279.6904,0.88
1622,698,27652,346.4103,173.5758,180.2124,183.7786,0.4509
1623,698,10223,572.1678,680.1302,236.7133,278.5331,0.2875
1624,700,3482,571.1048,838.9972,264.1066,227.7616,0.8494
1625,700,3742,90.2492,827.3668,227.2052,175.3136,0.8153
1626,700,33879,70.4635,130.3567,390.0722,399.1301,0.7897
1627,700,13899,617.3539,174.6192,185.0356,180.1564,0.6919
1628,701,33879,82.4632,146.6692,407.9789,409.5811,0.9011
1629,701,3742,125.8522,865.3072,221.1618,168.6044,0.8491
1630,701,3482,598.8358,868.9556,260.7938,228.0272,0.8307
1631,701,13899,645.3734,177.4831,190.7129,185.0165,0.8145
1632,702,13899,145.5056,899.7017,193.8836,191.0912,0.9204
1633,702,33879,516.0224,697.7573,405.1305,413.719,0.868
1634,702,3482,150.445,217.9081,248.3294,221.8323,0.8614
1635,702,3742,637.247,277.2384,220.8394,169.2574,0.6497
1636,705,27925,121.5089,198.3654,205.6832,199.8365,0.9701
1637,705,12777,637.5398,205.3295,224.0632,215.2756,0.908
1638,705,3742,119.3626,864.6732,219.87,169.8529,0.8512
1639,705,3482,594.0022,873.8034,257.1519,229.4841,0.787
1640,706,4542,70.16,103.0828,351.2723,505.8968,0.9614
1641,706,16687,603.4598,79.8712,261.1734,467.0548,0.9418
1642,706,33207,601.4544,676.5941,250.7189,512.5318,0.8673
1643,706,19606,113.0191,818.0316,280.1932,283.5339,0.7663
1644,707,4542,528.7979,628.2486,363.6098,496.04,0.9202
1645,707,16687,68.9482,689.1468,253.2455,471.4126,0.8115
1646,707,33207,109.6518,67.6078,239.6798,491.0796,0.6093
1647,707,19606,544.6832,190.0847,271.0939,263.7573,0.1615
1648,708,4542,63.6288,74.6964,357.1885,497.8171,0.9082
1649,708,16687,622.0256,41.2984,248.5681,479.9253,0.9024
1650,708,33207,595.4156,675.9385,238.027,497.37,0.8371
1651,708,19606,111.3166,805.0564,275.402,273.418,0.8148
1652,710,36636,87.49,728.841,322.6962,281.258,0.9555
1653,710,34596,156.6486,234.7914,212.7833,198.2418,0.9464
1654,710,33008,562.2041,217.635,240.5917,228.5816,0.919
1655,710,3482,579.9233,760.1314,277.2448,209.057,0.723
1656,712,4542,107.3944,106.3948,293.4355,536.9558,0.9546
1657,712,16687,629.8913,93.6679,224.466,476.6911,0.916
1658,712,20876,641.0346,675.6426,241.0527,512.4215,0.6176
1659,712,19606,133.5555,844.8038,282.9157,286.7843,0.4178
1660,713,4542,545.7402,595.0008,288.9277,525.1944,0.9757
1661,713,16687,80.8793,656.8874,216.8178,491.8448,0.8486
1662,713,19606,519.9206,162.3425,269.1519,266.651,0.7482
1663,713,20876,83.6703,80.1344,226.437,483.3553,0.3632
1664,714,4542,105.8778,77.0432,294.3322,531.7226,0.9781
1665,714,16687,642.1354,54.2036,216.1323,494.0648,0.8528
1666,714,19606,133.2345,836.1942,277.5247,271.3007,0.5396
1667,714,20876,632.8236,675.9954,230.0094,495.1074,0.3162
1668,716,12246,607.751,711.173,245.1456,471.521,0.9343
1669,716,16687,585.6447,95.1116,233.206,475.17,0.9
1670,716,22626,117.6699,796.1568,331.3244,330.4458,0.8976
1671,716,35205,98.4455,129.8937,321.054,496.7166,0.843
1672,717,35205,528.5534,601.5996,319.0333,492.1048,0.942
1673,717,16687,87.4415,664.071,256.7844,473.7268,0.8773
1674,717,12246,115.6669,109.3282,222.0198,427.8106,0.8668
1675,717,22626,496.581,165.641,311.3647,299.355,0.8578
1676,719,18109,123.3475,261.5132,200.3308,145.7311,0.9407
1677,719,1899,551.6618,182.1705,235.3867,225.5708,0.8601
1678,719,3543,600.8072,689.9108,261.817,452.836,0.6924
1679,719,5885,95.5579,809.9986,188.439,189.6768,0.2268
1680,720,18109,646.5323,856.2952,210.8665,153.5486,0.8491
1681,720,1899,162.8821,841.9137,245.995,237.9294,0.8154
1682,720,3543,125.51,131.7582,243.4434,421.3127,0.8146
1683,720,5885,673.7369,284.0632,189.3985,183.9059,0.5676
1684,721,36636,88.6228,727.3884,322.219,281.9154,0.9031
1685,721,27732,73.3619,161.4387,444.7128,463.7885,0.8652
1686,721,3482,580.7542,760.5802,276.5585,208.0587,0.792
1687,721,22361,571.3764,116.1916,252.4392,381.3444,0.7892
1688,724,21025,577.96,168.3438,218.0251,210.2658,0.9217
1689,724,3543,576.4052,672.9926,253.389,452.7796,0.9172
1690,724,16550,131.2724,178.1004,203.8444,199.8159,0.917
1691,724,1899,107.3514,736.7879,238.2588,230.5673,0.7402
1692,725,16550,635.9648,885.6249,215.0806,212.5046,0.9409
1693,725,21025,152.6072,874.3453,227.2824,226.335,0.9019
1694,725,1899,616.2838,300.8204,235.4152,225.6258,0.7216
1695,725,3543,145.639,143.6181,256.6066,425.1462,0.7049
1696,726,16550,148.7059,182.8436,207.2332,201.327,0.9139
1697,726,21025,607.5788,171.277,221.4572,213.63,0.873
1698,726,1899,139.6808,775.7881,236.7128,225.4808,0.7063
1699,726,3543,598.4425,709.6451,259.8876,449.8321,0.6645
1700,727,21324,9.9844,812.215,387.4704,220.39,0.9267
1701,727,27776,36.9575,153.4595,409.4375,450.3607,0.9057
1702,727,13899,601.3889,214.7389,185.3499,181.0854,0.7741
1703,727,3482,575.2976,811.7689,280.3993,191.9466,0.6393
1704,728,13899,630.3463,220.6659,189.0561,186.1988,0.9227
1705,728,21324,45.5409,857.2366,382.0834,216.9492,0.807
1706,728,27776,50.5503,176.9468,422.6142,451.8214,0.7871
1707,728,3482,601.6764,845.9507,280.0276,186.1712,0.6826
1708,731,16550,101.4795,160.7838,202.4127,198.791,0.8995
1709,731,1899,118.8646,768.808,239.5151,231.4435,0.8612
1710,731,10220,603.7667,771.031,205.3198,222.023,0.5511
1711,731,24849,610.6064,141.7839,204.6669,197.8406,0.4029
1712,732,16550,668.4064,899.8816,215.7101,210.9768,0.9563
1713,732,1899,604.599,265.6821,234.034,223.2688,0.785
1714,732,10220,168.6787,279.589,202.2333,210.0484,0.437
1715,732,24849,130.9235,916.1936,215.3546,212.5812,0.4182
1716,738,18109,88.1545,259.0887,202.4354,127.8059,0.9163
1717,738,5093,587.8153,91.8582,288.2116,458.1816,0.8701
1718,738,31704,607.2704,769.9624,165.5189,284.3925,0.6998
1719,738,3543,137.4493,641.2546,254.1938,454.4678,0.6336
1720,740,1899,118.3374,804.3734,242.6108,236.4311,0.8368
1721,740,20013,655.6584,271.6164,156.1581,148.356,0.7352
1722,740,3543,135.2458,128.7,242.6321,420.0212,0.6737
1723,740,18109,644.1568,829.971,169.2624,200.5409,0.6446
1724,742,32309,570.5632,187.3741,244.0618,249.6616,0.9691
1725,742,16687,82.2385,674.0522,246.8507,469.6566,0.8426
1726,742,19551,568.4226,546.8606,277.6857,520.0304,0.5605
1727,742,33877,79.3374,94.5747,220.4711,441.863,0.2324
1728,743,16687,611.5431,59.3792,242.3846,477.8696,0.9054
1729,743,19551,95.4136,136.7837,280.9099,524.4042,0.9036
1730,743,32309,113.77,830.9571,250.0704,250.1128,0.8945
1731,743,33877,640.6274,702.0844,219.8176,460.0206,0.8369
1732,745,27652,350.9806,892.4595,192.013,191.6912,0.9698
1733,745,2482,115.8023,177.6719,224.3526,359.4214,0.9601
1734,745,33008,662.79,270.9876,238.5991,229.9074,0.9561
1735,745,31862,116.1732,182.2856,224.8461,352.8776,0.0491
1736,747,27652,436.5832,192.6791,184.0481,182.0786,0.9915
1737,747,2482,636.4546,736.5399,233.4296,388.4946,0.9364
1738,747,33008,60.4779,798.0526,249.1561,237.7162,0.9318
1739,747,31862,637.9416,742.625,230.6959,381.9606,0.0453
1740,750,18109,688.1022,806.6377,130.2102,205.942,0.9504
1741,750,1899,147.1845,789.521,241.2307,235.9972,0.9126
1742,750,18356,588.331,132.2813,272.0671,409.1387,0.7737
1743,750,31704,173.3628,199.665,169.7033,269.1856,0.6176
1744,752,29344,165.6531,671.7644,219.8093,365.325,0.9757
1745,752,16550,92.8941,197.3697,202.9258,199.2566,0.9247
1746,752,1899,557.6616,137.744,233.2986,223.721,0.8977
1747,752,29450,550.2466,777.7602,308.4378,241.1634,0.8456
1748,754,27652,372.9354,197.4101,183.8994,180.9444,0.9882
1749,754,4377,83.9831,651.3535,377.0324,382.9246,0.9672
1750,754,12777,626.1123,762.3817,229.9197,218.6388,0.3273
1751,754,12777,625.4044,761.8928,230.6689,220.0455,0.2743
1752,756,4377,516.8642,254.9866,361.0211,375.8744,0.9837
1753,756,27652,417.4547,890.4149,187.7118,189.6553,0.9637
1754,756,12777,124.7553,318.7894,226.8966,224.0118,0.9277
1755,756,41767,417.8201,888.7675,187.311,190.2614,0.0215
1756,758,12080,96.3031,907.4825,270.4177,162.6078,0.9566
1757,758,27732,564.0166,655.1602,340.562,551.2522,0.9255
1758,758,3482,151.8384,217.1869,248.2551,222.0347,0.8469
1759,758,3742,638.8407,277.3188,220.838,169.7753,0.6611
1760,759,12080,591.9902,193.4427,258.8355,155.6255,0.974
1761,759,27732,81.6723,30.0368,323.4157,531.67,0.9295
1762,759,3482,569.6415,838.7104,262.8895,230.0894,0.8575
1763,759,3742,88.5858,827.3244,226.9759,175.3244,0.8194
1764,760,18109,159.4706,258.175,127.9095,198.5112,0.9154
1765,760,1899,579.423,203.3509,234.4348,225.2349,0.91
1766,760,18356,93.4505,707.6975,289.215,445.3534,0.7626
1767,760,23222,656.1284,802.8648,216.2936,206.1552,0.5642
1768,761,1899,607.2488,212.4828,241.368,225.1262,0.9304
1769,761,23222,684.1868,834.6947,211.3598,201.9603,0.8791
1770,761,18109,179.0976,268.8538,128.245,198.9367,0.8682
1771,761,18356,130.4638,750.1659,283.2061,439.4078,0.2021
1772,763,41767,112.0521,855.781,233.278,224.797,0.9644
1773,763,36636,565.5114,263.5738,300.5135,263.0418,0.9041
1774,763,27732,502.185,642.9498,454.1636,481.6833,0.8759
1775,763,3482,122.4994,307.073,272.8334,201.5271,0.8253
1776,764,41767,640.3302,190.2867,230.7351,216.9281,0.9601
1777,764,36636,121.997,768.875,316.4197,276.1602,0.9489
1778,764,27732,53.3289,132.1955,458.2204,471.4968,0.9044
1779,764,3482,606.2824,790.7498,277.6646,208.6948,0.8088
1780,766,28762,570.8358,727.6788,398.9557,479.6608,0.956
1781,766,12080,167.9625,797.6272,188.1172,256.3156,0.9186
1782,766,25366,544.2555,291.9076,329.3684,237.6897,0.9126
1783,766,3482,142.7043,291.265,211.5959,256.4718,0.8552
1784,768,12080,603.5388,206.1623,180.9876,243.9145,0.898
1785,768,25366,82.7098,724.2491,334.1612,244.621,0.8978
1786,768,28762,7.0181,13.4268,404.6546,465.1781,0.8512
1787,768,3482,624.5752,719.317,209.0325,270.4778,0.5396
1788,772,18109,105.3024,269.8464,203.8458,123.7573,0.8613
1789,772,5093,558.4934,81.8217,284.3626,476.1568,0.8558
1790,772,23222,639.8718,880.4537,210.289,196.8755,0.8412
1791,772,3543,171.7574,685.6598,249.2764,445.7674,0.0815
1792,773,18109,88.0367,259.268,202.292,127.3657,0.9101
1793,773,5093,528.391,71.9371,281.905,462.689,0.8873
1794,773,23222,610.9194,845.9249,213.4978,205.766,0.872
1795,773,3543,137.5534,641.2893,254.1886,453.999,0.6245
1796,778,13899,630.4224,220.8802,189.1947,185.4812,0.8932
1797,778,33879,79.7211,167.3602,410.1392,403.9282,0.8255
1798,778,21324,45.4977,857.4234,381.899,217.3809,0.764
1799,778,3482,602.0126,846.02,279.3305,185.8757,0.7295
1800,779,13899,163.5614,856.2032,192.2987,189.8994,0.8993
1801,779,21324,574.4123,231.7603,367.8589,216.869,0.8882
1802,779,3482,123.7829,269.5789,273.6278,190.776,0.8726
1803,779,33879,515.6814,683.688,409.1207,410.3337,0.7137
1804,780,21324,10.3865,812.5223,385.5227,221.019,0.8766
1805,780,33879,67.8653,147.1785,393.4092,397.1677,0.8559
1806,780,13899,601.2762,214.7012,185.9414,180.6609,0.8019
1807,780,3482,575.0826,812.0356,280.3362,191.0086,0.2974
1808,782,16231,8.1611,625.5426,349.6312,344.1402,0.9865
1809,782,27652,338.8846,182.7557,184.9854,188.9136,0.9805
1810,782,13394,586.2174,726.3257,189.906,197.6757,0.9626
1811,782,13394,584.1377,726.331,190.9321,197.994,0.2197
1812,785,19860,669.584,253.8882,222.4913,201.73,0.8699
1813,785,22361,103.0709,686.0237,210.1836,420.2364,0.7619
1814,785,27776,540.8236,692.9956,395.5662,496.2207,0.6706
1815,785,3482,131.32,285.348,278.719,176.0975,0.6601
1816,787,3482,150.762,217.322,247.8622,222.7927,0.8583
1817,787,28762,536.5958,648.8638,356.6041,521.6572,0.8565
1818,787,41767,110.5275,856.3428,231.8439,227.0354,0.8562
1819,787,3742,637.4972,277.097,220.5029,169.697,0.6992
1820,788,41767,611.8598,184.856,225.7188,214.4302,0.9772
1821,788,3482,571.2084,838.107,264.0312,229.5358,0.8512
1822,788,3742,90.9078,827.7356,226.5912,175.4069,0.8408
1823,788,28762,100.1848,60.6185,336.1138,495.708,0.7572
1824,797,5093,46.927,528.7564,303.7248,475.9706,0.9348
1825,797,16550,146.4802,191.4084,204.0493,199.9212,0.9134
1826,797,29450,488.4345,852.9152,343.3098,163.7747,0.5994
1827,797,24849,602.7392,187.9613,203.7973,199.2017,0.5637
1828,798,5093,71.4613,576.8482,309.9302,467.3025,0.9455
1829,798,16550,162.4406,198.7065,209.4111,200.3252,0.9367
1830,798,29450,522.5246,889.5538,334.1492,156.9356,0.679
1831,798,24849,629.7948,191.9627,210.5674,200.882,0.6019
1832,799,41767,641.782,187.8591,230.4322,217.49,0.9829
1833,799,34596,168.5396,179.6162,214.5155,202.4462,0.9299
1834,799,3482,599.0964,869.8524,260.2442,227.063,0.8585
1835,799,3742,125.5597,865.3829,221.556,168.8565,0.8416
1836,807,27776,615.484,712.1701,312.6758,522.2432,0.9232
1837,807,12777,119.1136,841.61,229.2503,224.9065,0.8189
1838,807,3482,157.4442,213.2734,247.713,222.6808,0.8072
1839,807,3742,644.9676,277.2139,220.093,170.6863,0.624
1840,808,5093,617.7788,50.9827,331.1978,452.8442,0.9648
1841,808,16550,107.0292,206.5402,211.4381,201.9344,0.8978
1842,808,10220,635.7203,826.675,162.4659,239.4148,0.6793
1843,808,29344,193.262,707.8224,220.5118,359.2528,0.3256
1844,810,29344,160.7545,665.1386,217.9836,365.0851,0.9642
1845,810,5093,586.4398,43.8359,323.6243,441.8088,0.9454
1846,810,16550,93.0137,199.7151,204.1639,197.7904,0.9166
1847,810,10220,605.6216,791.9172,174.0904,244.0391,0.7677
1848,815,41767,98.0221,712.3332,232.5306,229.1952,0.9822
1849,815,2482,521.0722,615.0518,274.6973,357.8134,0.9608
1850,815,27652,361.6469,168.4075,183.7384,184.5774,0.9213
1851,815,41767,96.6692,712.702,233.8861,229.0646,0.063
1852,817,13899,648.4366,231.4901,192.1978,180.6731,0.9088
1853,817,33879,93.4749,153.3143,387.3047,424.7228,0.8428
1854,817,3482,584.9716,845.9161,286.6639,164.6852,0.7901
1855,817,19860,95.1544,852.2552,221.565,207.6104,0.6992
1856,818,13899,142.9498,847.7477,195.8538,191.8179,0.9072
1857,818,19860,669.508,254.675,223.0525,200.9694,0.857
1858,818,3482,132.5695,285.479,277.73,176.4139,0.7233
1859,818,33879,524.6044,674.6103,389.3099,432.534,0.6933
1860,819,13899,620.7558,223.6273,187.1942,180.412,0.8954
1861,819,33879,76.4581,134.8416,376.7107,415.7595,0.828
1862,819,19860,61.1235,811.5403,225.1234,209.8317,0.8238
1863,819,3482,558.6142,812.1948,288.0457,173.6312,0.7049
1864,820,35205,490.6977,646.5847,328.9219,477.4896,0.9531
1865,820,22626,481.0323,150.8762,314.7088,302.6141,0.9278
1866,820,16687,91.6221,686.0448,215.2269,495.5052,0.866
1867,820,33877,132.483,107.8312,222.4694,434.2584,0.4718
1868,822,35205,126.0614,103.0086,332.6997,486.0294,0.8814
1869,822,16687,623.0084,59.0738,195.883,479.805,0.8315
1870,822,22626,131.3066,812.7704,332.7917,330.6028,0.8038
1871,822,33877,593.8435,703.5496,237.1735,466.3866,0.525
1872,826,12419,535.729,318.3297,306.4108,387.3942,0.9954
1873,826,27652,406.7538,860.9316,191.5334,191.9811,0.9898
1874,826,10223,177.9182,204.6611,249.358,256.6236,0.9888
1875,826,10223,177.9503,204.9174,251.6655,256.0449,0.3799
1876,828,12419,127.8466,574.9732,306.0514,407.4913,0.987
1877,828,10223,552.8999,863.366,246.2828,249.7807,0.8739
1878,828,27652,382.2614,236.9293,184.2149,181.6611,0.8611
1879,828,10223,550.19,862.3969,251.7844,250.3978,0.8362
1880,829,29870,144.8223,776.0456,181.7161,206.5818,0.9664
1881,829,34596,97.2096,169.9401,208.963,197.9467,0.944
1882,829,12080,637.3614,180.1108,180.132,238.2342,0.8712
1883,829,3482,535.7712,778.634,269.9607,224.2791,0.8359
1884,830,29870,636.3352,292.5607,177.0928,195.0556,0.9497
1885,830,34596,665.4766,890.3352,224.0516,213.9848,0.939
1886,830,12080,129.115,831.6295,193.4809,252.1088,0.9237
1887,830,3482,172.8054,272.0444,261.0736,221.5644,0.8316
1888,831,34596,112.9619,174.9558,214.3182,202.6917,0.9373
1889,831,29870,178.1095,813.8523,177.5217,201.7799,0.9198
1890,831,12080,663.9976,181.5073,187.5194,244.7916,0.8883
1891,831,3482,564.8226,812.5012,265.7651,219.8526,0.8438
1892,832,38161,138.342,868.8848,180.7434,174.5644,0.9528
1893,832,6191,58.0661,125.6574,308.2001,287.3376,0.9512
1894,832,18109,622.3852,888.1978,208.9537,140.3431,0.8992
1895,832,1899,605.6792,163.8036,238.9417,223.466,0.8802
1896,838,25468,92.5783,616.185,275.2652,486.0562,0.9529
1897,838,18109,140.0017,239.7029,200.9974,128.554,0.8715
1898,838,1899,591.2782,162.4803,233.9862,225.3347,0.8421
1899,838,23222,586.9886,800.6231,219.1252,206.5461,0.6913
1900,842,36636,564.5482,263.3122,301.5929,264.4379,0.9466
1901,842,28762,464.2196,664.665,471.222,435.6054,0.945
1902,842,33008,151.473,801.1352,250.9293,243.7445,0.8631
1903,842,3482,122.7949,307.487,272.0069,201.3603,0.8468
1904,851,16547,109.0323,140.9688,310.6071,507.1164,0.9232
1905,851,16687,628.3148,89.0639,203.0109,482.6638,0.8963
1906,851,22626,121.5907,837.5634,331.2688,330.948,0.7078
1907,851,16261,606.9709,736.5464,273.1978,421.8559,0.5822
1908,855,4542,90.018,135.856,303.8116,524.5055,0.9539
1909,855,22626,132.1434,812.6538,331.9808,330.3605,0.853
1910,855,16687,622.7982,60.0171,196.5187,478.2256,0.8301
1911,855,33877,594.863,703.4616,234.3845,465.8334,0.5069
1912,857,27652,338.1523,132.8676,183.0439,187.04,0.9871
1913,857,33008,92.0491,679.2351,249.3287,243.2351,0.9462
1914,857,22073,574.3536,746.6614,208.4974,212.7965,0.8416
1915,857,22073,572.7958,745.8116,212.6666,213.5643,0.0542
1916,858,27652,380.3638,189.4645,183.4868,182.2064,0.9847
1917,858,33008,133.7212,768.7412,247.0883,238.9528,0.9096
1918,858,22073,612.0104,835.8332,206.766,205.5107,0.8329
1919,858,31862,612.1065,833.9937,207.3708,205.1395,0.1012
1920,861,32309,125.2539,832.2442,255.627,262.5624,0.9696
1921,861,35205,71.7839,93.8463,341.0131,468.1546,0.942
1922,861,12246,655.9432,705.6151,247.8086,465.1104,0.9266
1923,861,16687,569.2122,145.9964,301.6178,441.8569,0.8967
1924,862,28762,75.0029,132.9244,453.1316,420.7618,0.9512
1925,862,12080,672.9194,173.2522,176.1044,252.4942,0.9452
1926,862,3482,601.1159,846.8673,279.852,185.9806,0.7154
1927,862,21324,86.1893,829.9032,345.8808,301.8583,0.5816
1928,864,28762,63.2972,103.113,437.249,423.6524,0.8847
1929,864,12080,645.0804,171.3321,169.6785,247.562,0.8335
1930,864,21324,48.995,784.7418,351.2178,304.6683,0.403
1931,864,3482,572.2502,813.5396,282.6565,190.5378,0.3408
1932,866,4377,473.742,556.9448,395.6763,375.7241,0.9827
1933,866,25437,28.5959,515.2007,434.529,589.5481,0.9599
1934,866,27652,305.1215,173.4909,185.7096,187.1336,0.6106
1935,866,27652,305.213,173.5555,184.8604,187.3343,0.1438
1936,867,27652,347.1718,233.3991,184.5642,180.9277,0.9816
1937,867,4377,519.3597,656.5901,386.1059,365.8483,0.9718
1938,867,25437,71.4912,613.7976,433.6364,594.1106,0.96
1939,867,12419,72.351,613.8382,431.131,593.1018,0.078
1940,868,13899,648.3413,231.6144,192.2082,180.4221,0.9001
1941,868,27732,35.4908,58.1527,412.0793,508.2322,0.8455
1942,868,3482,584.788,845.852,287.1467,165.2233,0.7881
1943,868,19860,95.3992,852.2361,220.4976,207.6611,0.7399
1944,869,13899,620.715,223.3983,187.3893,180.3821,0.8756
1945,869,27732,21.7375,33.4424,395.7406,508.1918,0.8666
1946,869,19860,61.1245,811.4751,225.0014,209.6112,0.8137
1947,869,3482,558.976,812.0213,287.7162,174.2774,0.7038
1948,870,13899,142.7098,847.6215,196.1094,191.8206,0.9007
1949,870,27732,569.7379,668.3932,394.2068,531.9748,0.8741
1950,870,19860,669.8745,254.5183,222.4222,200.7183,0.8638
1951,870,3482,132.7662,284.7364,278.0006,176.7315,0.6697
1952,873,12419,620.8061,668.4238,283.5367,425.0193,0.9988
1953,873,27652,343.0578,224.838,185.2196,181.852,0.9896
1954,873,25437,71.0562,611.989,436.7366,597.4052,0.9599
1955,873,18356,617.7405,666.7662,287.2156,424.5671,0.1203
1956,874,25366,84.0308,724.3181,332.8509,242.2433,0.9273
1957,874,3482,627.2922,718.6067,206.226,268.8917,0.8828
1958,874,27732,148.9055,147.7949,433.529,478.5084,0.8826
1959,874,13899,626.2653,221.639,188.5486,182.9436,0.7192
1960,875,25366,117.3727,767.8746,330.452,230.2469,0.9
1961,875,3482,651.6926,750.7166,209.0893,266.7046,0.8662
1962,875,27732,168.7416,182.6079,445.6074,476.1728,0.8548
1963,875,13899,655.1348,232.2533,192.3203,178.7016,0.6939
1964,878,12080,642.4734,209.8046,191.1389,246.3975,0.9403
1965,878,3482,586.7352,846.1104,286.6025,163.6722,0.7735
1966,878,19860,96.1218,853.0695,221.9204,207.4495,0.7396
1967,878,28762,78.1277,124.566,337.2541,497.9206,0.6824
1968,879,12080,614.4858,204.9816,184.3355,239.3057,0.9
1969,879,19860,61.6918,812.0622,225.7322,209.8669,0.8516
1970,879,28762,61.7827,92.2043,324.3467,499.6422,0.7023
1971,879,3482,559.957,811.7837,288.4058,173.7131,0.692
1972,880,19231,512.6618,606.6752,307.145,501.7422,0.9845
1973,880,19606,507.4698,161.373,270.5225,265.1359,0.9547
1974,880,16687,75.4736,664.7666,222.4972,488.2956,0.9007
1975,880,20876,68.7543,87.2933,230.6838,480.8846,0.8502
1976,882,19231,129.2517,91.8615,304.4909,503.5186,0.984
1977,882,16687,641.024,51.0338,220.9436,491.4336,0.8927
1978,882,20876,644.0462,669.2163,234.1629,493.0176,0.6182
1979,882,20876,645.9492,674.4045,232.9693,488.578,0.4146
1980,883,13899,630.5254,220.2091,189.2,186.0729,0.9441
1981,883,34596,142.1768,231.5984,214.0918,201.9895,0.9165
1982,883,21324,44.512,858.0756,383.7295,216.492,0.8014
1983,883,3482,601.7674,845.8618,280.194,186.7764,0.7305
1984,886,27652,409.625,891.6022,189.2129,191.6723,0.9828
1985,886,22361,543.8099,262.588,266.8204,387.0986,0.8878
1986,886,22073,163.0033,283.0877,206.8666,207.8458,0.7734
1987,886,31862,162.0548,283.9484,208.4906,204.6698,0.0269
1988,888,22361,160.5176,641.7369,268.326,401.4596,0.8422
1989,888,22073,609.8898,836.0402,206.451,205.5284,0.6788
1990,888,27652,381.4002,205.956,182.8911,181.5321,0.6124
1991,888,27652,381.0672,205.0769,184.0594,182.4039,0.0635
1992,889,34596,709.5126,887.4496,220.7205,214.2487,0.9408
1993,889,25366,543.1546,292.809,330.1749,235.8655,0.8989
1994,889,3482,141.9432,292.013,211.7739,256.9149,0.8878
1995,889,13899,134.9265,847.6344,194.619,191.1797,0.8466
1996,891,13899,626.9615,221.3028,188.4374,181.9129,0.9387
1997,891,34596,55.6203,172.8864,209.9327,198.0375,0.9333
1998,891,25366,83.257,725.2368,334.4599,244.0135,0.9073
1999,891,3482,627.5434,718.5008,206.1232,270.2107,0.8638
2000,894,27776,32.4226,24.8686,407.9587,444.5622,0.8936
2001,894,3482,626.5024,719.1203,207.4849,270.5685,0.8729
2002,894,12080,603.5502,206.5678,181.3001,243.4567,0.8664
2003,894,25366,83.1283,725.1558,333.2522,243.7246,0.7606
2004,895,5093,532.177,38.8863,296.7356,455.2516,0.9502
2005,895,21025,584.6122,772.2954,224.3116,224.5643,0.9277
2006,895,16550,93.1634,222.255,203.9343,200.6718,0.8444
2007,895,38161,100.1363,821.5266,181.964,178.6684,0.5856
2008,896,16550,107.2998,232.5401,210.9828,200.2944,0.9445
2009,896,5093,565.669,45.6839,299.1958,468.9334,0.9315
2010,896,21025,613.8158,812.1222,221.0703,215.0757,0.8789
2011,896,38161,134.4893,854.59,179.9718,176.4005,0.8754
2012,897,5093,119.0918,719.1992,315.7587,492.9544,0.9463
2013,897,16550,674.2943,835.8374,216.3228,211.3524,0.9056
2014,897,38161,676.266,284.0417,178.1922,173.1555,0.9029
2015,897,21025,168.7622,274.4419,218.6962,213.7231,0.8618
2016,898,25468,569.2984,582.2244,259.0582,486.783,0.9666
2017,898,16550,120.0118,173.5286,202.9966,196.5251,0.9375
2018,898,1899,73.0988,779.2749,240.0428,231.727,0.7374
2019,898,1899,73.4443,778.4198,240.014,232.3766,0.0542
2020,900,25468,599.036,623.2264,254.0735,482.315,0.9636
2021,900,16550,133.0647,177.4983,210.1537,201.4746,0.9092
2022,900,1899,107.3967,821.378,236.7905,227.0808,0.8339
2023,900,31704,646.046,206.2166,178.6678,187.4685,0.04
2024,904,41767,640.6742,189.9731,229.7696,216.7683,0.9711
2025,904,36636,122.2864,769.532,316.6066,275.9359,0.9615
2026,904,33879,162.03,55.4228,296.9783,473.413,0.8649
2027,904,3482,606.9056,791.0596,277.9338,208.7463,0.7833
2028,906,36636,565.1068,263.1326,301.5759,263.4685,0.9481
2029,906,41767,111.6022,855.5579,234.2888,225.2933,0.9468
2030,906,3482,122.718,307.1156,271.8952,202.2949,0.8309
2031,906,33879,550.787,717.4547,295.1979,493.2154,0.8244
2032,908,27652,303.8097,192.5308,184.6542,187.8354,0.9881
2033,908,22073,574.4266,747.1891,208.1433,211.9378,0.7927
2034,908,41767,114.6708,715.9824,231.4104,228.2949,0.7736
2035,908,41767,114.8152,715.9292,231.2762,228.267,0.662
2036,910,29870,638.0816,293.7819,177.7159,195.9199,0.941
2037,910,27776,514.6938,702.4106,450.864,445.4848,0.9275
2038,910,12777,125.6802,880.261,230.8951,226.4785,0.9118
2039,910,3482,176.4845,271.0872,260.6734,223.5148,0.7032
2040,912,29870,142.361,774.231,181.9406,206.8448,0.9643
2041,912,27776,34.3096,110.2194,434.0186,421.1774,0.9061
2042,912,3482,533.5481,778.91,269.8002,226.3228,0.7926
2043,912,12777,600.6812,162.2504,219.1644,213.9095,0.2854
2044,914,27652,368.512,121.775,184.3628,190.2643,0.9816
2045,914,23202,554.7352,708.4557,205.3061,247.2349,0.9701
2046,914,22361,46.8248,612.5844,338.154,356.9805,0.8898
2047,914,10223,555.1328,707.2502,203.5549,249.5118,0.0113
2048,915,27652,411.7828,180.811,184.823,181.3732,0.9299
2049,915,23202,593.2094,797.7682,200.9855,243.8661,0.9167
2050,915,22361,88.2644,708.0033,338.3674,349.907,0.8968
2051,915,10223,593.7044,797.0169,199.9165,245.6344,0.013
2052,916,13899,141.527,892.6967,196.4668,192.908,0.951
2053,916,36636,565.2404,263.6483,300.9152,263.6678,0.9368
2054,916,27776,508.4576,683.0482,458.6289,429.2785,0.9233
2055,916,3482,122.7996,307.5236,272.5604,201.429,0.8424
2056,919,36636,564.2906,262.8793,300.5789,263.9748,0.9502
2057,919,12080,100.5611,884.9846,266.6228,174.6035,0.8789
2058,919,3482,121.8072,308.7206,271.7919,200.9305,0.8325
2059,919,33879,497.9782,675.0722,368.13,444.191,0.6254
2060,920,12080,592.5754,204.0798,252.5181,166.5102,0.9645
2061,920,36636,89.721,727.6328,321.1817,281.8895,0.9567
2062,920,3482,580.664,759.1299,276.6966,209.0166,0.8052
2063,920,33879,128.2079,125.4414,353.9561,422.324,0.802
2064,923,27776,545.0368,714.4186,430.9632,452.7858,0.9668
2065,923,33008,109.9702,835.4558,248.7141,241.8146,0.9426
2066,923,25366,544.3076,292.4917,329.8938,238.426,0.9215
2067,923,3482,143.4327,290.5745,211.9606,258.3669,0.878
2068,925,28762,483.2273,621.6851,444.4954,458.4386,0.9472
2069,925,13899,144.9622,899.5903,194.5511,191.6184,0.8828
2070,925,3482,150.6812,217.7748,247.9688,222.4591,0.863
2071,925,3742,637.2324,277.3354,220.8806,169.0694,0.6817
2072,927,28762,64.3265,140.2551,418.3697,443.4849,0.9181
2073,927,3482,571.7297,839.354,262.8312,227.8436,0.846
2074,927,3742,91.1587,827.6239,225.8791,174.9199,0.8391
2075,927,13899,616.8022,174.6546,185.7933,180.3168,0.564
2076,929,27732,31.0983,35.3677,415.0427,492.7828,0.8721
2077,929,21324,10.3825,813.3408,383.6586,219.5186,0.8715
2078,929,13899,601.352,214.6042,185.6566,180.8868,0.6028
2079,929,3482,574.4632,812.6519,281.8121,190.4652,0.499
2080,930,13899,163.3978,855.8535,192.9527,190.4546,0.8998
2081,930,27732,542.0178,688.1526,423.3002,513.1229,0.8947
2082,930,21324,574.799,231.3113,367.6902,216.4514,0.8817
2083,930,3482,123.9933,269.692,273.3574,189.8559,0.8737
2084,931,18109,179.1804,268.5888,127.999,199.3096,0.8432
2085,931,20013,164.9119,916.2762,161.5788,154.5725,0.7592
2086,931,5093,473.9252,244.956,487.6492,261.5924,0.7292
2087,931,20013,163.4122,916.1041,164.0072,155.9652,0.6803
2088,932,18109,159.3286,257.9694,128.0744,199.2358,0.9206
2089,932,5093,452.2642,224.3613,479.1775,265.3416,0.8192
2090,932,20013,129.5908,885.5228,170.2719,156.798,0.7967
2091,932,20013,130.6426,885.7689,161.1328,156.2418,0.7562
2092,933,20013,664.1968,252.1208,156.3221,151.2387,0.9701
2093,933,18109,688.3318,806.6784,130.1561,206.4197,0.9457
2094,933,18356,114.0466,169.3951,310.4891,400.0887,0.8175
2095,933,5093,14.0536,738.0819,504.6516,276.9465,0.8066
2096,936,35205,118.4836,186.1168,311.1496,498.3478,0.9437
2097,936,32309,114.3194,841.004,255.5935,265.7882,0.9348
2098,936,16687,599.6918,95.933,249.6934,462.2984,0.8888
2099,936,33877,651.4956,703.925,223.7475,472.8696,0.5286
2100,937,19551,124.9211,102.0803,297.6855,526.762,0.8913
2101,937,16687,623.4812,58.061,195.819,482.183,0.8411
2102,937,22626,131.8787,812.9266,332.6069,330.4899,0.8219
2103,937,33877,594.6932,703.2804,234.4946,465.2236,0.5289
2104,938,19551,129.0471,73.3533,289.5701,522.0952,0.9044
2105,938,16687,630.1997,22.8897,199.7522,492.4041,0.9006
2106,938,22626,130.3015,802.4572,323.4802,319.23,0.8829
2107,938,33877,587.6724,699.7054,227.893,453.6154,0.5599
2108,940,12419,203.4212,223.5654,217.9136,417.3831,0.9737
2109,940,13899,642.922,321.5304,189.3686,190.5614,0.932
2110,940,27652,422.3312,898.2306,189.3949,191.4288,0.8827
2111,940,27652,422.1376,899.1949,189.2136,190.0884,0.1019
2112,941,12419,516.4334,548.643,217.0778,447.2658,0.9918
2113,941,13899,89.7953,712.8678,195.2049,193.0557,0.9512
2114,941,27652,325.092,140.6114,185.1702,189.8779,0.2716
2115,941,27652,325.6754,141.9914,183.8581,188.2096,0.2244
2116,942,12419,555.1411,642.6928,218.7502,443.9396,0.9948
2117,942,27652,367.375,199.0027,185.2576,183.3038,0.9764
2118,942,13899,132.4531,800.289,192.5812,188.6051,0.9588
2119,942,41767,132.2549,799.8423,193.0653,189.1915,0.0103
2120,945,27776,631.465,644.4109,313.3497,522.1048,0.963
2121,945,41767,111.39,857.593,231.3872,224.7449,0.9128
2122,945,3482,150.0222,217.2048,248.6156,222.7076,0.8564
2123,945,3742,637.039,276.9742,220.9691,169.4642,0.677
2124,947,13899,142.2675,847.9487,196.2056,191.4574,0.9147
2125,947,34596,592.0738,885.8812,225.2843,214.6345,0.9076
2126,947,19860,669.5852,254.3269,222.8575,200.339,0.8589
2127,947,3482,132.3721,284.9788,277.7371,176.738,0.7352
2128,948,13899,648.5891,231.5635,192.1259,180.2185,0.9422
2129,948,34596,183.9925,178.8834,214.892,202.0046,0.9086
2130,948,3482,585.0708,846.3329,287.4258,164.8358,0.8049
2131,948,19860,94.8054,852.9479,222.3847,207.2579,0.75
2132,949,33008,110.3261,836.0439,248.2268,241.3752,0.9486
2133,949,25366,543.4322,292.1763,329.9551,237.8844,0.9309
2134,949,3482,142.4831,291.454,211.2291,257.1914,0.8735
2135,949,33879,504.3495,720.9463,419.4762,408.8639,0.3804
2136,950,25366,82.914,724.0488,334.6538,244.9867,0.9228
2137,950,3482,627.2086,719.552,205.858,269.1821,0.8769
2138,950,33879,71.0527,118.8545,400.9743,385.3327,0.8552
2139,950,33008,601.699,187.8667,237.1418,225.7786,0.8415
2140,951,3482,650.2108,751.798,210.5234,266.5281,0.8963
2141,951,25366,117.4916,768.3849,330.273,231.7341,0.8899
2142,951,33879,82.0592,132.6043,414.2243,397.2926,0.8483
2143,951,33008,630.5512,194.888,242.7231,228.2356,0.8299
2144,952,33008,165.9503,833.6776,250.4446,242.2132,0.9478
2145,952,21324,574.179,231.0215,368.5325,217.62,0.89
2146,952,3482,123.1547,269.9295,274.5858,190.0808,0.8812
2147,952,33879,564.1505,646.1039,383.1242,432.3094,0.728
2148,953,21324,9.1814,812.6402,386.6112,220.1152,0.8772
2149,953,33879,47.1215,156.9285,372.3876,419.8064,0.8424
2150,953,33008,545.7362,190.1593,238.6255,226.6272,0.8379
2151,953,3482,574.0534,813.0638,281.9528,190.0046,0.3959
2152,954,33008,572.7596,198.3167,245.3692,227.9288,0.8352
2153,954,33879,62.6469,183.9639,382.4813,422.7527,0.8329
2154,954,21324,44.9519,857.2754,382.8005,216.2088,0.7688
2155,954,3482,601.921,846.3791,279.9386,185.6335,0.7124
2156,956,25468,599.7482,669.3734,257.1088,485.2706,0.97
2157,956,5093,593.755,0.7804,308.827,444.263,0.9149
2158,956,18109,157.6795,250.1938,203.912,123.5431,0.9071
2159,956,20013,140.3487,862.5419,159.5474,156.3709,0.5461
2160,957,25468,147.1208,142.7863,261.224,455.0274,0.9713
2161,957,20013,689.8973,299.1746,154.7792,148.6899,0.965
2162,957,5093,79.4978,786.6402,310.0602,492.9124,0.9225
2163,957,18109,628.9904,893.9328,211.9726,135.2601,0.9113
2164,962,6562,470.792,777.8963,407.2006,273.4968,0.945
2165,962,5093,628.5755,111.1281,277.336,468.7985,0.8786
2166,962,20013,140.7915,848.7711,164.5772,159.2548,0.7339
2167,962,18109,147.9261,240.3616,182.5116,181.3864,0.6215
2168,966,18109,654.3853,902.491,213.9183,146.7108,0.9298
2169,966,1899,123.6225,852.778,246.5074,235.8791,0.8998
2170,966,6191,607.5083,216.0295,302.5377,288.2826,0.8931
2171,966,3543,135.3185,128.6737,243.4814,419.7376,0.7164
2172,967,30307,125.2935,304.0684,260.5866,297.6791,0.9753
2173,967,27652,407.3758,887.8525,187.5358,189.9672,0.9687
2174,967,12777,586.8032,304.3167,225.4142,223.6579,0.9334
2175,967,18356,122.1268,300.5752,266.705,298.2202,0.0583
2176,968,27652,340.0851,154.1574,184.7777,188.5092,0.9848
2177,968,30307,560.4972,626.4787,262.9378,305.1436,0.9419
2178,968,12777,110.6211,696.4529,232.309,232.052,0.925
2179,968,30307,560.516,627.7038,264.0003,303.4078,0.1893
2180,972,25468,576.1438,625.4842,258.1724,488.6405,0.9242
2181,972,5093,574.1592,16.4408,329.3318,433.4349,0.9136
2182,972,18109,140.3953,240.5398,200.1659,127.9842,0.8727
2183,972,5885,125.7835,774.1216,195.2024,192.2068,0.2765
2184,973,18109,181.307,267.6484,129.968,198.5539,0.9216
2185,973,18356,615.3374,715.9062,283.6375,440.5895,0.8559
2186,973,5093,573.3838,83.1885,304.0427,469.0541,0.835
2187,973,5885,181.221,885.3527,195.4703,188.9927,0.6506
2188,974,5093,543.266,75.5639,297.1287,454.7738,0.8701
2189,974,18356,587.5095,675.906,286.4499,448.0912,0.8326
2190,974,18109,161.4047,256.7653,128.4493,199.0198,0.7327
2191,974,5885,146.9018,849.3276,198.9979,196.2341,0.6397
2192,975,18109,685.31,807.8816,129.767,207.2333,0.9377
2193,975,5093,110.5292,683.1304,320.3441,488.9186,0.879
2194,975,18356,115.1327,154.5406,273.4881,414.0922,0.8
2195,975,5885,616.6936,250.3397,191.0051,187.0296,0.5692
2196,979,13394,582.1507,706.0938,189.9993,197.598,0.9617
2197,979,29666,69.5063,547.9864,290.1423,337.1846,0.929
2198,979,27652,392.4924,157.6737,182.0535,186.0447,0.8838
2199,979,31862,69.3056,546.8656,292.2812,337.6791,0.0745
2200,980,29666,576.9652,307.6478,279.3162,318.2927,0.976
2201,980,13394,170.8149,310.9372,184.5758,191.1092,0.9555
2202,980,27652,354.1932,874.1357,187.6544,188.9076,0.893
2203,980,31862,576.943,306.6027,283.4167,318.5827,0.3398
2204,982,19231,108.772,114.6115,293.63,506.9811,0.9825
2205,982,16687,659.0464,106.4453,212.7751,482.8534,0.8983
2206,982,22626,117.3926,838.2463,328.8741,329.7132,0.8753
2207,982,20876,636.5556,674.859,241.2172,513.675,0.7102
2208,983,19231,103.1116,77.0153,298.3929,510.3512,0.9585
2209,983,16687,670.6775,69.8679,207.019,495.7245,0.8758
2210,983,22626,115.652,830.2796,321.8067,320.1236,0.5607
2211,983,22626,114.4645,829.5518,323.9608,321.6655,0.408
2212,984,19231,534.6796,614.904,305.7574,503.7768,0.985
2213,984,16687,60.1148,640.171,203.3175,495.5326,0.9245
2214,984,22626,497.1748,128.3429,312.3478,304.7243,0.8422
2215,984,20876,87.098,77.0286,227.674,490.0398,0.5043
2216,985,6562,519.7668,804.7118,423.0926,231.2729,0.9564
2217,985,18109,137.503,218.6711,203.8582,148.8619,0.8807
2218,985,1899,574.7176,187.2434,232.9095,224.1235,0.8697
2219,985,3831,119.3005,740.5844,199.4272,281.1706,0.5496
2220,986,3831,643.7074,259.7217,193.8027,267.2515,0.944
2221,986,6562,44.2978,233.1179,408.8538,226.3821,0.9438
2222,986,18109,631.7212,899.2609,210.4178,154.3448,0.7474
2223,986,1899,141.4263,836.1242,242.9446,239.8125,0.5513
2224,988,12080,621.2652,199.1833,261.5538,151.8314,0.9625
2225,988,27925,156.7229,183.9011,206.6651,196.6959,0.9298
2226,988,3482,597.4483,869.9512,260.4399,227.9404,0.8677
2227,988,3742,124.0962,865.2578,221.1365,168.8881,0.843
2228,989,12080,591.432,193.1174,259.6696,155.6122,0.9791
2229,989,27925,141.2623,178.2371,203.1559,194.3182,0.9526
2230,989,3482,569.9332,839.4384,263.5359,229.1176,0.8591
2231,989,3742,88.7186,827.213,226.9038,175.5738,0.8322
2232,990,27925,628.6258,887.3749,211.6392,209.0519,0.9288
2233,990,3482,151.913,216.521,248.3861,222.3541,0.8462
2234,990,12080,94.4954,907.5903,272.6501,162.271,0.7756
2235,990,3742,638.5802,276.8583,221.2158,169.7822,0.6408
2236,991,21025,584.4382,772.0722,224.9387,224.8863,0.9499
2237,991,1899,571.7557,221.891,233.1463,225.2676,0.9055
2238,991,16550,93.2674,222.2153,203.398,200.5243,0.8772
2239,991,38161,100.0039,821.6988,182.0242,178.322,0.6605
2240,993,16550,107.346,232.8184,211.2963,200.092,0.9344
2241,993,38161,134.4341,854.6929,180.3,176.6796,0.8812
2242,993,21025,613.5395,812.3993,221.5278,215.157,0.8703
2243,993,1899,600.0952,234.1502,237.0602,224.432,0.8616
2244,994,33008,118.0281,846.4968,249.6887,240.8758,0.9279
2245,994,19860,668.4261,254.5037,223.9439,200.7821,0.8328
2246,994,33879,509.7826,752.7473,392.452,433.956,0.7872
2247,994,3482,132.4428,285.0126,278.1276,177.2486,0.7187
2248,996,33008,622.3536,181.9194,244.5115,232.0514,0.9237
2249,996,33879,110.5952,68.7569,385.4668,428.441,0.8845
2250,996,3482,585.6389,845.9415,286.9197,164.9314,0.7936
2251,996,19860,95.42,852.4659,221.3495,207.4694,0.7314
2252,997,6562,456.0898,808.8374,426.1885,223.1732,0.9147
2253,997,5093,590.6067,62.9638,277.5766,467.9196,0.807
2254,997,18109,147.9508,240.5626,182.8266,180.1663,0.6495
2255,997,5885,121.2619,805.9247,195.3821,190.3903,0.2168
2256,998,6562,484.8212,847.1365,421.9338,214.8931,0.9636
2257,998,5093,619.4369,70.0755,286.193,482.9774,0.7036
2258,998,18109,166.4209,248.423,184.855,181.7369,0.6172
2259,998,5885,155.5035,839.6613,192.1994,186.2551,0.4751
2260,999,6562,102.6092,233.7596,411.473,220.8253,0.8612
2261,999,5093,80.1896,683.667,294.1582,499.6372,0.756
2262,999,18109,643.2626,845.6362,189.6646,188.3305,0.7461
2263,999,5885,644.5741,288.6947,190.2456,184.5209,0.6484
2264,1003,36636,122.5417,769.1008,316.7672,275.7699,0.9472
2265,1003,28762,35.4595,157.8415,451.4931,418.706,0.9208
2266,1003,13899,647.5996,185.6435,192.5684,179.1401,0.8779
2267,1003,3482,606.9558,792.5058,277.4925,206.9862,0.7418
2268,1004,13899,141.0232,892.549,197.3923,192.687,0.9552
2269,1004,36636,565.327,263.8738,300.3051,263.5843,0.9545
2270,1004,3482,122.6865,307.4313,272.352,201.7434,0.8392
2271,1004,28762,513.2147,653.3592,450.2014,443.3118,0.6799
2272,1005,28762,20.1158,127.9924,439.8557,424.4512,0.9444
2273,1005,36636,87.5056,727.9836,322.2229,281.6993,0.9309
2274,1005,13899,619.5378,179.6826,187.5541,182.0015,0.7664
2275,1005,3482,579.7315,760.5298,277.2266,208.5275,0.7239
2276,1006,27776,42.118,177.5189,453.0656,425.0582,0.9331
2277,1006,21324,45.3071,857.2334,382.5352,217.272,0.811
2278,1006,41767,615.3021,195.4826,230.8663,218.5517,0.7794
2279,1006,3482,601.7034,846.0422,279.9838,186.0548,0.6967
2280,1007,41767,587.1446,190.8644,225.0186,213.372,0.9774
2281,1007,27776,33.5765,150.7526,432.6906,431.5344,0.9262
2282,1007,21324,10.3667,812.3692,386.139,220.4282,0.8955
2283,1007,3482,573.9464,812.9912,281.6512,190.7571,0.3933
2284,1009,27925,80.7117,196.5658,200.3358,197.2718,0.9254
2285,1009,21324,9.272,812.7164,387.2528,220.2514,0.8825
2286,1009,33008,546.141,190.2091,238.9457,225.9272,0.8625
2287,1009,3482,574.5916,812.7184,281.6673,190.3834,0.5004
2288,1010,27925,95.012,205.6644,204.066,197.699,0.9453
2289,1010,33008,573.4586,197.4961,246.4521,228.5194,0.8416
2290,1010,21324,45.0129,857.6877,383.0602,216.4144,0.7872
2291,1010,3482,601.5052,846.3022,279.3656,186.504,0.7299
2292,1012,18109,140.4494,242.2348,200.0831,126.5499,0.8668
2293,1012,1899,610.0968,158.0093,233.8722,224.6051,0.8604
2294,1012,3831,141.8138,706.8783,182.0651,291.1792,0.7783
2295,1012,18356,140.6848,705.5998,183.5005,290.3062,0.1966
2296,1013,3831,638.3248,272.2404,180.4192,278.49,0.9351
2297,1013,18109,630.4896,893.9403,210.1228,132.7655,0.8867
2298,1013,1899,102.3787,866.0589,244.8322,238.6861,0.8467
2299,1013,25468,146.6334,142.6663,257.4486,453.5434,0.6383
2300,1014,1899,638.5974,164.9131,239.4714,223.0583,0.8952
2301,1014,3831,174.898,745.811,178.9287,288.3915,0.8627
2302,1014,18109,159.0088,252.75,202.1556,122.6812,0.6821
2303,1014,25468,600.9715,671.581,255.6176,481.3412,0.3603
2304,1015,25366,117.7227,768.0005,330.5766,231.1492,0.8919
2305,1015,3482,651.8928,750.5196,210.2704,267.1052,0.8759
2306,1015,22361,662.068,174.5151,220.6506,404.531,0.8758
2307,1015,33879,67.437,125.2942,399.3166,407.3792,0.8707
2308,1016,25366,543.1498,292.7954,330.4424,236.8029,0.9334
2309,1016,3482,141.9411,292.4118,211.6481,256.9454,0.8835
2310,1016,22361,98.4042,672.5514,236.8536,411.3475,0.863
2311,1016,33879,534.6533,718.4,405.9824,420.0448,0.7368
2312,1018,36636,561.349,257.7787,299.8882,263.9008,0.9643
2313,1018,3482,121.7401,308.0062,273.3264,201.7022,0.8348
2314,1018,12777,87.226,861.7109,230.5912,228.1365,0.8135
2315,1018,33879,441.2407,741.2815,473.6474,308.0469,0.6597
2316,1019,36636,129.2122,775.2698,316.0512,278.235,0.8763
2317,1019,33879,88.928,211.7554,466.2262,298.2532,0.82
2318,1019,3482,606.3718,792.1688,277.8944,207.5693,0.7553
2319,1019,12777,668.6076,182.2151,222.9384,212.7167,0.5945
2320,1020,33879,73.0994,192.514,453.9982,294.6089,0.8923
2321,1020,36636,92.2327,735.9268,323.229,276.3131,0.8817
2322,1020,12777,637.921,177.813,220.0676,214.8806,0.8585
2323,1020,3482,579.5886,760.5434,277.1107,207.544,0.7083
2324,1022,23222,581.2552,811.9898,217.5423,203.5607,0.9365
2325,1022,6562,33.7685,800.494,425.1591,224.4451,0.9318
2326,1022,5093,627.661,24.9819,278.4204,466.3226,0.8462
2327,1022,18109,147.8652,240.3082,182.8485,180.6676,0.716
2328,1023,23222,609.7301,843.7469,213.2592,199.8175,0.976
2329,1023,6562,70.4112,843.8188,419.7969,214.3854,0.9625
2330,1023,5093,655.7828,29.5495,286.6319,479.1917,0.7926
2331,1023,18109,165.963,247.5754,185.4918,182.8364,0.4397
2332,1025,33008,109.4071,835.6448,249.382,242.1935,0.9508
2333,1025,34596,643.1172,861.392,221.9058,211.6734,0.9494
2334,1025,25366,543.927,292.7068,329.5511,235.9637,0.9123
2335,1025,3482,143.0196,291.7524,210.6728,256.4721,0.8817
2336,1026,34596,133.9073,205.6841,215.0176,201.4389,0.9404
2337,1026,25366,117.2791,768.5812,330.9664,231.2536,0.9144
2338,1026,3482,651.0703,751.86,209.806,266.6169,0.8916
2339,1026,33008,630.2224,195.3283,243.5186,228.3116,0.7801
2340,1027,23202,188.5819,285.2019,199.0683,235.2972,0.959
2341,1027,13394,599.9846,259.9786,187.4963,189.475,0.795
2342,1027,13899,600.491,261.9117,186.9187,186.7352,0.5743
2343,1027,27652,353.8123,884.5045,188.5937,190.6625,0.1494
2344,1028,23202,552.62,708.1412,207.6987,246.4876,0.9691
2345,1028,13899,134.7914,781.0359,192.8882,187.7019,0.885
2346,1028,27652,391.429,155.6791,185.2443,188.4661,0.4956
2347,1028,27652,391.4802,156.8872,184.2676,187.3086,0.3365
2348,1029,23202,592.0932,797.1312,201.9234,243.0529,0.9199
2349,1029,27652,435.3094,215.0746,183.5968,182.5755,0.6929
2350,1029,13899,178.399,865.6666,189.5302,191.6818,0.554
2351,1029,22073,178.3065,866.468,190.0112,190.3258,0.485
2352,1030,36636,88.6607,728.1316,321.7327,281.7112,0.9488
2353,1030,28762,41.8764,139.5702,450.7006,417.9335,0.8992
2354,1030,22361,569.4458,116.4914,254.2573,381.0289,0.8169
2355,1030,3482,580.6584,760.3068,276.7323,208.1064,0.7222
2356,1034,12080,95.7868,908.5594,270.8005,162.665,0.9515
2357,1034,34596,648.2522,881.9358,224.2664,215.337,0.9434
2358,1034,3482,150.6612,216.7227,248.1069,222.6491,0.8577
2359,1034,3742,637.0982,277.1875,220.965,169.0248,0.6665
2360,1039,34596,125.5178,213.2837,215.3271,203.0046,0.9184
2361,1039,33008,573.1516,197.3785,245.8768,228.8956,0.8661
2362,1039,21324,44.7567,857.5792,383.8603,217.2929,0.7754
2363,1039,3482,601.8056,846.2172,279.4946,185.9361,0.7329
2364,1041,33008,165.1489,833.5228,251.3413,242.5146,0.9479
2365,1041,34596,649.7854,851.3897,226.4431,215.8488,0.9344
2366,1041,3482,124.2495,269.5688,273.2026,190.0875,0.882
2367,1041,21324,574.4048,230.9442,367.704,217.1116,0.8684
2368,1043,29666,49.8776,629.0767,267.9978,352.0394,0.9101
2369,1043,22361,512.4331,602.3446,246.1273,420.2412,0.8767
2370,1043,27652,313.4484,169.6388,183.4352,185.5263,0.7845
2371,1043,31862,50.8941,627.946,270.4817,349.1072,0.1582
2372,1044,27652,354.0481,228.6912,184.5544,180.702,0.9755
2373,1044,22361,550.8868,701.5316,242.8669,413.104,0.8664
2374,1044,29666,93.6998,726.3482,264.4297,347.654,0.7581
2375,1044,29666,95.2461,725.2222,261.7125,348.8647,0.2325
2376,1045,34596,132.5417,212.0715,212.3948,201.2252,0.9544
2377,1045,12777,593.5345,177.626,220.0455,215.1124,0.9338
2378,1045,25366,40.9702,755.5504,327.4025,250.5754,0.9185
2379,1045,3482,627.216,719.3852,206.2843,270.7486,0.8838
2380,1046,25366,74.9142,799.7241,324.337,244.0132,0.9747
2381,1046,34596,151.3306,222.0685,215.1635,203.1767,0.9275
2382,1046,3482,650.138,752.0948,211.0862,266.8866,0.8914
2383,1046,12777,622.4434,183.8876,224.5424,213.3702,0.7963
2384,1047,25366,588.925,259.4836,325.3696,240.3259,0.9538
2385,1047,34596,625.7254,844.8674,223.3707,212.1019,0.9475
2386,1047,12777,133.4824,861.084,230.9727,227.5121,0.9146
2387,1047,3482,142.1032,291.1951,211.9914,256.6738,0.8808
2388,1050,16687,651.4695,74.3349,200.908,492.7544,0.832
2389,1050,16547,90.144,169.182,342.1014,473.2086,0.8316
2390,1050,19606,135.7306,847.6299,277.3545,274.3458,0.657
2391,1050,16261,608.0302,779.3526,252.1768,404.4232,0.0998
2392,1051,19231,486.162,660.203,388.2925,468.492,0.9629
2393,1051,16687,84.8588,675.7921,232.6944,481.0674,0.8513
2394,1051,19606,551.3354,192.4394,267.932,267.1432,0.6357
2395,1051,33877,138.0443,103.6053,213.1833,439.5513,0.3482
2396,1053,19606,105.6815,801.3752,278.1381,272.0326,0.9638
2397,1053,19231,73.3675,69.576,385.0618,474.2939,0.9609
2398,1053,16687,621.0324,43.2047,216.0776,489.4182,0.8689
2399,1053,33877,591.1819,698.7086,218.5496,454.4316,0.6372
2400,1055,27732,62.4058,29.1729,424.2322,486.8753,0.8941
2401,1055,36636,83.5207,733.5326,325.5343,269.4783,0.8645
2402,1055,3482,569.8739,768.8514,280.7377,205.7841,0.7637
2403,1055,12777,647.2815,185.9427,217.9751,212.3029,0.3815
2404,1056,36636,116.8124,774.1471,322.863,267.9982,0.957
2405,1056,12777,676.6648,189.2977,223.915,214.2592,0.8903
2406,1056,27732,73.2099,51.1015,442.6674,489.0141,0.8582
2407,1056,3482,599.079,799.8922,279.0578,202.5574,0.7092
2408,1057,16687,609.8044,59.0423,244.4445,478.391,0.9102
2409,1057,32309,113.3726,831.0002,251.257,250.1744,0.8752
2410,1057,4542,77.5186,64.6428,339.7006,511.4622,0.833
2411,1057,33877,640.1256,703.2274,220.5257,458.5838,0.7473
2412,1058,4542,83.1238,95.8189,333.8816,517.4536,0.9588
2413,1058,32309,114.6502,840.9683,255.1156,265.2828,0.9392
2414,1058,16687,598.6998,97.0097,250.6149,462.8712,0.874
2415,1058,33877,652.7872,703.3124,220.9297,473.5599,0.5408
2416,1060,16547,526.5916,642.2992,358.1151,473.6562,0.9193
2417,1060,32309,555.9359,206.7362,245.5447,248.5655,0.9063
2418,1060,16687,114.8432,675.8108,212.569,493.6214,0.8565
2419,1060,20876,116.6247,36.1127,237.6249,498.09,0.483
2420,1064,28762,61.0212,130.5744,453.6556,418.8595,0.9208
2421,1064,41767,614.5451,194.3456,231.6708,219.2506,0.8095
2422,1064,21324,44.7461,856.6342,383.5115,218.0515,0.7954
2423,1064,3482,602.0001,846.1198,279.4634,185.9638,0.711
2424,1065,41767,136.755,850.9279,233.8177,225.1652,0.9792
2425,1065,28762,483.3654,684.7436,464.2747,435.5296,0.916
2426,1065,21324,573.889,231.5344,368.6526,217.1084,0.889
2427,1065,3482,123.7122,270.2259,274.3958,189.8223,0.8726
2428,1067,33008,118.5837,845.9938,249.0395,240.0218,0.8927
2429,1067,27732,561.8811,667.9642,399.059,534.3674,0.884
2430,1067,19860,669.2599,254.5096,223.1428,201.0104,0.8477
2431,1067,3482,131.4426,285.1586,279.188,176.7649,0.7203
2432,1069,38161,137.9798,868.7496,180.3582,175.2902,0.9268
2433,1069,18109,621.979,888.8221,208.8782,140.3383,0.906
2434,1069,1899,641.4975,166.1202,239.7326,223.4384,0.8885
2435,1069,38161,137.7632,867.762,180.862,176.4766,0.5825
2436,1070,18109,172.0373,280.2531,204.481,140.376,0.9325
2437,1070,38161,671.9374,272.9713,178.5145,170.7501,0.8637
2438,1070,1899,98.8383,864.9585,245.7334,238.4156,0.8611
2439,1070,5885,683.958,882.2191,202.1799,199.8986,0.4122
2440,1073,29870,142.9427,774.8366,182.2301,206.6505,0.966
2441,1073,12080,637.3016,180.7097,180.01,238.4863,0.9033
2442,1073,27925,116.7208,197.3335,200.5447,197.4205,0.8652
2443,1073,3482,534.2012,778.525,269.9609,226.1284,0.8478
2444,1075,5093,98.219,593.2069,335.2021,461.4811,0.9378
2445,1075,16550,101.4786,161.2482,203.0244,199.2703,0.9286
2446,1075,10220,603.3028,770.5127,206.0604,223.5041,0.531
2447,1075,24849,610.3302,141.7399,205.2313,198.4602,0.4651
2448,1076,16550,668.4482,900.1487,215.4211,211.4708,0.9582
2449,1076,5093,533.946,194.0534,331.1862,434.8286,0.9154
2450,1076,24849,130.9179,916.2637,215.5276,212.5696,0.4747
2451,1076,10220,168.1587,279.5076,202.9553,211.673,0.4048
2452,1077,16550,117.577,166.305,207.816,201.5534,0.9594
2453,1077,5093,130.7846,643.0002,330.393,458.3584,0.9574
2454,1077,10220,631.4632,805.5412,205.7017,218.7148,0.422
2455,1077,24849,639.7359,142.1061,210.122,201.5898,0.2719
2456,1079,27925,120.7157,220.0767,205.7823,194.8177,0.975
2457,1079,25366,71.5173,798.8376,324.7798,245.2906,0.9509
2458,1079,3482,646.3196,753.9448,212.2505,267.7521,0.8876
2459,1079,12777,624.1922,186.6361,223.9704,214.2934,0.5536
2460,1080,27925,103.4377,209.8352,200.1093,196.1186,0.9579
2461,1080,12777,594.8542,182.2778,219.5498,212.6993,0.9343
2462,1080,25366,37.3226,755.103,327.5268,251.5628,0.8981
2463,1080,3482,620.9212,721.5883,210.1161,270.7457,0.8547
2464,1081,38161,124.5137,864.9999,181.0042,176.5132,0.9693
2465,1081,31704,92.8408,185.0237,258.7287,228.9108,0.9157
2466,1081,5093,479.4894,202.6032,461.6384,323.2851,0.8729
2467,1081,18109,609.0114,899.8976,207.6564,137.2977,0.8671
2468,1085,27776,35.6937,130.3161,438.0522,415.6868,0.9221
2469,1085,13899,626.6616,221.9808,188.0821,181.9045,0.8816
2470,1085,3482,627.3768,718.5712,207.266,270.1228,0.869
2471,1085,25366,83.7418,724.0882,333.5414,243.5028,0.7671
2472,1087,5093,87.2683,588.7079,292.6691,484.6488,0.9384
2473,1087,3543,572.5556,673.2934,255.546,454.0078,0.9238
2474,1087,16550,132.8263,176.1665,203.6313,199.9144,0.9235
2475,1087,21025,624.7514,203.9682,217.2746,214.9047,0.5612
2476,1089,16550,634.3666,887.9394,215.4626,211.5341,0.9518
2477,1089,5093,583.9422,182.1306,288.5803,457.2841,0.9185
2478,1089,21025,108.5324,833.483,226.5186,225.4359,0.7899
2479,1089,3543,147.7479,141.3518,260.9084,427.3734,0.7667
2480,1092,31704,133.7554,243.4947,243.6439,231.8949,0.944
2481,1092,18109,650.6972,850.3003,211.2285,157.3,0.9175
2482,1092,1899,83.4442,913.7139,243.3854,239.5603,0.9055
2483,1092,20237,566.843,208.0724,324.4012,292.9874,0.6339
2484,1093,3482,150.2369,217.153,248.6451,223.1234,0.8637
2485,1093,33008,99.901,849.205,248.7882,242.144,0.81
2486,1093,28762,503.8192,687.9456,453.2494,444.2268,0.7874
2487,1093,3742,636.9,277.0281,221.3754,169.6595,0.6664
2488,1095,28762,45.3635,124.2471,448.3064,417.782,0.8628
2489,1095,3742,125.5286,865.527,221.5088,168.4352,0.8495
2490,1095,3482,599.0124,869.7116,260.6732,227.4224,0.8255
2491,1095,33008,637.9808,176.5496,246.4096,230.0465,0.6034
2492,1096,29344,166.0239,671.6507,219.7771,365.3586,0.9686
2493,1096,5093,476.5031,117.3754,448.0946,320.5558,0.9495
2494,1096,16550,92.8056,197.1937,203.8022,199.4159,0.924
2495,1096,29450,550.4442,777.9762,308.5609,240.0325,0.7935
2496,1097,16550,106.6694,205.211,210.2928,201.4823,0.9466
2497,1097,5093,508.9044,128.2253,452.5458,326.2345,0.9345
2498,1097,29344,199.1386,714.8009,218.2504,359.0851,0.8746
2499,1097,29450,574.8654,814.2716,306.3984,232.1047,0.764
2500,1098,5093,14.0279,785.8455,480.2166,343.8338,0.96
2501,1098,16550,675.3571,861.7694,217.6084,212.076,0.939
2502,1098,29344,580.6726,229.1901,218.035,338.9831,0.6702
2503,1098,10220,126.7818,255.4339,291.819,230.0326,0.1512
2504,1100,29870,143.2868,774.2534,180.8474,207.1586,0.9789
2505,1100,27732,56.5621,92.5445,420.9224,496.7827,0.8827
2506,1100,12080,637.0074,181.2948,180.2424,238.1215,0.8384
2507,1100,3482,534.5143,778.9353,269.1937,225.1844,0.8308
2508,1101,29870,176.2922,812.6935,177.6399,201.7668,0.9508
2509,1101,12080,664.1321,182.8626,187.1872,244.0504,0.8916
2510,1101,27732,73.4071,118.0813,430.1919,493.5688,0.8775
2511,1101,3482,562.587,812.3334,266.4348,219.7562,0.8518
2512,1105,27925,113.8114,210.9506,204.0188,197.7594,0.948
2513,1105,36636,123.6082,769.6464,316.1882,275.8695,0.943
2514,1105,22361,602.5212,124.6155,256.2656,391.304,0.7874
2515,1105,3482,608.5753,792.3128,276.4113,206.9988,0.778
2516,1109,33008,622.1684,181.777,244.5992,232.0761,0.9277
2517,1109,34596,139.93,225.1475,213.5462,201.3844,0.9211
2518,1109,3482,586.27,845.9142,286.444,165.0992,0.8002
2519,1109,19860,95.5938,852.817,223.0336,207.4348,0.7429
2520,1111,34596,114.7311,187.5323,209.4414,200.208,0.9286
2521,1111,12777,603.5379,176.5875,218.3599,214.2034,0.9094
2522,1111,19860,60.1408,812.0472,225.6616,209.451,0.8522
2523,1111,3482,558.5226,812.0902,288.023,174.2891,0.7752
2524,1114,19860,666.888,253.8157,225.6138,201.5077,0.8545
2525,1114,22361,101.7636,686.5064,211.2536,420.3572,0.8023
2526,1114,33879,562.069,696.6415,393.4422,422.975,0.7231
2527,1114,3482,131.685,285.0221,278.3834,176.8038,0.7068
2528,1115,22361,648.2508,143.2583,202.383,400.4764,0.8831
2529,1115,19860,60.7083,811.952,227.0347,209.8758,0.8488
2530,1115,33879,36.7195,124.9385,383.1682,405.698,0.8471
2531,1115,3482,558.9303,812.1088,288.3532,174.4326,0.411
2532,1116,22361,676.9575,150.3094,204.7824,411.6185,0.9278
2533,1116,33879,57.1283,137.0385,389.6358,419.8674,0.8971
2534,1116,3482,585.4714,846.588,286.8829,164.3532,0.8076
2535,1116,19860,95.1801,852.4822,221.7745,207.832,0.6104
2536,1118,16550,675.421,859.1349,215.9559,213.0808,0.928
2537,1118,1899,98.2243,881.5293,245.8925,239.1234,0.9105
2538,1118,29344,586.323,236.0193,215.7696,338.1462,0.8526
2539,1118,10220,194.3707,244.5527,172.9107,230.3369,0.0803
2540,1119,16550,106.9927,207.2313,211.1678,201.5262,0.9092
2541,1119,1899,642.5509,146.8086,239.7146,225.464,0.9046
2542,1119,10220,635.8811,827.0669,162.8655,239.2472,0.6595
2543,1119,29344,193.6288,708.5648,220.1036,358.4936,0.3341
2544,1121,12777,137.6027,870.92,229.7898,227.1718,0.9098
2545,1121,3482,124.8434,269.4285,273.3855,189.8588,0.8821
2546,1121,34596,617.8316,860.2702,225.1749,213.5766,0.6839
2547,1121,21324,576.841,190.1315,327.3579,283.1144,0.5791
2548,1123,33008,151.6308,803.1218,249.9985,241.8925,0.942
2549,1123,27776,499.9342,668.3204,446.7424,438.7382,0.9328
2550,1123,36636,564.5249,264.0898,301.3093,263.4285,0.9325
2551,1123,3482,122.4584,307.3392,272.5894,202.7587,0.8272
2552,1125,36636,122.1723,769.172,316.4966,275.8209,0.9359
2553,1125,33008,589.399,229.6053,244.5747,227.819,0.8782
2554,1125,3482,607.4847,791.9199,276.4718,208.1395,0.7192
2555,1125,27776,65.5296,161.756,440.7626,423.5042,0.7106
2556,1126,25366,545.3892,291.4312,329.0066,238.0857,0.956
2557,1126,33008,110.4419,834.2486,248.8062,242.5458,0.9473
2558,1126,3482,144.4136,290.4579,210.922,257.0348,0.8485
2559,1126,27732,514.8037,734.0688,456.3842,471.0594,0.808
2560,1129,36636,564.8502,262.5972,301.489,264.1111,0.9651
2561,1129,27925,684.0424,828.067,209.0281,206.0333,0.9547
2562,1129,3482,122.7178,307.1356,272.0936,202.1922,0.8379
2563,1129,41767,111.3528,855.5023,234.3448,226.2397,0.7178
2564,1135,18109,151.1177,254.3263,197.9684,161.6912,0.912
2565,1135,6191,79.5882,788.7472,306.0143,294.4794,0.9057
2566,1135,5093,609.163,56.5228,283.146,477.391,0.8763
2567,1135,20237,546.191,834.121,373.7453,202.8086,0.8573
2568,1136,20237,79.748,255.5586,374.9579,213.1656,0.9318
2569,1136,5093,91.0322,701.9166,294.2773,496.5824,0.9079
2570,1136,18109,642.7306,854.6095,205.0816,172.5846,0.9055
2571,1136,6191,606.5644,222.1338,305.2048,287.8806,0.6898
2572,1138,19860,62.6046,811.9016,225.1304,210.196,0.8203
2573,1138,41767,592.5236,175.1606,223.547,211.4534,0.7961
2574,1138,3482,560.5492,811.6976,287.974,173.1786,0.7675
2575,1138,28762,30.6084,81.9237,373.5315,481.1625,0.4953
2576,1140,41767,621.5424,176.573,229.4394,216.1275,0.9708
2577,1140,3482,586.7894,845.362,287.2018,165.0873,0.7787
2578,1140,19860,97.1538,852.6805,221.3433,207.9829,0.6971
2579,1140,28762,45.4774,114.7206,384.3592,477.673,0.368
2580,1141,19231,574.4648,574.7971,298.0985,501.5904,0.9821
2581,1141,12246,67.1435,121.6278,223.9459,422.5004,0.9359
2582,1141,32309,559.0794,193.0532,242.1403,252.5164,0.9259
2583,1141,16687,70.2018,647.7198,296.6944,453.4612,0.9063
2584,1142,19231,67.5723,129.766,301.9358,506.3216,0.9752
2585,1142,32309,123.8668,821.8894,250.5447,251.7121,0.965
2586,1142,12246,648.9064,703.8286,235.4813,447.3284,0.9547
2587,1142,16687,582.1802,110.0384,289.7584,453.6091,0.9067
2588,1143,32309,124.8749,832.4538,255.8619,263.3916,0.9591
2589,1143,19231,71.6341,162.3574,299.338,499.6068,0.9506
2590,1143,12246,656.3263,705.3014,247.2031,465.5254,0.9067
2591,1143,16687,569.8972,146.7087,299.7726,440.7282,0.8936
2592,1144,27732,57.956,170.6709,442.1249,484.9568,0.8621
2593,1144,33008,573.0444,197.7324,245.6082,228.2514,0.7522
2594,1144,21324,45.2764,857.3434,382.0509,216.013,0.7485
2595,1144,3482,602.1142,845.8939,278.9798,186.0485,0.7049
2596,1148,27652,383.7708,160.6372,184.2721,187.2623,0.983
2597,1148,30307,556.6439,636.4192,266.3338,303.9289,0.982
2598,1148,13899,146.0941,732.1996,194.9473,192.2405,0.9773
2599,1148,18356,553.9706,632.6231,274.8093,309.686,0.0268
2600,1149,13899,187.6044,820.9458,193.8203,189.517,0.9763
2601,1149,30307,592.9858,719.9316,267.496,310.4827,0.9686
2602,1149,27652,426.9072,219.3264,185.0096,183.2444,0.6868
2603,1149,27652,426.945,220.3158,184.6486,183.2034,0.3216
2604,1150,29870,175.4089,812.3452,178.4196,202.1372,0.938
2605,1150,3482,561.6659,812.387,266.5681,220.0783,0.84
2606,1150,12777,629.3188,164.4864,224.3029,214.8186,0.6034
2607,1150,28762,81.627,53.9032,407.5014,466.7583,0.5927
2608,1153,27925,144.6704,208.418,207.1366,199.2755,0.9182
2609,1153,13899,645.324,177.4333,191.3296,184.8648,0.8986
2610,1153,3482,599.285,869.2584,259.9353,227.7303,0.8539
2611,1153,3742,125.6024,865.711,221.7041,168.4605,0.8451
2612,1154,27925,125.6639,200.4685,202.6021,195.9688,0.9245
2613,1154,13899,617.1732,174.1599,186.3541,179.425,0.8654
2614,1154,3482,571.852,839.4756,263.6842,228.2483,0.8472
2615,1154,3742,91.0624,827.861,226.3804,175.1989,0.8248
2616,1155,27925,643.1479,861.1739,212.5818,207.5344,0.9891
2617,1155,13899,144.9799,900.1275,194.2892,191.1667,0.9479
2618,1155,3482,150.8832,217.7368,247.3815,221.9954,0.8656
2619,1155,3742,637.092,276.8448,221.0012,169.1778,0.6738
2620,1156,23202,181.7682,283.9844,205.7931,229.5462,0.97
2621,1156,33008,570.4932,307.3237,244.1224,237.2999,0.9397
2622,1156,27652,392.6484,856.9809,189.1391,190.8198,0.7434
2623,1156,27652,392.5845,857.8057,189.0828,190.653,0.0477
2624,1157,23202,553.5141,715.904,213.2674,240.5822,0.9656
2625,1157,33008,110.6256,674.6183,250.6652,246.59,0.9534
2626,1157,27652,353.3585,182.1386,185.3579,188.2086,0.8781
2627,1157,10223,554.0652,715.0466,211.5621,243.0926,0.0199
2628,1158,33008,152.4824,766.5916,248.8965,239.6671,0.9463
2629,1158,23202,591.7585,805.3316,209.6323,236.7188,0.9203
2630,1158,27652,397.5485,243.0496,184.0977,180.9764,0.5199
2631,1158,27652,397.4134,242.785,183.6051,181.3424,0.2077
2632,1159,29666,153.9049,301.4213,237.3689,353.6651,0.9764
2633,1159,27652,403.1126,808.5096,187.0702,190.4686,0.9658
2634,1159,13899,645.9244,294.9347,188.468,192.5521,0.8634
2635,1159,31862,152.7324,300.497,239.9758,352.4824,0.0988
2636,1161,29666,583.8852,616.236,239.1116,370.4864,0.94
2637,1161,13899,129.7871,815.8302,190.8445,189.2668,0.9357
2638,1161,27652,387.9298,280.2588,183.5722,181.731,0.8056
2639,1161,31862,583.5204,618.246,240.7457,365.4691,0.0246
2640,1163,5093,45.5944,603.5418,302.3837,471.9424,0.9295
2641,1163,6562,494.5374,806.1137,410.7336,235.1635,0.9004
2642,1163,16550,118.7267,184.9589,208.2106,201.5648,0.8856
2643,1163,21025,658.9762,196.0901,219.6108,216.0823,0.7826
2644,1164,5093,13.2234,554.039,302.0339,480.9433,0.9513
2645,1164,16550,101.4779,180.0488,205.2399,199.9786,0.8769
2646,1164,6562,460.0076,767.7858,422.0558,243.1648,0.8767
2647,1164,21025,630.0486,191.6059,215.5314,214.5244,0.6837
2648,1166,27776,570.2448,686.9698,391.1648,487.3246,0.9681
2649,1166,12080,132.0364,832.6383,181.3312,260.4009,0.9016
2650,1166,3482,123.8999,269.4827,274.4787,190.1423,0.8817
2651,1166,21324,575.6714,189.11,326.9265,283.8583,0.5651
2652,1167,27776,43.7849,91.9925,396.4664,476.8066,0.9594
2653,1167,12080,673.3062,173.915,176.002,251.5424,0.9121
2654,1167,3482,600.6516,846.8432,280.6876,185.7566,0.6961
2655,1167,21324,86.1885,829.4427,345.9691,303.08,0.5423
2656,1168,12777,590.1864,168.4486,219.2356,214.9679,0.9314
2657,1168,33879,39.5848,9.024,352.1879,432.7032,0.8784
2658,1168,21324,47.8335,785.4815,354.3468,303.0351,0.4773
2659,1168,3482,572.8,813.11,282.704,190.3238,0.4393
2660,1170,12777,619.3122,171.7659,223.5918,216.7422,0.908
2661,1170,33879,54.2102,16.9076,363.4089,448.3348,0.8352
2662,1170,3482,600.6869,846.4995,279.6937,186.176,0.7334
2663,1170,21324,85.0306,830.7824,346.9592,299.836,0.6013
2664,1171,16550,122.1678,181.7868,203.6363,198.4668,0.8972
2665,1171,21025,92.4867,789.1386,224.6692,219.0546,0.8921
2666,1171,1899,577.8052,746.1782,243.532,232.51,0.8846
2667,1171,24849,638.8024,151.5134,202.7503,199.4908,0.5205
2668,1173,21025,642.3672,260.1984,219.5628,214.0489,0.9265
2669,1173,1899,157.1428,286.1024,235.6777,225.4852,0.9067
2670,1173,16550,645.4713,877.3923,216.7019,213.2307,0.848
2671,1173,24849,102.6233,906.609,215.1627,210.3408,0.7196
2672,1174,12777,124.4178,863.7418,229.6303,227.4282,0.8636
2673,1174,19860,669.6694,254.7706,223.3043,200.9562,0.8467
2674,1174,33879,576.356,756.8476,394.8842,432.2806,0.7685
2675,1174,3482,133.1658,285.3768,278.4972,176.2077,0.7384
2676,1176,33879,37.678,69.4096,395.2425,424.8227,0.9045
2677,1176,3482,584.1706,846.3056,286.8106,165.0419,0.7855
2678,1176,12777,632.6672,181.3768,222.5512,213.7343,0.7798
2679,1176,19860,94.5677,851.9633,222.0117,206.9647,0.713
2680,1178,41767,574.3009,190.8827,225.1154,213.888,0.9823
2681,1178,29870,144.5975,777.0897,180.6308,206.7398,0.9671
2682,1178,27732,103.2016,46.2711,410.8287,499.4591,0.904
2683,1178,3482,536.2722,780.242,269.0026,225.2166,0.8192
2684,1180,31862,495.6594,232.5315,326.9873,257.3864,0.9388
2685,1180,27652,395.2397,915.6138,189.8712,192.1954,0.8129
2686,1180,22346,187.5938,306.9704,165.5514,228.5618,0.7916
2687,1180,22346,186.9708,307.1708,165.6765,226.56,0.164
2688,1184,1899,141.8814,878.0046,245.0126,239.8728,0.8853
2689,1184,3831,672.5808,830.9861,188.1113,298.0305,0.8845
2690,1184,18109,186.042,273.2067,203.3938,136.34,0.8644
2691,1184,38161,684.3726,275.2828,178.3074,171.6918,0.8478
2692,1185,38161,124.7092,865.0714,180.7474,176.5956,0.9589
2693,1185,1899,600.928,150.3034,239.3548,226.2189,0.9028
2694,1185,18109,609.286,900.619,207.249,136.5374,0.8503
2695,1185,3831,139.3603,142.0458,181.7497,292.7068,0.5805
2696,1186,16687,82.7326,676.0692,237.7248,481.4746,0.8569
2697,1186,35205,515.4187,557.1587,315.0245,487.8194,0.8056
2698,1186,19606,550.1242,192.3248,268.9979,266.9602,0.5797
2699,1186,33877,137.8343,102.3646,213.5132,440.2514,0.3542
2700,1187,19606,105.1628,801.4236,278.885,272.2785,0.9583
2701,1187,35205,113.2278,154.2586,318.2767,487.984,0.9572
2702,1187,16687,617.505,42.1095,222.7666,490.4438,0.8798
2703,1187,33877,590.9256,697.5505,219.5619,455.7901,0.5467
2704,1189,16547,97.6803,128.0503,312.783,492.4999,0.924
2705,1189,12246,602.3458,707.61,232.6286,453.8114,0.9068
2706,1189,16687,590.6246,59.2694,244.2282,486.4081,0.9059
2707,1189,22626,117.9852,785.3528,324.0145,317.8344,0.8691
2708,1190,12246,608.7129,710.1458,244.6152,471.9464,0.9181
2709,1190,16687,586.3504,94.8133,231.9264,474.2456,0.9066
2710,1190,16547,101.7561,152.1654,308.7768,497.68,0.9003
2711,1190,22626,118.3332,796.116,330.6692,330.157,0.8947
2712,1191,16547,527.2024,582.3882,314.7705,490.9748,0.9075
2713,1191,12246,115.0868,109.6412,222.3588,425.8677,0.889
2714,1191,22626,495.8296,164.9426,311.4404,299.6362,0.8805
2715,1191,16687,88.1726,664.1385,254.913,474.0295,0.8687
2716,1192,5093,84.2344,694.1875,293.8494,495.7643,0.9016
2717,1192,18109,643.7464,854.3828,204.4545,173.0802,0.8841
2718,1192,20237,82.7136,255.7667,370.3668,211.565,0.8709
2719,1192,3831,647.4694,205.9936,176.0476,275.5509,0.8038
2720,1194,3831,168.5394,821.1959,177.5882,288.6828,0.9384
2721,1194,18109,150.8829,253.6846,197.0633,163.0053,0.9036
2722,1194,5093,616.6652,65.2145,281.3246,474.5099,0.8877
2723,1194,18356,168.501,819.0855,176.94,291.6882,0.1483
2724,1196,34596,614.1439,886.0499,222.5166,214.9809,0.9453
2725,1196,29870,635.4334,292.5576,177.7051,195.4765,0.9369
2726,1196,22361,141.146,706.8233,240.74,411.198,0.9133
2727,1196,3482,172.0008,274.3398,261.2355,219.8162,0.865
2728,1197,34596,161.4017,178.321,215.6094,203.1265,0.9514
2729,1197,29870,178.4735,813.8074,177.9177,202.4926,0.8989
2730,1197,3482,565.5232,811.8242,266.7112,219.7011,0.8435
2731,1197,22361,615.8799,139.3879,225.7839,406.2142,0.837
2732,1198,34596,129.3863,214.846,214.0408,203.6767,0.9442
2733,1198,41767,603.9112,196.0028,228.0728,216.1797,0.9302
2734,1198,29870,177.5868,814.664,177.6595,202.8509,0.8981
2735,1198,3482,565.607,814.3875,266.2046,219.7341,0.8436
2736,1199,41767,150.72,852.0738,232.6357,224.3136,0.9863
2737,1199,34596,646.2552,850.4899,224.7073,215.5839,0.9447
2738,1199,29870,636.2311,291.1422,177.8301,195.8544,0.9364
2739,1199,3482,172.3946,270.11,260.9424,222.9039,0.7804
2740,1201,21770,584.1076,815.8732,210.9025,157.3704,0.9562
2741,1201,1899,583.6792,212.389,236.8172,223.8721,0.9016
2742,1201,16550,143.4213,187.8405,205.327,199.3688,0.8884
2743,1201,38161,102.2981,822.8094,182.3639,178.4461,0.6225
2744,1204,13394,689.1061,261.1147,180.868,188.0327,0.9661
2745,1204,2482,70.8895,214.7245,338.5855,254.7191,0.9615
2746,1204,27652,393.3365,860.5236,190.9614,191.0507,0.9501
2747,1204,31862,69.2477,213.3567,342.1328,256.8704,0.1235
2748,1206,13394,92.3892,852.8523,187.0939,188.4841,0.9725
2749,1206,2482,566.5363,815.9099,354.7667,272.9308,0.932
2750,1206,27652,396.7392,224.104,183.234,182.3404,0.9018
2751,1206,31862,566.6803,816.0962,356.7461,272.8925,0.0935
2752,1207,29870,635.3074,292.8138,177.7695,195.0776,0.9503
2753,1207,13899,152.6573,828.3661,191.6438,191.3251,0.9466
2754,1207,3482,172.0635,273.0988,260.7333,220.9998,0.8531
2755,1207,27925,688.4336,813.9927,212.1925,206.9454,0.8511
2756,1209,13899,643.7218,249.9887,187.631,182.2365,0.9566
2757,1209,29870,178.8786,813.9364,176.9018,201.9152,0.9109
2758,1209,3482,565.535,812.5784,266.2496,219.3858,0.8359
2759,1209,27925,102.4872,258.832,204.2941,199.1502,0.8294
2760,1210,25366,117.4663,768.0859,331.1907,230.2579,0.9106
2761,1210,22361,660.1166,172.8546,222.6026,406.7963,0.8939
2762,1210,3482,651.8221,750.5581,210.3757,266.6122,0.8736
2763,1210,28762,70.2111,138.5698,471.5684,386.6961,0.869
2764,1212,28762,455.2882,707.159,481.739,406.0306,0.9437
2765,1212,25366,543.7788,293.0578,330.0096,236.3563,0.9166
2766,1212,3482,141.7782,292.2957,211.9698,256.9334,0.8809
2767,1212,22361,98.1183,671.2619,238.4042,412.1641,0.8505
2768,1213,32309,129.1167,834.0991,253.425,255.7385,0.9496
2769,1213,16687,657.9718,52.1755,204.6484,494.3485,0.9253
2770,1213,16547,108.9599,0.7565,310.9681,488.1038,0.9177
2771,1213,33207,593.1192,673.0967,234.5004,497.2501,0.8228
2772,1214,32309,129.0737,846.4536,258.6844,266.9264,0.9478
2773,1214,16547,110.7411,31.0428,308.7518,495.1722,0.9259
2774,1214,16687,653.1744,88.3217,200.2512,480.1747,0.9116
2775,1214,33207,599.3484,672.9948,245.1096,512.8764,0.8531
2776,1216,25468,156.6376,174.3223,263.6016,452.6866,0.9725
2777,1216,16550,660.001,866.5379,213.7719,211.6978,0.9505
2778,1216,21025,130.8217,846.8999,228.0042,224.115,0.9185
2779,1216,5093,616.5306,179.8032,282.8447,462.3652,0.8301
2780,1219,5093,67.9235,579.9336,330.013,465.4854,0.9264
2781,1219,16550,101.6436,241.5283,206.9778,200.8742,0.9261
2782,1219,18356,579.1097,667.5834,283.0234,448.9453,0.6946
2783,1219,21025,650.0962,207.4258,218.182,213.5498,0.6872
2784,1220,5093,95.6399,631.1801,338.2291,455.1204,0.9497
2785,1220,16550,120.7106,251.2248,208.2784,202.4963,0.9493
2786,1220,21025,679.6484,214.0608,223.1968,213.9924,0.6597
2787,1220,18356,605.4915,702.8332,282.8194,447.3488,0.129
2788,1222,27776,90.9538,107.8177,323.4354,488.7415,0.9766
2789,1222,12080,614.2368,205.7353,184.8519,238.9525,0.8558
2790,1222,19860,61.4566,811.5088,225.4784,210.3752,0.7809
2791,1222,3482,559.2618,811.5661,288.5293,174.6366,0.7499
2792,1224,27776,117.99,124.4449,320.5045,499.003,0.9722
2793,1224,12080,642.4478,210.4105,190.9995,246.2757,0.9319
2794,1224,3482,585.8401,846.4423,287.0366,164.6987,0.7998
2795,1224,19860,95.7148,852.2189,220.8542,208.1342,0.7704
2796,1226,3482,598.938,869.1962,260.349,228.4782,0.849
2797,1226,3742,125.6695,865.6538,221.6569,168.4623,0.8283
2798,1226,27732,120.8565,12.7289,328.6633,533.9858,0.7992
2799,1226,22361,582.7837,96.0283,288.705,377.664,0.788
2800,1227,27732,548.5774,691.313,331.0562,555.2306,0.9622
2801,1227,22361,107.1901,770.4444,303.3906,394.1466,0.8855
2802,1227,3482,150.8001,217.3408,247.9129,222.9417,0.8583
2803,1227,3742,637.1552,277.2302,220.524,169.1371,0.593
2804,1232,25366,592.6878,258.6675,324.3188,241.4645,0.9749
2805,1232,27732,551.307,657.7992,398.4531,523.8221,0.9122
2806,1232,12777,132.6253,858.3639,230.8435,227.0178,0.9019
2807,1232,3482,146.3423,288.1498,210.792,255.9746,0.7888
2808,1235,18109,150.7064,253.2874,197.39,163.0074,0.9211
2809,1235,20237,545.5618,834.5618,375.0094,204.3381,0.881
2810,1235,1899,619.5481,144.5221,242.1558,228.586,0.7768
2811,1235,5885,160.3105,805.3147,194.214,186.2369,0.1951
2812,1237,18109,105.51,269.7482,203.5706,123.9034,0.8663
2813,1237,1899,613.311,189.6001,239.8236,223.6309,0.8375
2814,1237,31704,634.541,801.4032,162.8705,277.427,0.5118
2815,1237,3543,172.6885,686.1578,248.2872,445.5594,0.2871
2816,1238,3543,575.1053,174.7444,245.2502,422.3924,0.8997
2817,1238,18109,681.0926,879.2554,212.3854,130.7487,0.8745
2818,1238,1899,128.8944,844.4881,245.2897,236.0429,0.7582
2819,1238,31704,206.2182,234.6798,159.0692,266.409,0.6158
2820,1239,18109,88.1015,259.191,202.5225,127.7882,0.9106
2821,1239,1899,583.77,181.2066,235.6008,224.8031,0.8096
2822,1239,31704,606.7446,770.9484,165.8887,283.4605,0.6722
2823,1239,3543,137.5701,642.1648,253.4425,453.8954,0.6478
2824,1242,18109,159.607,257.9114,127.8317,199.0397,0.9104
2825,1242,5093,545.8334,90.1693,284.3061,466.6261,0.909
2826,1242,31704,637.8769,806.6318,163.9293,284.7862,0.7657
2827,1242,18356,96.2654,705.4095,284.9116,447.3478,0.2642
2828,1243,36636,123.9685,770.1508,314.8974,275.4923,0.9269
2829,1243,3482,608.3172,791.4327,276.1991,207.5284,0.8145
2830,1243,33879,67.1971,132.5532,377.9382,432.9054,0.7883
2831,1243,22361,600.71,123.8031,258.0562,392.3729,0.7624
2832,1244,36636,564.4404,263.0204,300.5091,264.4032,0.9379
2833,1244,22361,124.5281,734.411,272.4422,400.6217,0.9005
2834,1244,3482,122.1082,308.3678,271.6917,201.2038,0.8294
2835,1244,33879,566.6292,687.1866,372.9288,435.6042,0.7519
2836,1245,36636,88.7186,727.9486,321.4465,281.7872,0.9422
2837,1245,33879,52.0614,122.7187,365.7203,415.7588,0.8159
2838,1245,22361,572.0779,116.5555,250.7148,380.2517,0.8063
2839,1245,3482,581.1116,760.3314,275.9196,207.5535,0.7242
2840,1246,29870,143.8684,776.5948,181.2415,206.5892,0.9607
2841,1246,28762,55.2587,76.3714,398.0635,468.8304,0.9303
2842,1246,3482,535.635,780.3883,269.818,224.7216,0.8231
2843,1246,33008,573.7419,186.8083,241.3661,228.6741,0.7553
2844,1248,29870,636.31,291.6729,178.156,195.6698,0.9444
2845,1248,28762,521.4082,659.0932,416.5774,485.3494,0.9163
2846,1248,33008,135.3083,833.3936,251.7927,244.2226,0.7939
2847,1248,3482,173.2899,271.013,260.9848,222.4593,0.7557
2848,1250,19606,106.6697,812.1855,283.4702,285.615,0.9438
2849,1250,16687,611.3306,74.6861,213.4178,483.7983,0.8738
2850,1250,4542,105.6686,56.4263,298.2595,533.7868,0.8069
2851,1250,4542,107.8758,55.826,294.9066,534.3932,0.6612
2852,1251,4542,545.0871,649.4369,304.9079,527.2066,0.8877
2853,1251,16687,81.3841,675.3147,238.8777,481.7395,0.834
2854,1251,19606,550.3064,192.6362,268.9301,266.5868,0.6632
2855,1251,4542,544.9203,648.8252,304.8752,527.722,0.3843
2856,1252,25366,72.5056,798.7008,324.087,245.2704,0.9531
2857,1252,33879,75.6971,76.6492,398.2307,415.2264,0.9135
2858,1252,3482,645.9998,753.7,212.5189,267.2275,0.8863
2859,1252,12777,624.4539,185.4341,223.6315,215.1052,0.346
2860,1254,12777,595.0933,181.646,219.3722,213.1314,0.9116
2861,1254,25366,38.2079,754.1823,326.847,252.4055,0.8995
2862,1254,33879,65.1017,65.409,379.5366,403.622,0.8225
2863,1254,3482,621.9482,721.1998,210.0924,270.6352,0.7705
2864,1256,5093,90.2443,663.0988,302.1265,488.0057,0.8763
2865,1256,18109,644.4768,830.2362,168.9269,199.9717,0.8188
2866,1256,3543,135.2646,128.8078,242.8394,419.4834,0.6679
2867,1256,20013,655.3964,271.4576,156.6202,148.9022,0.4438
2868,1261,27925,140.0273,170.584,207.5636,195.8401,0.9756
2869,1261,13899,648.3894,231.3134,192.6954,180.1222,0.9508
2870,1261,19860,94.8831,852.6124,221.073,207.7408,0.7373
2871,1261,3482,585.2952,846.6637,286.8047,165.9093,0.7264
2872,1262,27925,124.1576,164.8954,202.7942,192.4442,0.9426
2873,1262,13899,620.5618,222.5076,187.0898,180.9251,0.9399
2874,1262,19860,60.8126,812.2092,225.3238,209.6754,0.8491
2875,1262,3482,559.1761,812.2069,287.2552,173.657,0.7471
2876,1263,27925,648.8531,900.5902,210.4068,207.9428,0.9773
2877,1263,13899,142.5173,847.5942,196.1475,191.4708,0.9267
2878,1263,19860,668.1034,254.3042,224.7563,200.8014,0.8582
2879,1263,3482,132.5874,285.4567,277.9634,175.5885,0.7199
2880,1264,12080,227.4018,320.794,202.182,235.7906,0.9665
2881,1264,27652,391.7545,860.1942,188.8927,192.7936,0.9349
2882,1264,22073,638.3454,319.5999,205.2433,208.7277,0.8588
2883,1264,22073,638.7745,319.5701,204.7136,208.9001,0.5553
2884,1265,12080,506.6067,662.0678,207.5059,252.0629,0.9645
2885,1265,22073,81.731,704.5618,206.5365,212.3187,0.7797
2886,1265,27652,355.3945,177.9787,184.6549,187.312,0.3584
2887,1265,27652,355.8126,177.4325,183.8187,187.7459,0.117
2888,1266,27652,397.7608,237.0486,184.7925,182.1504,0.9164
2889,1266,12080,547.7253,753.0842,202.8461,243.2066,0.9005
2890,1266,22073,122.4173,791.1474,209.8206,204.4773,0.8645
2891,1266,22073,117.7113,792.4479,215.1919,204.7195,0.1823
2892,1269,23202,619.173,765.0764,172.6298,256.1296,0.9737
2893,1269,12080,215.9464,771.1672,209.7642,236.5038,0.9519
2894,1269,27652,362.2558,231.981,184.2205,181.9897,0.9203
2895,1269,41767,362.825,234.2834,182.1871,179.8645,0.0193
2896,1270,25468,147.8538,142.6393,260.798,454.7626,0.9701
2897,1270,6191,638.2554,268.5292,303.9436,287.3592,0.9653
2898,1270,1899,114.1998,852.4878,244.2589,237.8566,0.9162
2899,1270,18109,629.8134,894.6448,211.3089,134.5134,0.891
2900,1272,25468,598.9462,668.358,258.4518,484.7006,0.9694
2901,1272,18109,157.3617,250.8405,203.9686,122.1492,0.936
2902,1272,6191,48.0202,738.5256,307.5971,289.9066,0.932
2903,1272,1899,630.184,177.317,238.3169,226.6452,0.912
2904,1273,19551,548.7896,593.6808,289.7524,520.7462,0.936
2905,1273,32309,554.5057,205.4742,245.1579,248.5393,0.8968
2906,1273,16687,105.669,675.96,229.5949,492.0873,0.8174
2907,1273,20876,115.1894,36.0702,237.1538,492.9184,0.4172
2908,1274,32309,125.7543,812.5706,252.2767,253.0042,0.9596
2909,1274,16687,599.5472,36.7334,218.6011,493.8986,0.8839
2910,1274,19551,105.8139,79.2236,294.1358,526.6461,0.8329
2911,1274,20876,591.4216,712.7322,237.5422,500.6023,0.2424
2912,1278,4377,145.3817,600.9261,313.9537,423.7754,0.9918
2913,1278,27652,417.2795,257.2114,183.8416,178.8516,0.9837
2914,1278,10223,619.6506,704.7196,191.7447,295.8475,0.9615
2915,1278,21324,0.0,0.0,223.7121,112.7647,0.0218
2916,1279,5093,89.4082,767.7616,296.0375,496.6001,0.8922
2917,1279,18109,646.6839,856.5474,210.9811,153.0068,0.8588
2918,1279,3543,124.5583,131.0853,244.8165,422.3477,0.8104
2919,1279,5885,673.7744,284.3898,189.6346,182.6396,0.5075
2920,1280,18109,123.5476,261.2348,199.9302,145.9884,0.9352
2921,1280,5093,576.112,0.7299,278.7523,452.1636,0.8682
2922,1280,3543,600.9134,689.1102,261.2182,453.4811,0.6913
2923,1280,5885,95.2267,810.352,189.2754,188.8437,0.1984
2924,1282,16687,60.5475,640.5996,202.3314,495.68,0.9292
2925,1282,35205,506.5776,583.8718,309.4919,496.6168,0.9201
2926,1282,22626,496.504,127.6158,313.2008,305.2281,0.8624
2927,1282,20876,86.5568,76.7136,228.514,490.51,0.3959
2928,1284,35205,121.445,114.4661,317.3532,497.658,0.9526
2929,1284,16687,670.8974,70.4264,206.9472,495.4167,0.8815
2930,1284,22626,116.0188,830.1206,321.706,320.8438,0.7235
2931,1284,20876,626.5614,673.0238,234.2324,502.4502,0.3432
2932,1290,6191,44.2455,719.413,310.2102,300.8548,0.9554
2933,1290,1899,536.8688,140.4558,233.2232,225.2752,0.8601
2934,1290,18356,592.8276,535.7277,269.2276,442.348,0.7833
2935,1290,18109,161.404,256.818,128.8279,198.8958,0.7629
2936,1293,41767,574.5404,190.7907,224.8302,213.7622,0.9858
2937,1293,29870,144.6264,777.2854,181.1664,206.7668,0.9421
2938,1293,3482,536.4161,780.488,269.012,224.9392,0.8185
2939,1293,33879,116.9772,80.6529,312.587,454.2198,0.8126
2940,1294,22361,676.9078,149.2652,205.6602,412.4479,0.9349
2941,1294,3482,585.508,846.1157,287.2346,164.6972,0.7936
2942,1294,28762,12.1823,42.6394,423.3808,455.8578,0.6537
2943,1294,19860,95.1749,852.7984,222.8257,207.3202,0.5733
2944,1295,22361,647.6278,142.8793,203.8476,400.732,0.9022
2945,1295,28762,5.7345,16.1071,405.1698,462.29,0.8697
2946,1295,19860,60.7638,812.0902,226.7502,209.6606,0.8487
2947,1295,3482,559.433,812.4242,287.7264,173.1436,0.33
2948,1296,28762,568.9741,726.0568,401.1706,482.3717,0.8972
2949,1296,19860,666.5184,253.8766,226.1598,201.7856,0.8579
2950,1296,22361,102.517,686.0498,209.7284,422.243,0.7981
2951,1296,3482,132.0615,285.4682,278.0724,176.2942,0.6987
2952,1297,1899,151.1224,246.716,233.313,224.8886,0.8816
2953,1297,27992,689.7849,274.159,179.089,172.0762,0.8708
2954,1297,24849,156.163,889.6498,215.6678,212.6867,0.5649
2955,1297,16550,642.898,919.2845,217.1338,214.8518,0.3836
2956,1298,1899,615.9158,829.3634,239.0304,226.9076,0.8738
2957,1298,16550,138.449,144.2871,210.8151,202.5562,0.8627
2958,1298,27992,118.266,860.3329,183.9383,181.7748,0.7814
2959,1298,24849,616.3818,168.548,209.0398,201.3774,0.5656
2960,1300,27732,76.3907,125.265,466.8078,467.4486,0.8944
2961,1300,12777,632.1184,181.2867,223.4968,214.301,0.7847
2962,1300,3482,583.8323,846.032,287.7007,164.8185,0.7775
2963,1300,19860,94.4629,852.1359,221.0644,206.5765,0.6711
2964,1302,27732,63.549,96.441,446.0166,468.689,0.8968
2965,1302,12777,603.3424,177.1928,218.2731,214.3363,0.8837
2966,1302,19860,60.4731,810.9225,224.794,209.9431,0.8188
2967,1302,3482,558.0135,811.9356,288.1876,173.6378,0.6297
2968,1305,25468,596.695,160.0569,264.417,452.2714,0.9652
2969,1305,5093,79.7458,674.1251,331.9013,462.9742,0.9242
2970,1305,18109,631.8239,894.4658,211.243,135.1131,0.8869
2971,1305,21324,137.1178,289.6178,287.1686,147.8817,0.0758
2972,1309,36636,560.8764,257.3528,300.6026,263.2916,0.9574
2973,1309,34596,581.469,871.082,225.701,212.0778,0.9464
2974,1309,12777,86.5959,861.6161,231.3404,228.706,0.8638
2975,1309,3482,123.0574,306.9557,271.405,201.0345,0.8496
2976,1311,34596,175.1437,186.8896,210.404,200.893,0.952
2977,1311,36636,92.5961,735.7548,323.3495,276.4374,0.8998
2978,1311,12777,637.909,177.4065,220.1456,214.4717,0.8642
2979,1311,3482,579.7814,761.3636,277.356,207.59,0.7292
2980,1312,16687,622.7017,40.3749,246.9864,481.0298,0.9056
2981,1312,16547,71.5066,43.0306,322.7129,496.4174,0.8656
2982,1312,33207,596.947,675.4504,236.6661,498.0271,0.7991
2983,1312,19606,111.0202,804.9834,274.9252,273.5276,0.792
2984,1315,25437,143.9565,83.8955,278.1356,605.4936,0.9696
2985,1315,31862,541.6426,205.5203,299.2994,290.9584,0.9365
2986,1315,27652,422.5574,878.4568,189.2621,192.6511,0.8514
2987,1315,25437,146.8697,83.4061,276.7781,614.1834,0.0435
2988,1316,25437,514.451,476.5188,293.775,656.1038,0.9747
2989,1316,27652,325.7231,163.7239,183.7593,184.9786,0.9743
2990,1316,31862,79.5203,695.9974,310.1473,304.7848,0.8392
2991,1316,12419,513.28,471.6866,292.3164,657.3582,0.0117
2992,1322,19551,484.8139,596.3436,333.1272,495.8196,0.9086
2993,1322,16687,82.5661,675.7016,236.5748,481.1815,0.857
2994,1322,19606,550.9174,192.4732,268.5304,266.8124,0.6036
2995,1322,33877,137.6049,102.8287,213.4036,439.7408,0.3413
2996,1323,19606,105.6796,800.7612,277.754,272.4774,0.968
2997,1323,16687,617.646,42.9375,221.595,489.4738,0.8781
2998,1323,19551,127.2628,110.8529,335.4038,494.661,0.8228
2999,1323,33877,592.0328,698.3574,217.2588,455.7448,0.6122
3000,1326,29666,161.7616,673.0744,265.2615,346.634,0.9846
3001,1326,41767,598.806,839.5776,229.3307,223.3242,0.8542
3002,1326,27652,369.0978,245.6548,182.9878,180.8534,0.8393
3003,1326,41767,597.9996,841.7538,229.9564,220.6973,0.1299
3004,1327,31704,174.2374,233.8953,199.555,261.1549,0.8911
3005,1327,6562,510.1789,241.578,410.5893,220.2614,0.8741
3006,1327,1899,165.6541,814.3982,243.7324,236.6575,0.87
3007,1327,18109,644.377,845.7272,188.314,188.1548,0.743
3008,1328,6562,70.0851,843.5518,418.0943,214.3932,0.9646
3009,1328,1899,580.6814,217.4532,239.6154,226.3296,0.9335
3010,1328,31704,625.8905,812.5984,209.2843,267.731,0.8783
3011,1328,18109,166.5117,247.9776,184.2873,182.2906,0.4456
3012,1329,6562,33.0739,801.0054,424.9756,223.6918,0.9355
3013,1329,1899,553.1164,208.0112,234.3031,225.5537,0.839
3014,1329,31704,598.3232,780.58,215.8235,272.6858,0.7065
3015,1329,18109,148.2658,241.0511,181.7353,179.7202,0.6489
3016,1330,28762,88.0679,161.1262,452.8654,425.8508,0.9203
3017,1330,22361,610.3545,116.7208,234.4926,405.0216,0.8426
3018,1330,3482,601.861,845.9879,279.6224,185.8787,0.7199
3019,1330,21324,87.2897,829.8516,345.4817,302.0136,0.5066
3020,1331,22361,582.2459,110.9607,226.1857,391.7507,0.8878
3021,1331,28762,72.4998,129.5565,438.7758,430.5518,0.6961
3022,1331,21324,49.7897,784.988,351.0537,304.9545,0.415
3023,1331,3482,576.7224,811.2614,280.1216,191.8182,0.2251
3024,1332,3482,123.2564,270.5289,273.9924,189.7215,0.8852
3025,1332,22361,137.8108,726.7278,249.7045,411.9106,0.8717
3026,1332,28762,459.103,646.7788,455.8066,445.435,0.8524
3027,1332,21324,575.2799,188.8552,326.8329,284.1783,0.5439
3028,1333,16231,580.5386,280.8841,335.3398,322.3363,0.9875
3029,1333,27652,400.107,921.2027,190.7125,193.1071,0.9821
3030,1333,12080,157.7758,284.614,193.7713,246.8142,0.9602
3031,1337,1899,576.0685,187.9327,239.7232,225.4599,0.9367
3032,1337,6191,78.3126,786.9416,308.4068,295.3262,0.9309
3033,1337,18109,166.3903,247.3708,185.2464,181.656,0.4808
3034,1337,6562,495.9016,820.2194,400.1248,266.5778,0.4038
3035,1340,3831,582.341,285.3374,289.8081,173.0971,0.926
3036,1340,1899,185.5119,825.0592,241.588,235.5906,0.9028
3037,1340,18109,642.9051,859.8146,210.0926,156.0668,0.8392
3038,1340,3543,136.4626,127.6035,242.8404,418.6508,0.7986
3039,1345,12777,617.1649,172.6108,225.157,217.0786,0.927
3040,1345,27732,166.7486,126.8731,425.0376,496.1904,0.8963
3041,1345,3482,600.7484,846.2534,279.3106,186.2206,0.6837
3042,1345,21324,84.5272,830.4604,347.9719,299.5077,0.589
3043,1347,12777,138.7039,869.608,230.0168,228.0661,0.9131
3044,1347,27732,421.978,617.8212,420.6099,509.3452,0.8895
3045,1347,3482,125.6146,269.5012,273.0461,189.9832,0.8759
3046,1347,21324,576.6076,190.6892,327.3745,281.4275,0.5555
3047,1348,13394,673.5237,308.7112,185.8421,188.7622,0.9564
3048,1348,22073,186.3805,262.5882,203.4537,207.9,0.9008
3049,1348,27652,362.7423,879.6683,188.311,191.6033,0.7745
3050,1348,13394,186.1108,263.9932,204.6018,206.6297,0.1074
3051,1350,13394,105.4964,814.4008,186.4771,186.7394,0.9288
3052,1350,22073,586.6759,856.9391,207.302,205.7078,0.6681
3053,1350,22073,586.2347,858.9099,204.9238,205.4163,0.2115
3054,1350,27652,427.038,219.5589,183.2029,183.1383,0.1919
3055,1353,29870,635.492,292.935,176.9792,195.1768,0.9538
3056,1353,13899,152.9802,828.4796,191.415,191.1624,0.8851
3057,1353,3482,171.8036,274.0106,261.7288,219.9703,0.8232
3058,1353,28762,515.7686,675.1037,437.4234,462.8582,0.6727
3059,1354,25366,542.8584,292.8227,330.4344,237.2012,0.8937
3060,1354,12080,168.4666,800.1931,187.4869,255.014,0.8905
3061,1354,3482,141.3789,292.6146,212.3472,256.8036,0.8842
3062,1354,33879,582.3039,734.2073,333.7471,469.3084,0.8146
3063,1355,25366,83.2257,723.6546,334.7382,243.7688,0.8994
3064,1355,3482,627.8219,718.5118,206.3231,269.9028,0.8589
3065,1355,12080,603.7392,205.6294,180.7448,243.188,0.854
3066,1355,33879,80.396,47.7,322.7893,442.7616,0.8473
3067,1357,29344,165.1018,672.6521,220.2222,365.547,0.9792
3068,1357,27992,629.1398,815.8694,187.946,183.936,0.9684
3069,1357,16550,94.9786,229.2963,203.8988,199.4904,0.9364
3070,1357,1899,575.4331,169.8258,235.484,224.4422,0.8449
3071,1358,16550,111.0495,239.5258,209.2655,202.0669,0.9533
3072,1358,1899,604.5008,176.8615,240.4792,224.4302,0.8983
3073,1358,29344,197.5159,714.4264,218.4811,359.9112,0.8736
3074,1358,27992,655.3702,847.8495,185.8416,181.843,0.6481
3075,1359,16550,672.0548,827.0182,216.1611,211.2582,0.9259
3076,1359,27992,162.1708,277.9912,186.4753,180.9829,0.9106
3077,1359,1899,139.076,853.8348,243.756,237.6008,0.9105
3078,1359,29344,582.201,229.5782,216.1099,337.2056,0.8441
3079,1361,27652,357.688,149.703,183.0991,186.0723,0.849
3080,1361,12777,629.1484,692.7434,229.5358,227.0975,0.7627
3081,1361,31862,167.9677,651.0976,241.4217,354.0888,0.7547
3082,1361,12777,628.1797,692.3358,228.8328,227.1026,0.0519
3083,1363,3350,451.8564,244.9813,435.3144,289.1601,0.9951
3084,1363,27652,433.6129,887.1871,187.7488,191.2124,0.9708
3085,1363,33008,119.7849,293.0362,243.8202,235.8577,0.9505
3086,1363,23202,451.8564,244.9813,435.3144,289.1601,0.0147
3087,1366,27925,663.2572,836.2646,210.6525,207.1067,0.9071
3088,1366,19860,668.9112,255.4222,224.7222,199.943,0.8558
3089,1366,12777,124.0681,863.6623,230.3276,227.618,0.8345
3090,1366,3482,132.5247,284.211,278.53,176.9528,0.7537
3091,1367,27925,108.3678,226.3834,200.896,191.0897,0.9423
3092,1367,12777,603.7458,177.1827,218.1911,213.9351,0.9175
3093,1367,19860,60.1322,811.6004,225.5007,209.6143,0.8544
3094,1367,3482,558.661,812.4286,287.6158,173.6201,0.3146
3095,1369,27925,119.4035,213.195,206.9143,197.5839,0.9736
3096,1369,33008,637.886,178.7051,245.4638,228.4312,0.892
3097,1369,3482,599.2362,869.056,259.7511,228.111,0.859
3098,1369,3742,125.456,865.8573,221.1677,168.2832,0.845
3099,1371,27925,103.9641,205.5912,199.4918,193.8293,0.9514
3100,1371,33008,607.924,174.7058,241.2784,225.9428,0.8879
3101,1371,3482,570.8694,838.5318,264.7001,229.2721,0.8468
3102,1371,3742,90.906,827.8196,226.5057,175.2258,0.8397
3103,1372,16547,78.9683,88.5434,327.6813,489.1627,0.8516
3104,1372,22626,76.0225,811.3332,332.625,331.0488,0.8264
3105,1372,33207,609.3122,690.4154,239.1924,515.8706,0.7669
3106,1372,16687,598.6015,105.3088,284.6464,452.093,0.7394
3107,1376,23222,149.0433,295.5571,211.2013,196.7128,0.92
3108,1376,5093,90.3694,701.0327,292.7246,497.219,0.9147
3109,1376,20237,583.0358,240.8026,360.5243,238.2642,0.9021
3110,1376,18109,640.9954,858.7317,206.9938,166.1378,0.8883
3111,1377,23222,640.5472,804.8802,215.1552,201.8792,0.9237
3112,1377,18109,150.8197,255.6569,199.8219,156.1154,0.9223
3113,1377,5093,609.163,58.3004,283.5506,476.806,0.874
3114,1377,20237,49.2507,823.7614,360.8278,230.9937,0.8717
3115,1378,27925,626.6401,868.6716,211.8696,208.2505,0.9775
3116,1378,22361,107.5812,772.3254,302.7183,394.072,0.8806
3117,1378,3482,150.6979,217.4954,247.9962,222.1549,0.854
3118,1378,3742,637.012,276.5903,220.5658,169.6261,0.5335
3119,1379,27925,162.0372,199.9383,204.1938,198.6227,0.9571
3120,1379,3482,599.3512,869.1165,260.1186,228.1271,0.8595
3121,1379,3742,125.6965,865.5996,221.3726,168.6222,0.8169
3122,1379,22361,585.7978,97.2317,284.7064,376.4948,0.7576
3123,1381,2482,35.295,232.5102,366.0118,237.449,0.9196
3124,1381,27652,406.7396,844.3165,190.2073,191.2181,0.5028
3125,1381,22346,635.2367,277.0555,234.2164,138.0342,0.4342
3126,1381,13899,632.6486,276.8226,238.1303,138.9168,0.3173
3127,1384,27776,51.1929,94.0136,420.2438,453.7802,0.917
3128,1384,29870,177.5268,814.4962,176.8097,202.2153,0.9022
3129,1384,41767,603.2765,195.5045,229.3585,217.2706,0.8787
3130,1384,3482,564.9238,813.6816,266.6102,220.8269,0.8425
3131,1385,41767,574.7638,190.939,224.6622,213.8069,0.9832
3132,1385,29870,144.8229,777.0331,180.8406,206.7351,0.9537
3133,1385,27776,38.2962,78.8834,408.812,447.4614,0.8783
3134,1385,3482,536.2434,780.6556,269.4167,225.1565,0.8244
3135,1386,41767,150.5838,851.6947,233.5182,225.0824,0.9832
3136,1386,27776,539.792,704.9602,419.4936,467.988,0.9627
3137,1386,29870,636.7632,291.1879,177.21,195.9913,0.9457
3138,1386,3482,174.5188,269.4362,260.0968,224.2601,0.7511
3139,1387,41767,600.7321,181.6735,229.1309,217.2414,0.9743
3140,1387,27925,114.5773,242.5597,203.9572,196.0995,0.9662
3141,1387,25366,137.947,834.1281,273.3227,309.6207,0.9619
3142,1387,3482,642.6193,760.3632,200.1628,271.9572,0.7926
3143,1390,16547,106.5408,146.6864,373.0236,473.7968,0.9064
3144,1390,16261,605.1326,749.0776,267.5992,418.3898,0.857
3145,1390,16687,598.7931,105.2692,206.1261,476.8978,0.8507
3146,1390,32309,155.6006,874.1442,259.7824,261.6521,0.1429
3147,1392,16261,597.7464,745.1217,258.9809,410.1715,0.9208
3148,1392,16547,103.3136,125.436,376.8386,460.1588,0.8583
3149,1392,16687,602.7836,71.5079,220.654,489.6674,0.8531
3150,1392,32309,154.1153,859.825,255.6203,254.362,0.616
3151,1393,27925,685.0072,869.677,212.606,209.5686,0.9702
3152,1393,33008,135.9635,834.735,251.0428,242.9429,0.9595
3153,1393,29870,636.9309,291.227,178.0858,196.0627,0.9401
3154,1393,3482,174.9947,270.1463,260.0335,223.0864,0.3889
3155,1395,29870,143.5684,777.1007,181.5462,206.2964,0.9519
3156,1395,27925,89.3982,192.4702,200.3966,196.1747,0.8879
3157,1395,33008,574.3248,189.1699,240.1035,225.9183,0.8539
3158,1395,3482,535.6264,779.5242,269.2758,226.2447,0.8295
3159,1396,35205,512.38,592.4878,319.4002,483.214,0.8588
3160,1396,16687,80.1574,655.3535,217.5759,493.1434,0.7687
3161,1396,19606,520.7979,163.5527,268.5159,265.3628,0.7569
3162,1396,20876,83.8076,80.1526,226.9735,485.1182,0.4313
3163,1401,27925,649.5334,851.7726,214.4729,205.3436,0.9402
3164,1401,12777,137.6012,870.2855,229.4842,227.801,0.9108
3165,1401,3482,124.8262,269.3408,273.3578,190.0621,0.8884
3166,1401,21324,576.6908,190.4602,327.3562,281.8199,0.5099
3167,1402,3350,455.7517,198.0667,395.3138,362.3681,0.9852
3168,1402,41767,84.0386,335.8578,227.676,221.2997,0.9192
3169,1402,27652,423.7136,884.9114,191.3847,191.9058,0.2999
3170,1402,27652,423.5973,885.3975,191.4939,191.9385,0.2277
3171,1404,3350,119.8119,742.59,395.8466,373.3507,0.9913
3172,1404,41767,666.0924,762.2248,229.5044,222.9694,0.9894
3173,1404,27652,365.8063,214.3778,184.0952,182.3752,0.7563
3174,1404,27652,365.5538,215.0031,183.9904,182.0068,0.1486
3175,1407,27652,379.8913,230.1131,184.2561,180.6306,0.978
3176,1407,3350,99.79,677.7406,318.2101,435.3378,0.9727
3177,1407,10223,603.2532,793.4632,247.4496,251.7172,0.9534
3178,1407,10223,603.6726,792.6891,245.9022,253.4752,0.2233
3179,1408,18109,185.713,273.4471,203.91,135.9702,0.8681
3180,1408,1899,71.79,808.444,244.8665,236.3916,0.7975
3181,1408,38161,683.8876,275.1249,179.3479,171.4633,0.6497
3182,1408,23222,656.8805,897.8474,217.8796,212.1462,0.3445
3183,1411,12080,642.6222,210.1206,191.0477,246.1554,0.923
3184,1411,33879,68.0351,126.62,389.7693,421.584,0.8452
3185,1411,3482,586.7074,845.614,287.0292,164.9878,0.7999
3186,1411,19860,95.8339,853.0024,221.8582,207.7188,0.7705
3187,1413,19860,667.7094,253.7716,223.2724,201.165,0.8413
3188,1413,12080,150.996,803.179,195.3175,253.0791,0.8263
3189,1413,33879,549.2809,704.8926,390.1016,428.7458,0.7465
3190,1413,3482,130.8653,285.7464,278.2208,175.9574,0.734
3191,1414,25468,553.5868,594.5436,278.6165,486.7427,0.9644
3192,1414,21025,600.5524,191.2224,214.9255,213.7497,0.9561
3193,1414,16550,109.1312,194.4185,204.0344,199.5999,0.9498
3194,1414,1899,55.8271,776.364,241.3076,233.0933,0.8395
3195,1418,18109,126.4345,255.7862,200.3501,148.6882,0.9415
3196,1418,5093,111.7942,652.0284,284.4444,488.7298,0.9059
3197,1418,3543,590.8858,696.2828,258.9598,454.5964,0.6956
3198,1418,18356,555.5704,88.9693,243.527,396.2184,0.0514
3199,1420,25437,547.4044,66.504,263.2196,597.185,0.9789
3200,1420,30307,95.9492,243.2212,295.1668,263.0262,0.9702
3201,1420,27652,410.6413,874.8342,187.7614,190.8994,0.8298
3202,1420,27652,410.3654,874.0161,188.6065,191.5883,0.0583
3203,1421,30307,553.0692,720.2801,301.2283,283.2678,0.9808
3204,1421,27652,337.8045,165.3123,184.2148,188.5041,0.9735
3205,1421,25437,113.3487,510.8128,276.0519,652.5624,0.9478
3206,1421,25437,112.5267,510.9876,276.3914,650.5384,0.4271
3207,1424,29870,144.195,775.6477,181.4939,207.4048,0.9695
3208,1424,27732,96.4762,75.7332,364.7573,521.2386,0.9498
3209,1424,3482,536.0318,778.1627,269.6099,224.5502,0.8288
3210,1424,22361,583.0151,129.3203,223.0749,396.913,0.8237
3211,1425,27732,115.7551,96.8813,367.3973,526.6578,0.9207
3212,1425,29870,177.6033,813.5694,177.2678,202.2342,0.9197
3213,1425,22361,610.5164,139.2432,231.7605,405.5071,0.8436
3214,1425,3482,565.1978,812.1682,265.9263,220.0452,0.8436
3215,1429,16550,120.7084,251.1806,208.0748,202.6757,0.9508
3216,1429,1899,125.1435,831.1966,237.1934,225.956,0.8888
3217,1429,21025,679.3752,214.5394,223.0893,213.5018,0.75
3218,1429,18356,606.7571,703.8668,281.1451,445.9534,0.2421
3219,1431,16550,101.9922,241.8544,205.947,200.7179,0.9291
3220,1431,1899,91.8995,790.3842,239.8998,233.5712,0.8944
3221,1431,21025,649.7436,207.2967,218.2269,213.4962,0.8355
3222,1431,18356,581.0022,669.9137,281.068,447.0418,0.8247
3223,1433,10223,608.4514,754.5479,292.6465,207.5755,0.95
3224,1433,2482,0.0,664.6226,300.7511,325.8347,0.93
3225,1433,27652,367.8279,172.8713,181.3109,183.793,0.9075
3226,1433,25366,0.0,661.4136,298.2536,327.8922,0.0522
3227,1435,41767,586.8631,307.341,227.5934,218.6996,0.9833
3228,1435,23202,169.1772,341.9421,169.9898,253.821,0.9584
3229,1435,27652,398.096,853.2882,188.2706,190.9286,0.5536
3230,1435,41767,586.5072,306.9832,228.1396,219.2384,0.0607
3231,1436,23202,596.4419,628.3318,179.2365,264.8468,0.9785
3232,1436,27652,348.6189,185.6683,184.9163,187.2036,0.9575
3233,1436,41767,108.5566,699.2526,232.8148,229.9737,0.7879
3234,1436,41767,107.7151,701.6696,232.8293,226.9708,0.109
3235,1438,21770,175.9755,302.8767,203.3168,122.7212,0.9857
3236,1438,16550,697.5638,858.6496,215.3196,210.6313,0.9395
3237,1438,1899,204.8703,841.2006,245.435,239.7566,0.8828
3238,1438,29344,581.9568,230.2386,216.0613,336.4216,0.7663
3239,1439,21770,590.7524,847.1047,215.827,130.9522,0.9689
3240,1439,29344,166.441,671.8062,219.7682,365.2473,0.9688
3241,1439,16550,70.8979,200.4456,205.8389,199.2101,0.9575
3242,1439,1899,511.3904,180.1694,235.6387,224.8868,0.8789
3243,1441,12080,592.942,205.2013,253.2289,165.8566,0.9733
3244,1441,27925,119.367,175.3136,200.8861,190.9975,0.9474
3245,1441,36636,91.9512,736.1195,324.2529,275.4165,0.9389
3246,1441,3482,580.0663,760.7042,276.6577,208.3361,0.726
3247,1442,27925,135.1876,179.8845,206.097,197.2654,0.9662
3248,1442,12080,623.6048,207.6459,255.1321,170.5557,0.9418
3249,1442,36636,129.2963,776.8347,314.625,277.0876,0.7988
3250,1442,3482,606.8928,792.6297,277.0586,207.5176,0.7659
3251,1444,19231,524.4064,629.7769,294.3552,504.6596,0.9468
3252,1444,22626,481.5854,150.5906,313.6925,302.2121,0.928
3253,1444,16687,91.7357,686.3604,214.1874,492.8551,0.8676
3254,1444,33877,132.8324,106.4212,222.3422,435.9173,0.5747
3255,1446,19231,123.8444,65.4519,292.8538,513.5932,0.9818
3256,1446,16687,629.3628,21.8114,201.4974,492.408,0.9096
3257,1446,22626,130.0513,802.4912,324.2762,318.8985,0.8749
3258,1446,33877,587.8736,701.0248,227.3615,451.6506,0.5555
3259,1447,1899,45.9305,791.2972,241.7207,233.4713,0.913
3260,1447,16550,101.6631,180.2252,204.8382,199.4211,0.8979
3261,1447,6562,460.1507,767.8276,421.5128,242.9328,0.8949
3262,1447,21025,630.4484,191.7408,215.159,214.3646,0.7541
3263,1449,1899,81.4138,832.656,237.9084,226.0251,0.9091
3264,1449,6562,495.1988,806.958,408.9857,234.3005,0.9084
3265,1449,16550,118.8443,184.9143,207.9531,201.4612,0.8728
3266,1449,21025,659.1422,196.4073,219.2407,215.3554,0.8197
3267,1450,32309,125.6798,812.1114,251.8551,253.0622,0.9531
3268,1450,4542,112.5644,56.6664,292.41,529.8524,0.9233
3269,1450,16687,599.3628,37.2855,218.4071,492.6918,0.8821
3270,1450,4542,114.4939,54.9923,290.2493,531.1707,0.3893
3271,1452,4542,112.0897,87.9721,296.5847,539.7088,0.9786
3272,1452,16687,594.3816,71.513,209.3128,482.8705,0.9282
3273,1452,32309,126.8321,823.8582,257.5093,263.7507,0.9221
3274,1452,20876,600.4924,711.4398,236.9363,515.8263,0.6149
3275,1453,29666,51.9657,312.3298,271.4928,327.3108,0.9701
3276,1453,25437,476.4952,115.612,424.1419,533.4896,0.9223
3277,1453,27652,457.7874,907.0205,189.6854,192.1708,0.8901
3278,1453,29666,50.893,311.4092,272.4492,329.2955,0.8008
3279,1455,25437,72.4965,614.4363,433.2004,594.419,0.9761
3280,1455,29666,649.0626,649.9012,279.8691,343.1538,0.9528
3281,1455,27652,333.8237,192.1626,183.5538,181.5149,0.9459
3282,1455,31862,650.007,648.7396,281.3486,343.3965,0.1571
3283,1458,19231,78.1529,166.3001,298.5969,501.5802,0.9651
3284,1458,16687,611.9255,58.2237,241.4164,478.8218,0.883
3285,1458,32309,113.6848,831.2012,250.6636,250.2823,0.8699
3286,1458,33877,637.6078,704.0277,225.4378,457.2328,0.6903
3287,1459,19606,108.296,811.143,281.5174,286.7694,0.9348
3288,1459,12246,650.423,698.046,242.4594,461.5531,0.8973
3289,1459,16547,72.3399,173.5107,322.4019,487.0202,0.8424
3290,1459,16687,626.3486,58.029,223.2848,476.642,0.7041
3291,1460,12246,73.8972,128.505,222.6038,431.3078,0.9287
3292,1460,16547,546.882,575.1862,321.1762,479.3995,0.9119
3293,1460,16687,51.8161,696.6827,251.9082,480.6404,0.881
3294,1460,19606,549.284,191.8726,268.5594,265.7748,0.566
3295,1461,19606,106.8794,801.276,276.6152,272.8607,0.9652
3296,1461,16547,71.6264,149.6409,323.7174,483.5344,0.9281
3297,1461,12246,643.1894,692.8648,233.1403,446.3804,0.9037
3298,1461,16687,630.8218,25.8746,236.709,483.4593,0.8633
3299,1462,27776,529.0134,681.286,421.4138,462.1562,0.9191
3300,1462,19860,668.6796,253.6162,222.1641,202.0147,0.86
3301,1462,41767,131.4723,869.8165,233.877,225.9416,0.8439
3302,1462,3482,130.4728,285.5451,278.7395,176.5484,0.6866
3303,1463,41767,622.1437,177.7304,229.5255,215.9602,0.9818
3304,1463,27776,57.6243,120.9476,425.6366,455.6676,0.9553
3305,1463,3482,586.7532,845.9536,285.6788,165.988,0.8004
3306,1463,19860,96.5517,852.7077,220.671,208.0793,0.5926
3307,1464,41767,593.1228,176.4085,223.8052,211.0376,0.9522
3308,1464,27776,44.3282,106.6551,413.0945,447.2268,0.9512
3309,1464,19860,62.0531,811.2424,225.3594,210.9061,0.7093
3310,1464,3482,559.7193,811.8052,288.3708,174.6032,0.699
3311,1466,27925,108.3455,179.5624,199.537,193.7709,0.9496
3312,1466,33008,594.1704,179.6612,238.1242,223.7744,0.8689
3313,1466,19860,60.8172,811.7636,226.0398,209.9031,0.8214
3314,1466,3482,559.2596,812.6205,287.8622,173.1107,0.6854
3315,1473,38161,124.7364,865.0761,180.9128,176.5772,0.9599
3316,1473,5093,574.5482,91.8225,286.3986,480.7021,0.9029
3317,1473,18109,613.4303,859.7962,205.1692,158.6103,0.6408
3318,1473,20013,150.8556,217.4925,156.7296,158.2014,0.6194
3319,1474,36636,124.7563,769.5343,315.0166,276.0182,0.9577
3320,1474,12080,622.9462,205.9331,254.9126,171.3574,0.9502
3321,1474,28762,69.4994,99.9558,441.4684,428.0238,0.8657
3322,1474,3482,608.8471,790.2071,276.2366,208.0102,0.8364
3323,1476,12080,592.7866,203.2893,252.7952,167.744,0.9697
3324,1476,36636,89.4985,728.4416,321.297,281.2704,0.9578
3325,1476,28762,51.2911,67.726,432.111,438.6702,0.9325
3326,1476,3482,580.6332,759.12,277.0907,208.7216,0.7783
3327,1477,29666,359.3732,682.3194,247.0978,368.2662,0.9783
3328,1477,12080,88.4522,232.5163,236.5231,210.2602,0.9521
3329,1477,27652,651.638,288.0515,181.786,183.2285,0.7954
3330,1477,27652,651.9394,289.2755,180.5182,182.0933,0.0989
3331,1480,21025,159.3424,259.3728,217.2898,214.2708,0.9445
3332,1480,29344,590.4358,238.4808,216.3801,340.2391,0.8813
3333,1480,1899,169.6582,834.3494,244.8797,237.6768,0.8451
3334,1480,16550,640.0899,876.1699,217.6867,213.3927,0.7282
3335,1483,34596,631.6636,897.3737,221.608,215.5373,0.9568
3336,1483,22361,107.0126,772.4992,303.3436,393.2407,0.8769
3337,1483,3482,150.6157,217.6478,248.0354,222.146,0.8602
3338,1483,3742,637.1681,276.7718,220.5089,169.4856,0.5232
3339,1485,34596,147.4348,168.5532,213.6432,200.7336,0.9378
3340,1485,3482,599.0656,869.3774,260.3387,228.2409,0.8566
3341,1485,3742,125.4959,865.228,221.4958,168.9044,0.8134
3342,1485,22361,585.4627,97.0071,285.9942,376.4618,0.7487
3343,1488,22073,627.3682,832.0562,204.3931,204.8552,0.8067
3344,1488,22346,210.8646,826.1972,201.0706,198.6902,0.7861
3345,1488,27652,392.8616,205.8914,182.706,181.3846,0.4574
3346,1488,22346,209.941,826.6508,201.4324,198.5497,0.3155
3347,1489,41767,183.4428,281.2674,227.5738,218.7936,0.9891
3348,1489,16231,530.6781,286.817,346.3457,322.2801,0.9887
3349,1489,27652,401.9546,851.3419,189.3308,190.6957,0.3732
3350,1489,27652,402.1432,851.0215,189.9651,191.0588,0.1032
3351,1492,12419,525.5384,296.695,341.6589,354.1418,0.9874
3352,1492,27652,378.8587,904.275,189.5061,189.9798,0.9265
3353,1492,22346,184.7177,276.9408,160.2134,231.4104,0.8942
3354,1492,30307,526.0941,294.7156,341.3284,356.2132,0.0478
3355,1493,12419,60.6251,544.4092,349.2548,377.4316,0.9885
3356,1493,27652,366.918,136.6495,184.8542,188.9476,0.9529
3357,1493,22346,597.6715,722.8784,158.4977,239.2674,0.3927
3358,1493,22346,58.2565,544.3788,351.1716,377.1641,0.0143
3359,1497,12777,609.3405,198.5899,218.8223,214.8716,0.9251
3360,1497,3742,84.3553,825.979,225.8824,176.7515,0.856
3361,1497,3482,563.8026,841.7214,263.114,230.4284,0.8472
3362,1497,28762,62.6275,55.0628,302.5004,505.8112,0.7116
3363,1500,27652,351.8974,237.0367,183.2998,181.1738,0.9552
3364,1500,30307,573.8334,858.2959,345.5781,181.8966,0.9332
3365,1500,10223,194.4667,732.8066,188.7308,295.9044,0.5275
3366,1500,10223,195.7609,733.582,191.0964,296.5092,0.1364
