annotation_id,image_id,category_id,bbox_x,bbox_y,bbox_w,bbox_h,score
1,1,1899,156.8052,250.9193,201.7816,125.1218,0.9199
2,1,27925,603.3733,674.1631,251.2122,479.6465,0.8671
3,1,16550,554.2918,66.1137,400.3044,408.6821,0.7201
4,3,27925,571.9807,630.4272,261.8954,484.4922,0.8987
5,3,1899,143.8167,242.1092,194.5394,128.5267,0.859
6,3,16550,525.7441,62.7106,391.9542,396.6515,0.7297
7,3,24849,139.1795,703.1321,185.386,294.2749,0.3081
8,4,24849,599.9306,252.8003,290.5708,165.2484,0.9708
9,4,29344,118.1077,155.4976,272.379,413.4594,0.951
10,4,1899,682.5112,808.952,133.1256,206.4888,0.7078
11,4,16550,127.5269,648.4719,296.0628,494.3683,0.4627
12,5,24849,96.2965,893.4872,297.6812,163.1853,0.9474
13,5,29344,615.9426,712.0792,280.9478,441.5465,0.9378
14,5,1899,181.1181,264.6846,129.853,203.6454,0.7757
15,5,16550,569.6712,109.3846,286.061,481.0608,0.5173
16,8,20237,624.5828,176.46,225.3505,216.4046,0.8963
17,8,3482,587.841,845.3881,284.874,166.2853,0.8726
18,8,22346,129.964,219.8053,207.0854,197.9316,0.8376
19,8,27652,96.6264,854.1,223.4026,206.075,0.7576
20,9,20237,594.8816,173.7278,220.4092,212.1837,0.9042
21,9,3482,559.3449,811.6538,287.7307,174.3267,0.8704
22,9,22346,114.1515,210.7218,200.657,195.5872,0.8615
23,9,27652,62.0584,810.5536,228.4647,211.0165,0.8165
24,10,1899,642.2886,843.5425,190.25,191.3848,0.8733
25,10,29450,103.4521,235.3541,406.5059,221.9449,0.8055
26,10,21770,641.5389,286.569,188.8799,184.3196,0.5146
27,10,16547,101.4268,805.11,242.379,240.324,0.2771
28,13,33879,475.0648,243.8088,440.3342,274.1684,0.8684
29,13,3350,430.2689,853.9318,189.4963,189.7816,0.8228
30,13,16231,144.3042,329.5681,193.0982,190.2915,0.3537
31,15,33879,46.1713,784.1414,446.2231,276.4783,0.9875
32,15,3350,360.9886,247.0492,183.6714,182.5092,0.8437
33,15,16231,645.5833,793.5644,191.2555,191.5715,0.3538
34,17,3350,297.0544,166.1553,184.7489,189.074,0.8797
35,17,35205,114.0852,584.2082,310.2457,386.827,0.8707
36,17,41767,560.3432,644.6962,275.6662,302.9174,0.7854
37,19,3482,610.2364,789.1703,275.6728,208.1565,0.8934
38,19,28762,101.5766,168.5253,212.2302,204.817,0.8559
39,19,27732,126.9067,765.0346,314.679,279.1377,0.8518
40,19,36636,621.8136,205.2296,260.1089,169.7512,0.7684
41,23,25366,23.1865,88.5338,419.4637,437.0682,0.8685
42,23,3482,558.3773,812.2358,287.8714,173.7345,0.8662
43,23,16261,594.7921,177.3418,236.5828,228.0177,0.8462
44,23,27652,61.1918,809.7788,226.0876,211.5776,0.8111
45,24,25366,33.5228,101.849,430.6349,446.5538,0.9328
46,24,3482,586.8438,845.3463,284.5442,166.2295,0.8584
47,24,16261,622.4058,182.0906,243.6245,232.5781,0.8069
48,24,27652,95.2439,852.6019,223.6424,206.3093,0.7569
49,27,23222,68.699,108.5159,301.7718,503.1488,0.9076
50,27,25437,125.5331,823.7304,258.3248,266.1113,0.7879
51,27,13394,601.713,709.424,229.7019,517.1252,0.7239
52,27,2482,603.3378,80.2177,199.2255,472.9474,0.6943
53,28,35205,613.392,139.2594,226.8661,403.9542,0.9478
54,28,25366,20.309,64.1817,416.5403,453.2157,0.936
55,28,3482,567.6886,814.2804,263.0742,217.5757,0.8282
56,28,27776,177.8455,811.9402,174.8794,200.0772,0.8092
57,29,35205,583.2438,133.5386,221.0012,392.086,0.9409
58,29,25366,12.394,50.7227,397.916,450.8728,0.8963
59,29,3482,538.3772,779.107,265.9443,224.6527,0.8448
60,29,27776,144.7375,775.0002,179.338,205.8323,0.8409
61,31,12419,652.6372,847.1069,189.0461,180.6265,0.8951
62,31,3543,112.0469,240.1965,207.9661,200.7042,0.8877
63,31,6562,197.1243,715.3313,217.103,361.2302,0.8834
64,31,16550,590.508,46.7579,288.5068,483.3374,0.4872
65,32,12419,163.6978,277.4474,184.0814,179.5427,0.9748
66,32,6562,582.0894,228.1974,213.8469,341.5749,0.9259
67,32,3543,673.278,826.8234,215.4133,211.9446,0.9017
68,32,16550,102.1823,711.4406,297.2742,492.201,0.5599
69,38,3482,626.0854,717.1111,208.4556,272.3948,0.9526
70,38,35205,623.9215,159.9798,217.6881,396.8915,0.9233
71,38,20876,87.4876,725.8498,329.5858,240.0735,0.8888
72,38,31884,112.7798,23.9268,399.9192,509.9408,0.7952
73,40,3482,160.6241,214.9745,245.5956,221.4341,0.9111
74,40,29666,119.0547,838.559,231.9762,227.0967,0.8096
75,40,31884,612.6978,617.0298,337.0446,548.5891,0.784
76,40,19860,645.1776,278.5511,221.9962,169.4574,0.3186
77,41,3482,593.2545,873.1425,258.0372,231.2009,0.8584
78,41,19860,117.8617,863.1733,222.9357,169.0847,0.7917
79,41,31884,55.9434,91.707,320.1958,530.907,0.7779
80,41,29666,637.1189,204.9644,225.491,216.3202,0.7596
81,42,3482,565.44,840.8896,260.0756,233.4221,0.8628
82,42,19860,83.7758,825.9142,227.845,176.879,0.7591
83,42,31884,35.3104,78.1162,322.9755,519.9172,0.7435
84,42,29666,607.9076,198.8056,220.8745,216.2226,0.7139
85,44,13899,580.0602,671.414,176.7407,264.4522,0.9315
86,44,3350,370.8316,153.9828,183.1819,189.5383,0.8857
87,44,29666,93.9605,722.3078,229.3799,231.5222,0.8271
88,46,23222,99.9168,114.4166,310.9933,498.4498,0.9041
89,46,3742,119.6723,784.2966,325.2976,320.2978,0.8188
90,46,2482,591.3918,65.8232,242.74,479.3056,0.7073
91,46,12080,601.0694,708.8434,235.7038,449.0077,0.6428
92,47,23222,529.777,591.5287,309.7107,499.9406,0.833
93,47,2482,87.4158,665.0864,255.2764,476.0166,0.688
94,47,12080,105.9058,108.0399,233.2226,430.3996,0.5982
95,47,3742,491.359,166.5726,314.9054,297.5835,0.541
96,53,6191,96.301,120.6612,360.0072,471.1775,0.8809
97,53,25437,132.3218,853.7913,261.147,265.9631,0.8314
98,53,2482,648.4256,99.1198,213.237,476.4538,0.6812
99,53,5885,608.5825,680.3692,239.2933,508.149,0.6671
100,54,6191,466.9982,644.0249,370.005,485.8733,0.8583
101,54,5885,113.6808,77.0784,229.7479,481.6384,0.8424
102,54,25437,548.2654,176.3786,246.9914,254.0644,0.8369
103,54,2482,67.0356,664.5018,211.3002,487.2734,0.5304
104,55,16687,434.0835,177.7758,507.4087,450.7148,0.8712
105,55,20013,49.935,284.1612,341.5056,314.3492,0.8077
106,55,3350,423.7928,848.3546,187.7454,188.9403,0.7655
107,56,16687,4.0405,556.1794,507.7634,498.8855,0.9062
108,56,3350,324.3663,193.0691,185.9496,189.5066,0.8959
109,56,20013,547.9006,618.7715,349.5462,342.0978,0.7143
110,58,35205,550.748,92.4601,284.3049,366.7421,0.9473
111,58,34596,38.9001,52.2464,387.7051,462.668,0.8682
112,58,3482,573.1026,837.1784,261.6891,231.1575,0.8532
113,58,19860,90.2426,826.5608,228.6032,176.2852,0.7865
114,60,35205,104.7855,772.4112,306.0324,388.5211,0.9517
115,60,3482,151.7458,220.1625,246.8128,219.995,0.9173
116,60,34596,545.1969,690.2534,413.6199,485.874,0.9069
117,60,19860,638.4406,277.6552,222.346,169.99,0.4191
118,62,18146,89.828,549.6444,291.27,416.7283,0.9165
119,62,3350,324.8714,155.4429,185.6951,189.5689,0.8746
120,62,36636,541.6322,649.6292,206.3043,255.2764,0.8552
121,64,29666,153.07,277.4287,227.4384,225.1112,0.8248
122,64,3350,396.7408,887.0128,188.9519,191.4866,0.8049
123,64,20013,590.441,268.9496,340.5261,316.6964,0.7792
124,65,3350,350.135,153.1174,184.9281,189.2752,0.8947
125,65,29666,558.1232,727.9978,233.1481,232.5152,0.8259
126,65,20013,0.0,633.9676,341.1117,341.375,0.5694
127,66,3350,392.2598,211.3293,184.7855,183.4984,0.8504
128,66,29666,597.8186,818.3028,228.5929,224.0588,0.8204
129,66,20013,33.1197,717.4552,346.5115,339.0675,0.6266
130,68,30307,511.829,768.2323,443.7154,373.7771,0.9406
131,68,3482,171.8654,276.0769,262.4144,218.6168,0.8982
132,68,27776,637.5287,293.3322,175.8235,196.6359,0.8329
133,68,16231,154.728,825.9565,190.0228,193.6054,0.4966
134,70,1899,631.9513,898.0006,210.5791,156.0854,0.8686
135,70,24849,641.9529,259.4893,195.8562,268.2688,0.8304
136,70,29450,47.6572,231.652,402.2379,229.0857,0.7884
137,70,16550,46.848,711.2643,303.0597,497.6014,0.3103
138,72,29450,555.6684,841.3621,407.0051,227.0342,0.895
139,72,1899,156.7358,224.6559,205.2866,152.1011,0.8643
140,72,24849,151.7473,774.8438,195.5272,280.1243,0.5775
141,72,16550,643.3358,45.4083,291.0312,482.7048,0.5715
142,73,12246,592.2272,848.0784,213.4155,127.438,0.981
143,73,6562,166.5293,671.4409,219.2828,364.1455,0.9133
144,73,3543,72.2662,199.623,205.4905,200.3737,0.8894
145,73,16550,521.4318,70.1833,356.8872,425.6267,0.7124
146,75,12246,620.4085,877.2853,207.7836,126.7998,0.9158
147,75,3543,88.8416,209.7276,207.7111,201.3489,0.9084
148,75,6562,198.768,715.8756,215.8466,360.2673,0.838
149,75,16550,547.9176,78.7241,367.9108,435.4602,0.6613
150,79,19231,501.7948,236.6928,331.281,255.1766,0.9581
151,79,16261,125.8915,297.3158,246.6813,235.7881,0.8748
152,79,3350,387.6557,845.954,189.5593,190.3008,0.8061
153,80,19231,95.1043,697.59,342.3528,267.5867,0.9559
154,80,3350,360.0002,194.3423,183.6576,188.44,0.8683
155,80,16261,568.2418,695.676,250.1262,245.3777,0.8514
156,82,19551,116.5032,147.3736,321.54,494.5591,0.8786
157,82,3742,121.2526,837.6872,335.9406,330.7831,0.8489
158,82,22361,608.4018,732.9032,270.4349,421.7824,0.7665
159,82,2482,628.9284,96.8406,200.5418,476.5368,0.6812
160,83,22361,79.1975,113.9098,264.5309,395.077,0.9191
161,83,19551,503.5248,595.9312,320.6005,490.641,0.9095
162,83,3742,489.0198,127.4226,316.0737,303.9182,0.717
163,83,2482,90.2256,658.0172,208.8501,496.6428,0.2936
164,85,29344,585.9924,675.6985,287.5156,450.0083,0.9722
165,85,16547,570.8235,250.9726,234.0706,224.6866,0.8037
166,85,1899,163.1322,255.816,127.2005,200.098,0.781
167,85,21770,147.0127,847.9985,196.9365,192.9258,0.5351
168,86,29344,117.3872,154.7087,272.8,414.9496,0.9543
169,86,1899,681.8206,808.7572,134.0874,206.8956,0.6973
170,86,21770,618.8173,249.8586,189.6492,183.5874,0.3937
171,86,16547,151.2765,767.9096,240.6952,238.2549,0.3672
172,88,1899,130.1002,230.9653,206.4308,138.624,0.8779
173,88,31704,624.9892,731.6808,248.1534,449.0116,0.7932
174,88,18109,78.0299,798.5702,307.7026,289.9368,0.7667
175,88,16550,606.5556,51.9475,285.1724,476.4463,0.4342
176,89,1899,113.77,223.1614,202.3364,141.2036,0.8769
177,89,18109,43.1725,756.2821,310.7183,299.6504,0.8447
178,89,31704,593.7967,692.7953,254.1913,458.3496,0.8389
179,89,16550,580.806,43.6791,278.1668,468.7173,0.5797
180,90,1899,655.0182,903.0363,214.3113,147.4602,0.8891
181,90,31704,131.3283,127.6632,247.2263,421.0474,0.8181
182,90,18109,608.7402,215.7883,302.4951,286.9017,0.7652
183,90,16550,87.1503,712.7286,293.9171,491.1572,0.4892
184,91,27925,147.5663,142.5825,254.4783,456.3786,0.9282
185,91,19606,689.6924,300.7062,155.7774,147.7924,0.9199
186,91,1899,629.5237,895.2109,211.6404,133.8961,0.856
187,91,16547,122.9522,864.4562,242.6904,238.7856,0.2737
188,95,32309,498.924,721.0466,381.2102,239.0715,0.9512
189,95,3350,337.8449,181.7671,182.7169,186.8838,0.8821
190,95,29666,61.2678,742.6413,230.2338,234.0377,0.8125
191,97,19606,666.2232,250.7773,156.8933,153.134,0.9743
192,97,29344,115.5857,169.0499,311.96,400.3631,0.8754
193,97,1899,684.8028,808.2204,133.8928,206.8157,0.7056
194,97,16547,99.2412,818.4547,242.9145,241.2861,0.2686
195,100,1899,134.3098,243.0384,191.6812,162.7063,0.9358
196,100,33008,518.3858,793.5602,384.9976,207.7667,0.9101
197,100,16547,586.1432,131.5222,232.4221,224.1876,0.7955
198,100,18109,43.5085,745.4811,309.351,295.5281,0.7074
199,102,1899,149.727,253.9521,196.2784,162.1778,0.9079
200,102,33008,548.783,836.6072,374.5896,197.969,0.886
201,102,16547,615.0896,135.3959,237.5868,228.3281,0.8355
202,102,18109,78.7468,789.143,305.7739,292.0322,0.6202
203,104,18356,107.7524,611.7956,249.7942,366.9829,0.9548
204,104,21324,615.6956,758.971,176.7703,232.4137,0.916
205,104,3350,324.1583,204.242,183.0688,186.9219,0.85
206,108,25437,143.2593,845.7468,255.4138,249.8031,0.8464
207,108,2482,602.0854,78.723,245.134,479.3839,0.6887
208,108,12777,103.5555,25.6165,295.6878,546.9118,0.6886
209,108,22361,588.9741,741.4237,255.0476,409.9422,0.6423
210,109,35205,105.6518,772.8942,305.91,388.445,0.9512
211,109,25366,581.8144,716.1062,388.3159,497.9982,0.9508
212,109,3482,151.4744,219.8327,247.1036,220.1691,0.9155
213,109,19860,638.4334,277.4523,222.5932,170.3598,0.4198
214,110,25366,42.7558,49.7964,383.7662,480.4395,0.9455
215,110,35205,582.268,97.4147,288.6946,376.857,0.9428
216,110,3482,600.2761,867.993,258.8716,229.9103,0.8442
217,110,19860,126.1179,863.631,222.2586,168.5017,0.8322
218,112,3543,126.305,235.3914,208.9622,200.2018,0.8941
219,112,33008,560.6343,807.6756,372.752,209.2305,0.8677
220,112,10220,634.37,199.3455,221.3069,215.614,0.8576
221,112,16550,155.0728,587.6298,307.2062,466.8608,0.6928
222,113,33008,77.1504,269.7574,360.689,218.8403,0.9186
223,113,10220,128.3896,844.8197,225.9818,227.8444,0.9047
224,113,3543,659.3514,832.5778,213.6596,211.8578,0.8986
225,113,16550,531.853,227.0881,304.2057,458.2248,0.5482
226,114,10220,604.352,194.1018,218.6477,211.4779,0.9493
227,114,3543,109.1846,224.2637,204.142,199.6524,0.9017
228,114,33008,531.0202,765.5762,382.1465,221.7512,0.8683
229,114,16550,125.574,534.9459,309.36,477.5474,0.6469
230,115,25366,495.9614,645.8391,420.4556,462.8833,0.9351
231,115,3482,122.1643,307.1772,272.8057,199.1284,0.8756
232,115,27732,560.0756,256.4196,300.9961,263.0099,0.8378
233,115,36636,101.303,881.0886,266.8856,179.231,0.773
234,118,13899,60.56,310.413,231.902,214.4216,0.9463
235,118,16687,420.2921,77.9481,434.8182,530.5008,0.8126
236,118,3350,457.5935,847.4241,188.7774,188.7764,0.7876
237,119,13899,650.5722,705.6318,228.002,224.6257,0.9486
238,119,3350,292.4933,193.2061,185.5671,189.608,0.8758
239,119,16687,74.0433,574.1753,453.0622,581.8821,0.8498
240,120,13899,687.7301,796.2492,229.6186,218.2,0.9633
241,120,3350,334.6328,254.7635,182.4166,182.9927,0.8718
242,120,16687,117.4981,685.6198,447.639,562.3532,0.8455
243,122,25366,56.4807,92.504,365.2364,472.496,0.9212
244,122,3482,574.9826,812.2044,280.1806,191.779,0.8648
245,122,25468,49.1386,789.1262,350.8546,298.9263,0.7909
246,122,29666,590.8534,168.4208,219.2739,216.1117,0.7505
247,124,1899,174.27,279.985,203.5591,142.166,0.8835
248,124,21025,673.442,272.3914,177.9026,173.1325,0.8739
249,124,21770,687.7536,882.8776,195.229,194.4501,0.6288
250,124,16550,0.0,760.7064,372.3358,459.0512,0.5369
251,125,1899,623.3893,888.5302,206.7762,139.2192,0.8795
252,125,21025,136.8934,867.324,180.8061,178.1874,0.7312
253,125,16550,622.8884,31.2928,350.4726,441.4274,0.701
254,125,21770,111.902,202.6248,196.429,188.1462,0.6871
255,126,1899,594.7982,855.6219,212.9285,146.5789,0.8904
256,126,21025,102.6254,833.5305,183.2297,179.8378,0.8348
257,126,21770,97.2986,194.2378,190.1796,184.1201,0.7376
258,126,16550,592.079,26.0558,348.8906,430.2646,0.6881
259,127,6191,129.7243,141.5532,299.6799,543.9638,0.8894
260,127,22361,617.4188,780.029,259.2448,424.2251,0.7457
261,127,5093,136.4782,856.561,284.9212,288.0414,0.6718
262,127,2482,640.1735,117.808,201.3627,469.2968,0.6608
263,128,6191,134.4288,128.265,292.1567,531.2226,0.8462
264,128,2482,647.9956,80.3415,200.3888,487.79,0.6983
265,128,22361,605.7918,779.129,254.6706,407.3338,0.6912
266,128,5093,135.8675,846.6803,277.5793,274.5051,0.5818
267,129,22361,79.5944,73.3953,254.5224,393.9102,0.9295
268,129,6191,519.9676,546.0612,285.9864,524.6154,0.7979
269,129,5093,518.9234,149.9318,271.7059,266.6446,0.5764
270,129,2482,81.5584,643.4547,206.3338,490.0957,0.2876
271,130,30307,510.021,767.5622,464.0703,313.6148,0.941
272,130,3482,173.3021,273.945,262.1396,221.2044,0.8997
273,130,36636,128.6909,827.3955,195.3447,256.544,0.8989
274,130,27776,638.2122,293.4437,175.6516,196.3849,0.8475
275,132,30307,29.1163,177.5728,458.6179,310.3027,0.9561
276,132,36636,665.7744,178.9061,187.9062,249.369,0.8548
277,132,3482,567.4382,814.2572,262.98,218.0036,0.8357
278,132,27776,178.7972,811.6775,175.0486,199.9934,0.8096
279,134,35205,647.132,142.5693,202.4153,400.375,0.9405
280,134,3482,559.2534,812.497,286.4672,173.4309,0.8569
281,134,27652,61.8437,810.154,226.077,211.5067,0.8224
282,134,31884,39.8011,6.4111,354.6472,516.7862,0.7135
283,135,35205,678.6887,150.9555,202.4697,409.1152,0.9255
284,135,3482,586.3766,845.5708,285.961,165.7417,0.8755
285,135,27652,95.6076,852.9177,223.9175,206.5803,0.7655
286,135,31884,51.605,21.9395,368.1617,524.3772,0.7192
287,136,44198,133.4307,243.1497,244.4104,232.8706,0.9352
288,136,1899,650.4388,851.0262,211.5139,158.1403,0.8552
289,136,33008,565.6853,213.943,325.4306,292.2697,0.8062
290,136,16550,76.6373,656.0725,317.2166,481.2342,0.5014
291,139,35205,582.5265,112.0858,225.2154,390.7662,0.9221
292,139,3482,575.2834,812.6571,279.8743,191.1913,0.861
293,139,25468,51.0052,789.299,348.0644,300.2444,0.7896
294,139,31884,11.2119,47.7118,396.1148,502.0492,0.7393
295,140,35205,611.196,119.4482,232.377,401.9559,0.9306
296,140,25468,85.7679,830.3526,343.2309,301.7163,0.8376
297,140,3482,601.2956,846.6492,279.2189,186.9055,0.8328
298,140,31884,28.0958,68.5129,401.8008,506.1687,0.7699
299,142,44198,78.6062,178.1419,248.3694,223.1674,0.9493
300,142,1899,581.732,866.1021,213.6496,144.0082,0.8965
301,142,21025,91.1723,831.0423,182.3046,180.1835,0.8142
302,142,16547,592.6731,155.8961,232.3241,224.872,0.7843
303,143,44198,92.8628,185.5148,254.8229,226.3676,0.952
304,143,1899,605.719,899.2992,211.9541,137.5525,0.8701
305,143,16547,621.916,162.3815,237.3445,225.7557,0.8253
306,143,21025,124.8385,865.4749,179.7631,176.9866,0.7537
307,146,3482,171.5432,274.4181,262.4927,220.6776,0.8999
308,146,27776,637.9252,293.1324,175.0837,196.277,0.844
309,146,31884,555.5923,680.9331,401.4184,518.7578,0.7702
310,146,16231,153.452,825.4554,190.4361,194.0857,0.5202
311,148,19231,501.9245,236.5616,331.602,255.5402,0.9646
312,148,20237,119.9984,299.0478,227.3613,221.2303,0.8764
313,148,3350,402.9094,850.1366,189.2266,190.321,0.7944
314,149,19231,95.1051,697.6452,342.5664,268.9156,0.9503
315,149,3350,346.8151,189.7035,183.4697,189.0811,0.876
316,149,20237,593.7776,710.7886,231.0347,229.6214,0.8557
317,150,20237,633.211,802.3362,227.031,221.897,0.9049
318,150,3350,389.1266,251.1152,183.4266,182.5467,0.8769
319,150,19231,136.0078,802.3364,336.2698,262.2185,0.8544
320,151,1899,643.0314,843.8718,190.1769,192.2734,0.8806
321,151,29450,507.3774,240.89,414.2044,222.575,0.8774
322,151,33207,183.161,266.4154,205.9382,197.4401,0.5913
323,151,16547,96.9495,816.8053,242.8232,240.0458,0.3018
324,152,29450,39.4343,800.7032,418.355,226.4993,0.832
325,152,33207,583.4365,810.1634,214.0812,204.9866,0.7306
326,152,16547,619.945,203.9892,232.0542,225.0138,0.6642
327,152,1899,147.3274,239.037,182.8466,183.1718,0.656
328,153,29450,77.4161,841.933,410.6183,221.1304,0.9097
329,153,1899,166.746,247.9173,183.4636,183.0405,0.7625
330,153,33207,610.9222,841.8496,209.8502,201.731,0.6756
331,153,16547,649.4378,210.7308,236.3144,228.9805,0.5323
332,154,23222,89.5439,134.6447,320.2388,496.0478,0.9195
333,154,2482,616.0127,51.8006,251.573,471.5348,0.7147
334,154,5885,596.8338,683.1348,238.4009,490.2426,0.5998
335,154,5093,108.9255,804.1706,279.3745,275.9315,0.5764
336,155,23222,532.4481,575.5189,324.0471,495.891,0.8459
337,155,5885,111.7538,77.3181,235.5627,478.2194,0.8058
338,155,2482,69.1486,689.0525,254.349,471.8068,0.6773
339,155,5093,546.6088,186.8022,272.5844,266.3516,0.5067
340,156,23222,91.4373,169.2325,320.7488,491.3326,0.9045
341,156,2482,605.1865,87.6501,255.5102,457.17,0.7597
342,156,5093,109.3282,814.5904,284.1334,287.0864,0.6457
343,156,5885,602.4166,682.9312,248.4724,504.4812,0.606
344,157,16261,574.1976,187.5982,240.0801,227.6078,0.8449
345,157,3482,538.0957,780.9304,266.4856,225.8974,0.8431
346,157,27776,144.8283,776.0021,179.1017,205.5471,0.8412
347,157,25366,105.5491,82.4015,394.569,457.2257,0.4641
348,159,3482,567.6446,816.2826,262.5264,217.348,0.831
349,159,16261,600.8065,193.3265,247.0924,230.3749,0.8278
350,159,27776,177.4577,812.6659,175.0316,200.0845,0.8004
351,159,25366,121.5099,97.9872,405.4692,464.2499,0.5519
352,160,3543,626.8977,887.5566,215.0102,211.7651,0.9125
353,160,4542,144.6914,915.6904,213.7338,209.9651,0.817
354,160,16550,575.897,263.9332,288.4011,467.2614,0.6978
355,160,23202,211.0179,315.8186,136.1855,138.2123,0.6301
356,162,3543,158.3909,177.5435,207.845,201.2422,0.9028
357,162,4542,628.6436,141.992,207.2414,203.8135,0.7092
358,162,16550,129.5417,534.7274,286.8203,478.3695,0.6642
359,162,23202,654.9695,851.1311,136.7883,138.1433,0.4512
360,163,3482,567.9929,813.856,264.4033,218.4585,0.8322
361,163,27776,179.3307,812.795,175.1793,199.7581,0.8041
362,163,16231,642.7106,249.4875,188.7551,183.3533,0.6195
363,163,28762,126.0946,172.7262,213.7277,204.6392,0.4132
364,164,3482,172.4716,274.7587,261.9933,220.3986,0.8991
365,164,27776,637.2212,292.7224,175.8648,196.8075,0.8438
366,164,28762,651.3786,890.249,224.4109,215.1965,0.7975
367,164,16231,154.0456,826.1023,189.0609,194.1847,0.5198
368,165,3482,539.171,777.8864,266.3577,225.3464,0.8612
369,165,27776,146.5578,775.5216,179.6794,204.9312,0.8377
370,165,28762,110.9428,168.2628,207.8127,197.9825,0.7316
371,165,16231,614.8087,238.6388,184.5621,182.9805,0.5714
372,170,6191,116.0526,150.5099,308.0209,529.4049,0.8893
373,170,12080,648.2408,690.6796,246.5114,468.177,0.7685
374,170,5093,106.8739,810.1371,284.0398,287.8316,0.7394
375,170,2482,619.1391,69.2296,233.5882,466.3802,0.6413
376,172,25366,117.5411,64.9614,341.6379,501.622,0.9488
377,172,3482,585.2924,845.3456,284.9004,166.4647,0.8622
378,172,27652,94.6563,852.1489,222.188,206.2822,0.7719
379,172,29666,632.9873,180.1735,223.6682,215.0691,0.7714
380,173,25366,106.4094,53.1628,317.8756,489.5481,0.8922
381,173,3482,557.0697,812.2506,289.027,174.2183,0.8764
382,173,27652,60.6844,809.1255,225.3118,212.0578,0.8005
383,173,29666,603.2188,176.8653,220.6524,213.8973,0.7686
384,174,3482,132.2348,288.2537,278.7004,173.5948,0.9309
385,174,25366,549.7922,684.1666,340.7507,516.1118,0.9061
386,174,27652,670.3486,255.0469,222.1719,199.0577,0.8276
387,174,29666,124.6043,863.3048,231.5656,228.1555,0.7863
388,175,30307,121.0314,94.7696,277.2604,476.8642,0.962
389,175,3482,594.1164,871.9963,258.228,230.7649,0.8576
390,175,19860,118.8865,862.3978,222.675,169.5606,0.8036
391,175,29666,638.6438,203.4814,224.6432,215.6288,0.7685
392,176,30307,590.3604,676.935,287.506,482.1484,0.9767
393,176,3482,159.8159,215.8394,245.1351,220.5449,0.9156
394,176,29666,118.088,840.6288,231.7901,226.162,0.8113
395,176,19860,644.3338,277.9201,222.4186,169.2949,0.4239
396,179,3482,173.3304,272.6156,261.9829,220.4785,0.8957
397,179,20237,151.9945,850.2974,230.7411,224.9541,0.873
398,179,22346,643.6974,832.8288,215.5228,208.2513,0.8562
399,179,27776,638.9882,292.0244,175.4936,196.5713,0.8302
400,180,20237,577.218,190.2126,220.8335,213.1604,0.9127
401,180,3482,539.091,781.3454,265.4068,225.8842,0.8461
402,180,27776,145.183,776.6133,178.8117,205.2383,0.8378
403,180,22346,124.3098,228.5213,201.5531,195.1036,0.8302
404,183,10220,159.5698,261.4784,219.113,211.5396,0.9666
405,183,6562,591.2755,237.6872,214.0643,339.7999,0.9303
406,183,3543,640.7149,876.4884,216.8506,212.0681,0.8988
407,183,16550,20.6896,695.4046,405.245,415.5328,0.6701
408,185,3543,141.5914,171.935,202.9735,199.4952,0.8576
409,185,16547,132.6455,737.9102,240.3256,234.9612,0.7433
410,185,4542,601.0716,143.7753,201.0532,198.1255,0.6451
411,185,23202,627.9684,821.7598,139.519,138.8082,0.6179
412,186,3543,157.9697,178.4916,207.9315,201.5313,0.9134
413,186,16547,166.0135,781.0882,236.362,228.6214,0.8074
414,186,4542,628.561,141.4718,207.5935,204.7899,0.7261
415,186,23202,655.4232,851.4611,138.0469,138.6672,0.2931
416,189,22361,617.1732,781.0706,259.1195,425.1118,0.7611
417,189,12777,80.3483,128.6006,297.5162,531.5452,0.6694
418,189,5093,135.6721,857.0259,286.0066,287.6018,0.6678
419,189,2482,640.0244,120.1302,201.2803,468.9556,0.6539
420,191,10220,93.2336,789.5056,224.5438,221.0155,0.9134
421,191,3543,122.9472,181.059,204.1969,199.3932,0.8887
422,191,4542,639.4582,152.7134,201.6621,198.2089,0.8687
423,191,16550,579.5088,566.898,289.4169,488.6138,0.5544
424,196,22361,79.1883,114.5145,264.5702,395.592,0.906
425,196,3742,488.7764,127.9399,317.0246,303.3413,0.749
426,196,12777,531.815,524.1374,285.9102,514.9519,0.6862
427,196,2482,86.7165,659.2949,215.0582,495.5895,0.2859
428,197,3742,124.1392,826.525,322.9097,320.3535,0.8137
429,197,22361,600.8431,727.5785,262.6874,412.6706,0.7355
430,197,12777,111.5047,175.41,294.5924,516.5225,0.7243
431,197,2482,633.6164,62.2056,201.5614,485.7904,0.6261
432,198,3742,121.9377,837.3325,333.2462,330.9378,0.8487
433,198,22361,607.8058,732.8698,270.9006,422.0276,0.7882
434,198,12777,113.4529,198.4466,294.1461,524.5942,0.7348
435,198,2482,627.853,96.9438,199.8879,476.0404,0.6684
436,199,30307,39.0409,117.6492,404.8415,398.3312,0.9477
437,199,3482,565.1302,815.6574,261.8006,216.6755,0.8473
438,199,27776,175.7702,810.664,175.6549,199.8667,0.805
439,199,29666,630.784,164.0766,223.506,214.9717,0.7505
440,200,30307,556.299,732.7511,415.1858,410.7169,0.9335
441,200,3482,175.931,273.1158,261.7504,222.2129,0.8961
442,200,27776,639.958,294.8173,176.322,195.8785,0.8162
443,200,29666,126.5757,879.5939,231.8266,229.0086,0.787
444,202,3482,144.0814,290.5668,211.6208,256.0557,0.9298
445,202,20876,545.4322,293.5814,327.1433,234.521,0.8317
446,202,16261,108.0861,834.638,251.6342,243.2175,0.7975
447,202,22346,688.6521,867.5552,212.9093,206.7239,0.7912
448,203,3482,623.6348,718.8529,209.9797,272.7958,0.9483
449,203,20876,85.839,725.9804,330.4868,239.9898,0.8983
450,203,22346,83.593,197.3607,200.2814,195.1303,0.833
451,203,16261,601.5733,187.693,238.1468,227.4216,0.8125
452,204,3482,649.3548,751.3128,211.5054,268.1872,0.9463
453,204,20876,118.2943,767.7031,325.8807,231.4958,0.9376
454,204,22346,98.4318,205.0057,207.6148,196.95,0.8133
455,204,16261,629.807,193.0531,243.5707,230.9642,0.8043
456,205,6562,166.1831,673.7546,218.2592,363.148,0.9383
457,205,3543,112.4278,163.1714,203.3478,199.8204,0.9055
458,205,23202,622.5528,848.9305,140.1173,138.4133,0.6639
459,205,16547,592.0012,120.8954,230.7905,225.8468,0.6546
460,210,3350,418.8606,244.2869,184.1201,182.9625,0.8601
461,210,29666,165.0459,747.3701,225.4963,226.0962,0.8396
462,210,31862,595.9292,875.4669,205.3395,205.4002,0.7277
463,212,1899,623.8792,888.918,206.4888,139.0206,0.8745
464,212,21025,137.0981,867.4535,180.3405,177.5107,0.7444
465,212,16550,476.4473,138.7006,447.9794,354.1693,0.644
466,212,18109,59.0267,125.1222,305.1848,287.3873,0.6383
467,213,1899,594.8633,855.3779,213.2578,147.2449,0.8897
468,213,21025,102.7203,833.5166,183.0814,180.1167,0.8439
469,213,16550,450.4816,127.0096,433.7958,345.3016,0.6568
470,213,18109,45.5889,114.6652,297.0478,285.336,0.6556
471,214,27925,92.246,614.4106,271.6141,481.0891,0.8822
472,214,1899,139.8329,238.683,201.8124,129.9429,0.8663
473,214,33207,586.6044,800.5332,215.3356,203.2667,0.7119
474,214,16550,567.4868,54.8614,279.4629,466.2212,0.6254
475,215,1899,156.3083,248.4318,204.7486,126.7342,0.9179
476,215,27925,127.8884,662.1963,267.3038,477.5154,0.9112
477,215,33207,616.6437,834.233,209.7822,200.3792,0.6442
478,215,16550,594.6158,63.8524,288.9347,478.1652,0.4385
479,217,6191,128.5008,122.5433,279.2428,534.6549,0.875
480,217,3742,119.0594,784.471,324.5063,320.1515,0.8421
481,217,2482,589.6776,66.552,245.3197,479.3456,0.724
482,217,12080,600.929,708.1032,235.4509,449.8454,0.6427
483,219,6191,532.2815,543.1956,276.7112,533.8786,0.8127
484,219,2482,88.2404,663.7828,254.7645,475.4269,0.7005
485,219,12080,106.7613,107.1591,232.6365,431.6869,0.5883
486,219,3742,492.0904,167.1309,314.6698,297.1402,0.491
487,222,16261,169.0901,766.2442,247.3201,240.0158,0.8798
488,222,3350,406.4233,203.7074,183.6875,183.6619,0.855
489,222,41767,600.4178,742.2479,276.2893,300.8027,0.7739
490,224,34596,106.7091,78.6875,365.1618,488.4951,0.8842
491,224,25468,83.3116,829.7605,344.0857,299.4492,0.843
492,224,3482,601.774,845.9287,278.9607,186.5022,0.8362
493,224,29666,619.7678,172.2232,223.5713,216.6713,0.7103
494,225,3482,125.496,271.641,273.8209,188.3595,0.8873
495,225,25468,576.8633,190.9303,327.1389,280.5692,0.8411
496,225,34596,532.3263,662.581,368.4438,510.1244,0.8078
497,225,29666,139.0994,871.0984,231.4397,227.9673,0.7319
498,226,20237,644.1856,188.4131,225.9424,217.1976,0.8833
499,226,3482,600.4397,868.3842,258.2016,229.1524,0.8412
500,226,19860,125.8439,863.7493,222.736,168.6836,0.8378
501,226,22346,109.7721,229.8039,205.9066,197.2753,0.8052
502,229,5885,94.5139,61.7524,245.4522,483.22,0.8785
503,229,2482,51.0513,677.5678,282.9162,459.3037,0.6959
504,229,3742,535.0578,150.3695,316.7644,303.0239,0.6871
505,229,23222,487.9522,655.7154,414.92,452.0564,0.5043
506,231,2482,597.152,117.6121,284.423,438.4845,0.7724
507,231,5885,612.46,698.2764,237.2075,507.1362,0.7719
508,231,3742,74.6593,810.8002,330.856,331.3132,0.7082
509,231,23222,53.075,138.8991,398.5661,438.5546,0.6426
510,232,3482,597.1826,800.3266,278.1943,205.0137,0.8687
511,232,27732,115.8288,771.8466,324.4492,268.8389,0.8455
512,232,22346,128.2487,232.977,207.2392,198.5577,0.82
513,232,29666,677.251,188.1732,225.5205,215.5912,0.7652
514,234,3482,571.8588,767.1602,276.3389,205.1641,0.8755
515,234,27732,79.585,731.6881,329.131,270.0574,0.8359
516,234,22346,111.1719,222.8161,201.817,195.1436,0.8184
517,234,29666,647.3242,184.4382,221.3048,214.6142,0.7909
518,236,3482,131.7862,288.7074,277.4776,173.1957,0.9302
519,236,28762,612.8347,834.2312,225.3181,213.7082,0.895
520,236,35205,103.8301,686.0202,203.9734,418.722,0.8835
521,236,27652,668.3244,255.1682,222.4248,198.614,0.8256
522,237,35205,648.071,142.4971,201.8247,400.1461,0.9381
523,237,28762,144.3362,223.415,208.2326,199.1132,0.8885
524,237,3482,557.9702,812.5389,288.9795,173.4006,0.8698
525,237,27652,61.5372,809.8248,225.682,211.2708,0.8224
526,238,18356,67.5408,259.7401,301.4348,297.9993,0.9173
527,238,16261,626.5784,241.575,242.7182,231.9574,0.8421
528,238,3350,403.4894,834.6114,187.3418,188.6853,0.7831
529,241,18146,511.8807,254.6547,314.7036,384.9265,0.9319
530,241,20237,128.8825,326.226,227.1128,219.9183,0.8855
531,241,3350,411.7743,913.9045,188.8855,190.1233,0.7996
532,243,18146,140.5664,648.5992,317.3134,402.7274,0.8975
533,243,20237,622.1814,769.0418,228.5947,223.8714,0.8952
534,243,3350,380.3019,184.717,182.932,184.1033,0.8925
535,244,6562,198.0992,716.149,216.6786,361.6292,0.8955
536,244,3543,128.0585,169.1508,209.2257,200.7617,0.8828
537,244,16550,580.1104,5.5141,288.4199,479.5782,0.666
538,244,23202,650.1305,880.9312,137.054,133.9883,0.4881
539,247,6191,50.0614,127.182,344.6965,510.1712,0.867
540,247,3742,122.2307,837.6866,333.624,330.7258,0.8437
541,247,22361,608.6278,732.7744,269.1907,421.956,0.7861
542,247,2482,625.0396,96.4712,202.3457,476.9342,0.6715
543,248,6191,49.3791,111.471,345.2692,496.2688,0.8419
544,248,3742,121.6961,826.3524,325.5396,322.57,0.8119
545,248,22361,600.0152,728.2044,263.783,413.201,0.7485
546,248,2482,631.0534,63.2708,205.3816,483.976,0.6417
547,249,22361,79.5058,114.7866,264.3598,394.565,0.9098
548,249,6191,558.4274,594.9243,335.434,504.987,0.8217
549,249,3742,489.1724,127.3015,316.6965,303.8852,0.7588
550,249,2482,85.0782,659.0062,219.1376,495.0136,0.2782
551,250,18356,543.3296,229.2489,243.0518,349.8806,0.9388
552,250,29666,128.2466,208.0361,226.6727,222.5766,0.8046
553,250,3350,379.4524,849.5283,188.0547,190.5205,0.772
554,251,18356,141.8205,596.6648,245.009,367.4336,0.9389
555,251,3350,370.0536,178.5478,182.2424,187.8058,0.8987
556,251,29666,587.6754,794.9992,231.6526,232.7042,0.7975
557,252,18356,186.9981,690.6157,238.3495,371.085,0.9533
558,252,3350,413.0434,238.1274,182.2626,183.8736,0.8637
559,252,29666,625.282,885.5166,229.0923,223.5406,0.8233
560,253,33879,453.3626,252.1058,433.0744,290.7791,0.9814
561,253,35205,63.1935,255.2426,413.9778,217.9913,0.8005
562,253,3350,446.2426,849.1104,189.134,190.3882,0.7886
563,256,19551,492.4274,656.617,322.9541,499.9628,0.9161
564,256,25437,544.1447,179.0427,246.8931,252.5124,0.8606
565,256,5885,109.2085,80.918,235.0753,478.8532,0.7425
566,256,2482,61.3924,665.4934,216.0745,488.8008,0.5287
567,259,41767,112.6555,284.431,266.9632,289.423,0.9276
568,259,3350,384.9289,895.7378,188.8002,189.4398,0.8293
569,259,20237,605.2664,276.9278,224.0654,221.9631,0.8234
570,262,3482,557.135,811.7658,288.477,174.6552,0.8682
571,262,27652,59.9757,809.0408,226.1765,212.0228,0.8185
572,262,34596,75.7802,34.5491,337.1792,492.0424,0.7769
573,262,29666,602.5956,176.3302,221.5818,214.5188,0.7542
574,264,3482,132.8057,288.9375,277.9191,172.8309,0.9253
575,264,27652,669.4294,254.9547,223.2107,200.0119,0.8451
576,264,34596,560.2094,676.2505,355.8992,514.6706,0.7872
577,264,29666,124.6942,863.3263,231.6371,227.9747,0.7612
578,265,25366,600.1222,664.0302,375.8778,493.8401,0.9567
579,265,3482,132.3653,288.9765,278.2805,173.0453,0.9317
580,265,27652,668.4148,255.016,223.235,199.417,0.8393
581,265,16231,142.6225,844.6687,196.7101,196.3284,0.69
582,266,25366,22.2929,104.2581,389.7924,475.8833,0.893
583,266,3482,586.0358,845.1147,285.3162,166.5576,0.8525
584,266,27652,95.6557,852.9529,220.9982,206.5566,0.7796
585,266,16231,649.462,229.3836,191.4698,181.88,0.4458
586,271,3482,625.2595,716.7376,209.1777,272.1834,0.9543
587,271,35205,630.6698,161.9086,217.5055,395.8151,0.9105
588,271,20876,84.7686,725.2859,331.904,240.408,0.8966
589,271,22346,103.6307,187.739,203.343,194.7181,0.8478
590,273,3482,141.2675,293.0395,213.1655,256.1354,0.9369
591,273,35205,97.4072,669.471,235.1427,412.2349,0.923
592,273,20876,544.7989,293.4559,327.0215,235.0016,0.8219
593,273,22346,665.3777,876.1075,216.4957,208.3124,0.8169
594,274,21324,206.3391,324.8386,149.4851,234.1245,0.8395
595,274,3350,420.3612,889.0389,189.3713,192.5099,0.7678
596,274,20013,574.0353,257.0699,342.8291,317.2573,0.7633
597,275,20013,4.0739,645.544,350.237,341.822,0.8731
598,275,3350,327.6551,149.3965,184.9618,189.9071,0.8651
599,275,21324,581.1229,663.9291,155.5986,244.259,0.8138
600,277,30307,82.1173,100.6693,393.3729,401.8748,0.9605
601,277,3482,600.1891,868.4263,258.5504,228.9842,0.8419
602,277,19860,125.5538,863.2128,223.0684,169.1995,0.8327
603,277,36636,619.5486,200.2765,266.0527,150.5942,0.747
604,278,3482,151.9375,219.997,246.2927,220.113,0.9169
605,278,36636,95.5614,907.6987,274.4001,164.4004,0.7797
606,278,30307,520.1146,752.002,407.7016,409.9225,0.4123
607,278,19860,638.1824,277.6239,222.5788,170.0116,0.4118
608,280,3831,432.6192,273.3246,393.5896,351.8492,0.9328
609,280,3350,410.9419,867.6713,188.3482,190.6312,0.8189
610,286,30307,33.187,116.4577,375.1212,403.542,0.9512
611,286,3482,538.15,781.0794,266.1257,226.752,0.8483
612,286,27776,144.8653,775.7855,178.993,205.7092,0.8444
613,286,16261,575.4485,188.4419,238.8264,226.4711,0.8365
614,287,30307,572.5411,702.2776,397.2468,424.6568,0.9531
615,287,3482,173.6094,272.902,261.6981,220.2988,0.8982
616,287,27776,639.143,292.4914,175.7092,196.938,0.8295
617,287,16261,134.4244,834.4002,252.522,243.2888,0.7901
618,288,30307,44.0745,131.7402,389.7672,419.0896,0.9477
619,288,3482,567.1062,816.2104,262.4921,217.3137,0.8284
620,288,16261,603.2082,193.5998,243.3784,230.7139,0.8096
621,288,27776,177.4384,813.0282,174.5853,199.8811,0.8009
622,289,6191,92.1226,48.2546,278.5784,532.318,0.8957
623,289,25437,143.0832,845.7345,255.6104,250.6022,0.8442
624,289,2482,600.1864,80.6473,247.4519,476.8938,0.7139
625,289,22361,587.9656,741.2256,256.0923,410.9177,0.6614
626,291,22361,99.8087,99.0685,253.0622,400.4255,0.905
627,291,25437,535.1798,173.6058,248.2606,253.3977,0.8647
628,291,6191,571.0437,613.9745,274.789,536.9386,0.825
629,291,2482,75.3188,651.6443,257.003,480.449,0.6598
630,292,25437,548.4341,176.4271,246.6157,253.069,0.8503
631,292,5885,113.7349,77.5846,228.6385,480.5598,0.8428
632,292,12777,539.654,596.3886,330.6095,504.42,0.8269
633,292,2482,68.3378,662.694,210.8481,488.8482,0.4372
634,295,20013,124.703,193.1263,338.78,313.2202,0.8062
635,295,3350,414.0016,864.8693,188.6149,188.4502,0.7994
636,295,16231,643.0654,295.4622,192.477,191.2483,0.7221
637,298,1899,682.5637,878.3741,210.1688,133.6996,0.8156
638,298,31704,568.4342,173.212,252.1286,424.0136,0.7848
639,298,33207,155.9697,234.551,205.2007,195.0525,0.7313
640,298,16547,159.4881,776.294,240.4255,234.9219,0.4966
641,299,1899,86.6559,257.7675,201.8662,128.2001,0.8705
642,299,31704,137.283,643.5542,253.7267,448.4724,0.8449
643,299,16547,560.8485,244.3062,231.771,227.0772,0.6806
644,299,33207,612.4672,846.6559,211.5503,205.397,0.6512
645,302,19231,96.7733,634.8507,280.505,326.1714,0.9854
646,302,3350,309.5092,160.2135,185.0353,189.0308,0.8671
647,302,36636,568.2388,713.3066,236.8639,226.6578,0.5911
648,304,22626,103.5261,136.2601,306.465,496.9886,0.9655
649,304,3742,131.0118,811.1468,332.5474,332.8599,0.7988
650,304,4377,594.3908,703.3352,237.5996,468.7292,0.7179
651,304,2482,621.9516,71.2773,193.0316,468.8158,0.5274
652,308,3350,289.0805,205.6342,185.1178,189.3729,0.8816
653,308,41767,561.0409,605.7094,275.1477,296.875,0.7434
654,308,36636,118.323,710.4758,190.4574,264.1023,0.6218
655,310,12246,619.182,319.3342,171.3218,184.6985,0.9903
656,310,3543,654.972,891.1255,214.5774,212.5957,0.8968
657,310,4542,138.4327,865.9686,214.1538,212.9863,0.6871
658,310,16550,103.9351,149.4703,314.776,444.8128,0.6817
659,313,3482,621.0493,721.1815,210.8406,273.6802,0.9446
660,313,34596,15.8947,16.858,446.7674,413.9279,0.9114
661,313,20876,38.8923,751.2329,327.3781,255.2502,0.8885
662,313,29666,595.4127,180.8005,221.637,215.4208,0.7453
663,315,3482,145.6813,289.1741,212.037,255.8666,0.934
664,315,34596,509.1468,782.2652,464.8078,426.7918,0.8883
665,315,20876,593.504,260.2668,323.2646,242.4075,0.8596
666,315,29666,132.0541,857.5115,232.0646,227.4604,0.7282
667,316,10220,634.7809,199.4088,221.0015,215.5712,0.8978
668,316,3543,126.6856,233.6218,208.7413,202.2085,0.8927
669,316,33008,561.0095,808.9856,372.1096,209.5942,0.8796
670,316,16547,167.3897,790.063,235.6307,228.8226,0.6151
671,317,33008,75.4172,268.4593,362.1655,218.8768,0.9272
672,317,10220,128.0897,844.4336,226.3694,228.3608,0.9267
673,317,3543,659.2198,832.3078,214.2195,211.1238,0.9006
674,320,3482,625.5402,716.9132,209.3184,272.1179,0.955
675,320,35205,630.7582,161.7648,217.5376,396.1207,0.9062
676,320,20876,85.2709,725.2436,331.3707,239.513,0.8932
677,320,28762,136.2616,195.7774,208.418,199.3978,0.8579
678,323,3482,131.0324,288.803,277.3511,172.1143,0.9264
679,323,36636,150.3564,801.6421,195.1342,254.3474,0.8836
680,323,22346,655.6574,875.2627,214.0527,208.7756,0.8584
681,323,27652,668.6198,254.6442,222.7483,198.3779,0.8315
682,324,3482,586.4076,845.3049,286.4562,166.3328,0.8734
683,324,36636,644.0636,206.6627,190.74,248.9902,0.8724
684,324,22346,130.6154,194.1353,207.7615,197.5533,0.8149
685,324,27652,95.6897,853.3395,223.4869,206.9911,0.7552
686,325,3482,174.0266,273.1506,261.2677,219.8958,0.9014
687,325,27776,639.4691,292.5793,175.3686,196.8436,0.83
688,325,31884,511.1295,711.0117,401.3628,518.8206,0.8188
689,325,16261,135.2167,834.1928,250.896,243.1702,0.7943
690,327,3482,566.9068,815.8272,262.5462,217.761,0.8343
691,327,16261,601.2217,193.0118,245.3301,231.0772,0.8242
692,327,27776,176.91,812.6988,175.2471,199.9661,0.8009
693,327,31884,92.892,28.0532,406.0716,508.6122,0.7839
694,328,3482,121.7042,306.5004,272.9372,199.8926,0.873
695,328,27732,561.2082,256.843,299.8672,262.3016,0.8116
696,328,31884,510.5055,644.8946,385.9664,526.0243,0.7814
697,328,36636,101.5594,881.0553,266.4266,179.4958,0.7803
698,332,12419,83.4064,820.6314,187.463,184.8638,0.8969
699,332,3543,125.0132,141.4151,204.3461,198.7894,0.8852
700,332,4542,587.2521,167.234,203.5011,197.9149,0.7098
701,332,16550,565.5904,537.5308,286.0454,487.3469,0.6944
702,334,3482,625.6358,717.417,208.9021,271.6665,0.9517
703,334,20876,86.032,726.5152,330.9632,239.1848,0.8882
704,334,22346,145.9259,222.5622,202.4211,195.2236,0.7079
705,334,16231,624.5028,218.2996,190.6738,186.9014,0.6019
706,335,3482,142.016,292.6073,212.1094,256.2935,0.9286
707,335,20876,543.8777,293.5022,327.9099,234.8826,0.8163
708,335,22346,620.4546,839.0712,214.138,206.9923,0.8009
709,335,16231,132.7345,840.7086,198.671,196.9748,0.566
710,336,3482,651.2424,749.8162,211.2319,267.4846,0.9506
711,336,20876,119.8524,767.6308,325.9419,230.7256,0.9304
712,336,22346,163.1858,232.7649,207.921,197.6285,0.796
713,336,16231,653.6079,230.6047,194.773,178.7264,0.6632
714,337,22346,639.9854,836.5882,215.5526,206.8218,0.9065
715,337,3482,124.925,270.8723,274.2606,187.8401,0.8882
716,337,36636,131.815,828.721,181.4386,262.4977,0.8855
717,337,25468,574.9635,188.991,327.3008,282.8354,0.8349
718,338,3482,575.4278,812.8235,279.8094,191.1226,0.8747
719,338,36636,645.8854,168.5268,170.8291,249.2463,0.8523
720,338,22346,126.35,224.3223,203.3962,196.6852,0.8181
721,338,25468,50.4235,789.1534,349.1806,299.648,0.7981
722,339,36636,675.3617,170.186,176.0762,256.7202,0.8557
723,339,25468,84.8043,830.9857,344.4686,301.7953,0.8397
724,339,3482,601.3465,846.6975,278.7615,186.4963,0.8363
725,339,22346,144.4443,234.8752,208.2793,198.8512,0.8219
726,340,34596,38.1213,82.8204,391.5468,466.5064,0.9276
727,340,20237,576.2104,190.5242,221.575,214.286,0.9022
728,340,27776,145.5126,776.0662,179.023,206.04,0.8401
729,340,3482,539.0358,781.3832,266.2998,225.2609,0.8272
730,341,20237,604.019,194.6615,226.8323,217.9605,0.907
731,341,34596,52.8044,114.3382,402.2359,462.2122,0.8865
732,341,3482,568.5694,816.5988,262.0171,216.5672,0.832
733,341,27776,178.2504,813.3266,174.7903,199.6169,0.7949
734,344,3482,567.4668,816.1498,262.7637,218.1377,0.8321
735,344,27776,177.3285,813.3432,175.0494,199.6063,0.7862
736,344,16261,603.0731,193.433,243.8113,230.7207,0.7734
737,344,28762,155.2286,193.4753,212.8612,201.7339,0.6127
738,345,3482,537.627,781.2624,266.6265,225.5173,0.8401
739,345,27776,144.442,776.1677,179.2392,205.7346,0.8389
740,345,16261,575.6226,187.6509,238.7073,226.7968,0.826
741,345,28762,139.0225,185.7549,206.7841,200.2564,0.6636
742,346,25366,144.0045,56.2034,337.065,497.5326,0.9497
743,346,3482,568.268,814.031,264.0742,217.4385,0.8401
744,346,27776,179.7435,812.2194,174.503,200.0962,0.8102
745,346,16231,642.0456,249.8597,188.579,183.9739,0.6696
746,347,25366,127.9414,46.0292,330.8595,481.9026,0.8685
747,347,3482,539.5315,778.3535,265.6891,223.9536,0.8452
748,347,27776,146.6618,775.1299,179.1377,205.6216,0.8383
749,347,16231,616.1721,240.5224,181.7542,182.3501,0.5478
750,349,35205,612.9068,138.3119,227.2136,404.4516,0.9488
751,349,34596,9.0412,130.3635,434.682,426.768,0.9291
752,349,3482,568.1217,813.3921,263.109,217.1619,0.8474
753,349,27776,179.0962,812.1338,175.1139,199.8342,0.8081
754,352,19551,110.4449,182.0392,326.0728,483.1768,0.8703
755,352,22361,619.0442,779.774,258.2002,425.0183,0.7699
756,352,2482,638.975,121.2224,204.1267,468.1056,0.6507
757,352,5093,136.8563,856.8008,285.8367,287.5109,0.6413
758,355,23222,542.1427,592.0592,302.3686,499.7226,0.8047
759,355,12080,69.4697,129.2014,229.2091,433.0547,0.7947
760,355,2482,55.9986,697.6515,246.4335,480.9967,0.6066
761,356,23222,94.7676,114.1311,303.1942,498.2034,0.893
762,356,12080,642.075,686.2699,234.0586,455.1321,0.7352
763,356,2482,630.952,27.4173,236.462,484.9828,0.6857
764,356,5093,106.0204,799.8673,277.8611,276.0642,0.5272
765,359,3482,564.6903,815.3032,263.2329,216.8892,0.8374
766,359,27776,175.4652,809.6114,176.1583,200.8577,0.81
767,359,29666,630.768,163.6283,223.3057,215.5326,0.7431
768,359,31884,79.3947,48.1454,366.8046,523.562,0.7312
769,361,18146,209.4768,166.4244,214.1071,412.9406,0.8949
770,361,16261,642.9782,287.5804,244.6394,235.4603,0.8413
771,361,3350,429.1638,881.7341,189.4536,190.0271,0.8162
772,364,35205,100.1917,258.709,351.4639,318.4752,0.9166
773,364,3350,408.174,855.3456,189.1484,192.2705,0.8219
774,364,32309,583.0022,167.1053,248.8916,342.298,0.4336
775,372,34596,14.3909,137.4713,448.642,417.0265,0.9349
776,372,3482,602.339,846.292,278.2392,185.467,0.8515
777,372,16261,571.4463,194.2078,246.0099,232.0082,0.8089
778,372,25468,49.1519,858.287,375.3072,217.2041,0.7651
779,374,3482,646.69,754.4364,212.2606,269.0349,0.9403
780,374,20876,71.7364,797.7727,325.8631,243.3022,0.9219
781,374,25366,101.9739,34.7703,407.3195,465.6134,0.8281
782,374,29666,624.9655,185.1596,224.6026,215.5022,0.7153
783,379,31862,137.0576,313.9746,207.1462,207.6206,0.9497
784,379,16687,449.6092,163.7841,496.7268,473.9226,0.8532
785,379,3350,466.0794,858.7543,188.982,191.8445,0.7553
786,380,31862,598.013,714.899,209.6312,214.862,0.8908
787,380,16687,2.9192,556.3954,491.2226,511.2008,0.8787
788,380,3350,284.2312,179.989,187.5804,190.2827,0.849
789,382,2482,597.1461,115.2041,285.8298,441.2241,0.8208
790,382,5885,612.1132,698.4196,235.1262,506.3118,0.7667
791,382,3742,74.4938,811.5995,331.3943,331.1636,0.7059
792,384,2482,610.6991,72.3089,275.9068,463.024,0.8022
793,384,3742,74.7172,799.3978,324.7567,320.2134,0.7504
794,384,5885,598.9175,699.1728,243.6797,489.835,0.7143
795,384,12777,87.6934,90.9186,392.7217,457.6225,0.4396
796,387,3482,131.524,288.8582,276.6321,172.8997,0.9272
797,387,27652,667.533,254.6251,222.3369,199.1762,0.831
798,387,31884,502.2761,652.077,414.7756,516.136,0.8177
799,387,20237,133.9528,866.7618,231.1582,227.2715,0.6966
800,389,3482,625.1981,718.075,209.6322,272.1765,0.949
801,389,20876,87.2376,725.8484,329.3056,240.0835,0.8793
802,389,34596,28.829,125.9564,438.357,422.6311,0.8759
803,389,16261,600.1297,186.1884,239.8296,228.3828,0.8267
804,390,3482,650.6006,750.3501,211.0875,268.4863,0.9447
805,390,34596,43.4094,151.7113,446.8688,421.4664,0.9404
806,390,20876,118.7427,768.529,326.8234,229.7483,0.934
807,390,16261,629.1316,192.1703,243.6958,231.3216,0.7957
808,392,1899,186.853,271.6465,204.2535,138.8904,0.8724
809,392,21025,684.0973,274.3071,178.7809,173.0311,0.863
810,392,33207,655.3656,899.9896,219.0498,210.8798,0.7446
811,392,16550,108.5029,704.6377,296.5392,492.9174,0.4575
812,393,1899,581.3247,866.7685,213.9097,143.3165,0.8845
813,393,21025,91.5283,831.2644,181.9624,180.0518,0.8108
814,393,16550,558.946,49.8224,278.3318,464.9411,0.7549
815,393,33207,111.883,161.8112,203.4847,194.4842,0.7287
816,394,3482,124.574,271.1154,274.843,189.6454,0.8905
817,394,28762,604.3158,855.7289,224.271,213.3882,0.8416
818,394,25468,571.8358,229.608,368.1524,218.841,0.8079
819,394,20237,139.3621,848.7679,231.1048,226.0932,0.7972
820,395,20237,618.6002,194.1909,226.3128,218.81,0.8923
821,395,28762,172.1737,209.2587,213.3249,202.5049,0.8479
822,395,3482,602.6032,845.7136,278.1067,187.7932,0.8366
823,395,25468,49.2531,857.9911,375.0266,218.2305,0.7692
824,396,20237,589.9271,189.6488,221.429,214.2016,0.9006
825,396,3482,576.331,811.3812,279.2456,192.0151,0.8595
826,396,28762,153.8658,200.2558,210.7146,200.0703,0.8527
827,396,25468,12.8656,810.6374,383.7265,223.3726,0.8245
828,400,1899,132.5375,244.5033,195.4272,156.4262,0.9335
829,400,33008,11.663,774.4352,371.5611,241.3372,0.8631
830,400,33207,615.0476,770.2823,211.6343,205.0913,0.657
831,400,16547,602.6703,124.5135,231.2822,224.3616,0.6462
832,401,33008,585.1474,240.5996,357.1116,238.9922,0.9141
833,401,1899,641.0976,857.744,206.5906,166.8589,0.9123
834,401,33207,151.8608,296.9277,206.144,191.9891,0.752
835,401,16547,111.3613,898.6278,242.2192,239.3044,0.531
836,404,18146,15.9698,589.411,286.2972,416.6262,0.9529
837,404,3350,356.5717,144.3239,185.9276,190.0016,0.8723
838,404,35205,435.6663,700.8168,418.4895,231.3335,0.6736
839,409,1899,134.7102,241.7481,189.28,167.1494,0.9199
840,409,33008,516.0524,793.5862,385.4531,208.4194,0.8579
841,409,16550,7.4002,728.3166,468.8598,322.986,0.6864
842,411,33008,84.7698,256.0372,369.7121,206.9725,0.925
843,411,1899,645.8238,853.1442,200.2977,177.1638,0.9025
844,411,16550,494.9087,198.964,455.2063,312.1987,0.5383
845,412,19551,111.4218,183.6939,313.7312,503.8004,0.8126
846,412,12080,648.0888,691.3144,247.0794,467.6574,0.7684
847,412,5093,107.1793,809.6822,284.3078,288.606,0.7191
848,412,2482,621.9666,69.9388,229.2847,466.5322,0.6224
849,413,19551,111.8835,157.075,309.8704,501.3938,0.8354
850,413,12080,641.8266,684.987,234.0527,456.9234,0.7516
851,413,2482,630.3155,29.2689,238.3298,483.0078,0.688
852,413,5093,106.353,799.5516,277.8521,275.8501,0.6108
853,414,19551,515.4096,544.2702,311.5656,503.3047,0.903
854,414,12080,69.0317,128.6338,229.2598,432.7298,0.7911
855,414,2482,53.6142,697.9607,251.9636,479.4436,0.6216
856,415,3482,600.4669,868.9939,258.6006,228.4128,0.8382
857,415,19860,125.3071,862.9426,223.8339,169.6047,0.8323
858,415,16261,637.6392,177.1899,244.3855,231.0038,0.7755
859,415,31884,95.8902,93.0796,331.9306,538.3778,0.7721
860,416,3482,572.7354,835.3162,262.0624,232.729,0.8551
861,416,16261,608.3166,173.3865,240.4824,228.3511,0.8431
862,416,19860,89.9682,826.6106,228.7233,176.4133,0.7777
863,416,31884,80.889,77.3126,319.3042,520.7682,0.7173
864,417,3482,152.5237,219.9947,245.4492,219.7418,0.9163
865,417,31884,564.6765,619.7376,340.2007,546.3038,0.8126
866,417,16261,98.6656,849.871,251.7808,242.811,0.7197
867,417,19860,638.6046,277.4205,222.112,170.2658,0.3603
868,419,25366,540.848,737.123,435.152,438.1092,0.9497
869,419,3482,122.1494,306.3367,273.039,200.8518,0.8789
870,419,27732,564.4252,260.4634,302.272,264.3873,0.8004
871,419,20237,113.4222,853.0989,231.5717,228.1095,0.7902
872,420,25366,8.2672,74.9655,426.8932,419.6748,0.9059
873,420,20237,613.8876,186.2031,220.7724,213.797,0.8991
874,420,3482,579.8878,759.1844,274.7761,210.0571,0.8683
875,420,27732,85.3458,727.0998,324.2655,282.8454,0.7943
876,422,3482,152.9204,218.9232,246.0522,220.2608,0.9161
877,422,34596,557.6884,696.6935,352.9453,518.345,0.8105
878,422,36636,96.0909,906.0894,274.2676,165.6228,0.7721
879,422,19860,640.0694,277.4164,221.6926,170.6758,0.3618
880,423,3482,570.9004,838.1399,261.1713,230.498,0.8449
881,423,19860,89.0177,825.917,228.1843,176.7938,0.7877
882,423,36636,590.5011,195.3451,259.7993,153.7786,0.784
883,423,34596,79.2122,12.3457,338.048,498.43,0.7427
884,429,34596,74.286,155.0824,484.3524,353.1913,0.9094
885,429,3482,608.444,790.7318,276.0532,206.5652,0.885
886,429,27732,131.0279,772.5187,313.8738,279.8821,0.8378
887,429,29666,667.9624,179.797,224.1157,214.0778,0.7763
888,430,33877,615.5628,795.1079,170.1786,217.6982,0.9522
889,430,3543,181.7449,198.4532,204.8961,200.0649,0.8691
890,430,16550,66.5578,611.4074,411.4861,405.054,0.7524
891,430,4542,613.4008,155.2082,200.1271,196.3683,0.746
892,431,33877,644.2899,830.6172,165.1638,212.2486,0.9743
893,431,3543,199.9576,206.6609,208.4005,201.0066,0.8766
894,431,4542,640.49,152.958,206.8557,200.8273,0.7883
895,431,16550,103.1126,658.8406,405.036,403.9768,0.7243
896,432,33877,193.7988,255.811,163.5976,214.5634,0.9324
897,432,3543,583.1236,858.7517,216.0264,211.9074,0.9078
898,432,4542,132.2797,904.3823,214.1746,212.5277,0.8598
899,432,16550,491.3657,224.897,401.041,390.791,0.6809
900,433,30307,96.6401,107.7565,349.8858,421.4522,0.9158
901,433,3482,581.242,759.6797,273.2156,208.4629,0.8707
902,433,27732,86.1591,726.4091,322.842,282.5071,0.7823
903,433,16231,619.5148,174.4066,187.2622,185.384,0.6027
904,434,30307,535.7354,695.7477,368.7756,446.3728,0.9224
905,434,3482,121.8596,306.2905,273.0843,200.4298,0.8806
906,434,27732,564.9312,260.2503,301.8838,264.7552,0.7742
907,434,16231,140.2629,890.4564,199.4905,192.6984,0.5012
908,435,30307,108.1446,119.7112,365.4471,440.744,0.9191
909,435,3482,606.7978,791.7552,275.5748,208.079,0.882
910,435,27732,123.418,766.4598,315.6846,276.8922,0.8532
911,435,16231,647.2022,183.1765,193.6384,182.1011,0.5699
912,436,20237,618.2464,194.9639,226.5404,219.3348,0.8687
913,436,3482,602.4126,845.6777,278.4408,186.4995,0.8409
914,436,31884,54.4871,136.6822,433.2404,477.4142,0.8122
915,436,25468,48.8096,858.2197,375.7219,217.0448,0.767
916,443,25437,568.379,187.5614,246.223,253.0986,0.8206
917,443,22626,534.0071,681.0011,336.6455,480.5252,0.728
918,443,4377,75.1748,98.3921,227.7617,440.9189,0.7247
919,443,2482,81.8798,672.66,247.6609,475.0202,0.6842
920,444,22626,73.7426,70.7838,336.7839,480.9108,0.9678
921,444,25437,112.5154,841.5929,256.8677,265.7908,0.8108
922,444,2482,596.6344,103.2586,251.0591,456.6198,0.7391
923,444,4377,650.4618,705.5558,225.719,470.9096,0.477
924,449,34596,45.6086,130.4191,383.2154,478.7777,0.9001
925,449,3482,586.6306,845.0677,286.2025,166.3069,0.8761
926,449,16261,621.8786,181.7219,243.7517,232.666,0.8022
927,449,27652,96.003,852.0787,222.5907,206.6832,0.7595
928,452,1899,643.0487,844.2175,189.3878,191.9165,0.8711
929,452,29450,508.4186,241.2076,413.5812,222.6757,0.8663
930,452,44198,174.441,232.8548,201.2494,262.7372,0.8555
931,452,16550,135.4548,639.7141,312.408,483.0766,0.4686
932,454,6191,496.1202,589.8208,295.4385,523.5232,0.8318
933,454,5885,124.9534,79.5608,237.5219,479.4031,0.7963
934,454,2482,101.8187,702.6016,232.941,484.937,0.6282
935,454,5093,558.4798,196.5588,273.7734,266.1182,0.5404
936,455,6191,143.3429,90.7458,294.5952,519.8786,0.863
937,455,2482,602.5454,21.1888,220.766,487.1348,0.6709
938,455,5885,584.5392,679.7959,237.7544,490.616,0.6347
939,455,5093,95.1023,793.3172,279.9384,276.7262,0.5398
940,456,6191,141.1938,124.025,294.8888,516.5308,0.8699
941,456,2482,595.8726,61.7276,207.5923,470.2828,0.661
942,456,5885,591.3999,682.787,246.0772,503.8982,0.6538
943,456,5093,95.3634,804.5466,283.8965,285.9746,0.634
944,457,6191,108.7387,152.9512,282.4109,532.6366,0.8895
945,457,13394,637.3734,674.703,224.8153,495.9552,0.8235
946,457,2482,636.315,63.3788,219.656,485.273,0.7592
947,457,5093,134.2112,832.4199,278.9266,275.6151,0.6713
948,458,6191,104.919,175.8553,288.4958,536.9476,0.8687
949,458,13394,641.2654,673.8548,241.2048,513.7104,0.7862
950,458,2482,621.5816,103.0397,232.2355,471.1574,0.7114
951,458,5093,133.419,842.9227,286.378,287.3873,0.6492
952,459,6191,548.1828,516.2235,273.6836,527.5378,0.8361
953,459,13394,76.658,72.3133,237.4851,489.6142,0.8291
954,459,5093,520.967,161.4212,272.1212,266.3878,0.6771
955,460,22361,78.8924,114.518,265.1609,394.8125,0.9204
956,460,23222,505.4977,583.672,298.5144,506.6168,0.8107
957,460,3742,488.7176,127.7394,316.1186,304.8876,0.776
958,460,2482,90.4421,656.9867,210.3278,497.19,0.3132
959,462,23222,130.7953,150.7086,295.5199,502.9236,0.8803
960,462,3742,122.0894,837.7128,335.1122,330.1906,0.8376
961,462,22361,608.6792,732.7947,270.8528,422.0876,0.7602
962,462,2482,629.3954,99.8343,201.8315,472.5572,0.6591
963,463,3482,129.8176,289.1426,278.5794,172.7589,0.9279
964,463,28762,622.4219,873.2965,222.4834,213.7507,0.8863
965,463,20237,133.3529,867.9242,230.4362,227.141,0.8305
966,463,27652,666.3768,254.1925,222.5854,199.5984,0.8249
967,464,20237,595.1933,173.01,219.5834,212.2822,0.9079
968,464,3482,561.2173,811.8905,286.8218,173.852,0.8661
969,464,27652,63.4928,810.7373,226.5667,211.127,0.8129
970,464,28762,138.0423,184.4414,207.7726,199.9946,0.7834
971,465,20237,623.9876,176.1023,224.7495,215.7957,0.8867
972,465,3482,588.0949,845.2483,285.6188,165.6082,0.8685
973,465,28762,154.3328,192.7062,214.4221,201.9247,0.8659
974,465,27652,97.4778,853.9426,224.0179,206.1294,0.771
975,468,23222,107.7293,118.4516,310.1929,500.8356,0.918
976,468,25437,154.9001,872.4254,262.2239,268.2176,0.792
977,468,22361,603.6988,746.2908,265.3918,419.6756,0.6555
978,468,2482,602.103,117.606,200.1565,465.6678,0.3162
979,469,35205,601.5008,124.555,257.2805,390.6299,0.9247
980,469,28762,150.3964,221.7746,210.1601,200.7184,0.9166
981,469,3482,608.2195,790.9812,274.5408,207.4678,0.8762
982,469,27732,124.5281,766.294,314.944,277.8872,0.8598
983,472,6562,190.5912,708.5039,217.5282,360.8986,0.9258
984,472,3543,149.7451,190.2256,207.7772,200.5928,0.8934
985,472,16547,627.976,146.7764,234.4851,227.9731,0.7691
986,472,33877,630.7018,847.8658,219.4766,138.7627,0.6599
987,474,6562,588.6752,234.0594,214.3556,340.0792,0.9269
988,474,3543,634.2014,874.5995,216.3129,214.2355,0.9119
989,474,33877,149.5003,305.5436,220.7826,149.9702,0.822
990,474,16547,117.2625,879.9867,242.4761,239.9043,0.2988
991,475,25437,126.784,825.4425,259.683,263.19,0.7683
992,475,13394,603.1558,712.6182,232.5262,515.2854,0.753
993,475,19551,85.1601,142.0012,316.0124,494.3306,0.7498
994,475,2482,597.2808,81.868,205.0298,473.8203,0.7184
995,477,25437,124.9145,812.4052,253.2547,252.822,0.8143
996,477,19551,84.2235,106.3832,315.8042,496.6189,0.7964
997,477,13394,589.5502,713.8003,235.5635,494.2185,0.7722
998,477,2482,602.915,42.5988,216.0188,485.8926,0.6266
999,479,36636,636.6537,176.5822,182.1841,244.0376,0.9072
1000,479,3482,537.4098,778.554,267.754,225.638,0.8517
1001,479,27776,145.5036,775.0581,179.4206,206.0255,0.8427
1002,479,25366,66.0364,84.4102,374.2548,468.9704,0.7865
1003,481,22626,77.4552,111.1835,304.4436,490.6696,0.9273
1004,481,13394,642.1555,675.1756,240.7832,514.3044,0.7972
1005,481,2482,623.7313,103.7007,229.5386,470.27,0.7001
1006,481,5093,133.9806,842.9172,284.3764,287.5115,0.642
1007,482,22626,552.6942,635.0906,311.1517,492.5732,0.8784
1008,482,13394,78.444,74.3749,235.5334,486.9103,0.8237
1009,482,5093,521.1916,162.0552,272.0629,266.0068,0.6498
1010,482,2482,78.6228,658.4582,219.4377,493.1928,0.3107
1011,484,16687,478.4334,123.7616,424.9494,535.2246,0.8315
1012,484,32309,24.6284,328.4388,290.6007,319.0527,0.8295
1013,484,3350,421.1088,895.1106,188.8421,190.853,0.7607
1014,485,3350,327.3027,147.0814,184.544,188.4431,0.8728
1015,485,32309,626.2516,536.3684,285.9819,339.2986,0.8666
1016,485,16687,34.5041,519.284,432.8889,592.7624,0.8519
1017,486,32309,664.7841,632.685,289.2516,343.9993,0.9423
1018,486,3350,370.566,205.0671,183.2551,182.5404,0.8753
1019,486,16687,75.9263,620.2278,430.4934,593.2063,0.8692
1020,487,3482,608.0776,791.6145,274.2276,208.322,0.8785
1021,487,27732,123.2918,765.1104,315.7786,278.6804,0.8567
1022,487,31884,93.9102,50.1818,409.5802,504.5791,0.7313
1023,487,16231,646.0468,183.9896,194.3385,179.7863,0.4973
1024,493,19606,682.3708,900.5444,164.5953,159.6514,0.9754
1025,493,1899,187.1033,292.4016,198.7477,156.6322,0.8831
1026,493,21025,683.6693,273.9643,179.2856,173.7006,0.8527
1027,493,16547,122.0001,884.2799,245.321,240.9712,0.32
1028,494,19606,135.7545,212.0824,153.6346,150.8124,0.9511
1029,494,1899,587.1743,827.719,206.6899,163.9009,0.8796
1030,494,21025,91.3129,831.414,181.9742,179.3886,0.8105
1031,494,16547,591.1098,137.9964,232.4973,224.7651,0.7155
1032,496,3831,498.2295,181.3554,374.6252,362.7695,0.9044
1033,496,3350,394.06,871.9867,189.3122,190.376,0.8199
1034,496,36636,164.955,293.8627,185.164,246.6482,0.6835
1035,497,3350,355.4426,159.4336,180.3689,183.7352,0.8656
1036,497,3831,53.0964,653.4344,390.3102,379.4849,0.8153
1037,497,36636,587.1355,669.1452,195.4297,257.8108,0.6642
1038,499,25366,527.7586,725.7426,437.6462,459.3862,0.9378
1039,499,3482,124.5461,271.3406,274.6271,189.9327,0.8916
1040,499,16261,165.8529,832.3078,251.7552,244.2291,0.8202
1041,499,25468,572.5415,230.298,368.0072,219.3797,0.8082
1042,500,3482,576.6752,812.1112,279.2224,191.6357,0.8644
1043,500,16261,545.8466,188.2475,238.9849,227.8071,0.8598
1044,500,25468,12.0657,809.336,383.6323,224.7454,0.831
1045,500,25366,35.5113,65.0415,416.7217,436.4366,0.8066
1046,501,25366,47.4756,74.5042,428.2448,443.1416,0.8898
1047,501,3482,602.0058,845.7135,278.605,186.6831,0.8468
1048,501,16261,572.7727,194.4156,243.4412,231.4368,0.8269
1049,501,25468,49.251,858.0457,375.0879,217.6221,0.7694
1050,502,30307,546.1662,728.8996,415.6192,414.9988,0.9393
1051,502,3482,124.2488,271.2912,274.9528,190.3585,0.8929
1052,502,25468,572.6522,230.3509,367.2633,219.0447,0.8127
1053,502,20237,140.1559,848.8287,231.1677,226.8071,0.7718
1054,503,30307,39.1202,103.2766,389.9416,394.3317,0.953
1055,503,20237,589.4757,190.547,221.3833,214.1288,0.9087
1056,503,3482,576.1634,811.5266,279.9028,191.939,0.8429
1057,503,25468,12.2372,808.9126,383.9996,225.2244,0.8347
1058,506,31862,82.8579,698.6731,209.1573,213.6174,0.9172
1059,506,3350,352.1508,140.0124,183.8525,189.5451,0.8628
1060,506,38161,532.3111,629.9955,197.8339,306.7754,0.8611
1061,507,3350,393.5012,197.2297,183.9255,184.1142,0.877
1062,507,38161,572.5746,727.658,194.1802,294.5447,0.8258
1063,507,31862,124.3415,784.4804,206.9922,206.3418,0.8148
1064,508,3350,419.1692,870.8405,189.9768,191.5737,0.8324
1065,508,18146,537.4525,234.3166,337.6028,358.8124,0.766
1066,508,22073,166.3653,260.8126,188.2683,189.6356,0.7497
1067,509,22073,588.7523,779.8849,190.0154,191.9976,0.979
1068,509,3350,327.6333,166.3772,186.1816,191.9533,0.8657
1069,509,18146,47.6289,606.0554,346.8514,380.6766,0.7021
1070,511,25366,572.4356,746.3025,396.4562,490.4629,0.9341
1071,511,3482,153.6118,219.4222,245.7396,219.2421,0.9207
1072,511,36636,95.7198,906.4325,274.6852,165.3142,0.758
1073,511,19860,639.622,277.8457,222.333,169.9639,0.3226
1074,515,30307,92.2724,185.6487,427.13,367.0468,0.9562
1075,515,35205,612.9652,139.0566,227.1726,403.8894,0.9455
1076,515,3482,567.9663,813.7402,263.7076,217.1308,0.8308
1077,515,27776,179.3827,811.9424,174.7798,200.0024,0.8146
1078,516,30307,478.444,701.2671,436.2336,375.0997,0.9444
1079,516,35205,138.6388,705.5364,242.6958,411.7454,0.94
1080,516,3482,172.4242,274.9588,261.1473,220.7963,0.8956
1081,516,27776,637.6888,293.4379,175.6509,196.2341,0.8358
1082,517,36636,643.2286,206.6214,191.0073,249.0972,0.8814
1083,517,3482,586.9044,845.4531,285.6166,165.4673,0.8662
1084,517,27652,96.2665,852.5482,222.5609,207.5591,0.7677
1085,517,31884,26.686,13.0869,383.8367,527.1662,0.7136
1086,518,36636,613.3094,202.4877,187.5081,242.7862,0.8984
1087,518,3482,559.1237,812.3324,287.6896,173.729,0.8703
1088,518,27652,61.7552,810.6568,224.5458,211.2254,0.8212
1089,518,31884,12.3646,8.1992,371.8064,509.6168,0.7421
1090,519,3482,131.7195,288.5073,277.4994,173.005,0.9297
1091,519,36636,150.6811,801.7454,195.944,254.5476,0.8735
1092,519,27652,668.3618,254.7606,222.7195,198.7664,0.8361
1093,519,31884,595.1754,707.725,377.6725,529.2667,0.7696
1094,520,28762,613.6872,906.4218,224.4641,213.7268,0.8993
1095,520,3482,175.8586,274.1694,260.6992,219.9255,0.8972
1096,520,27776,639.6988,294.3782,176.386,195.9729,0.8207
1097,520,29666,126.275,880.2703,231.996,228.7843,0.8079
1098,521,28762,146.7105,155.059,210.7978,198.3738,0.8601
1099,521,3482,536.5663,779.185,266.6284,225.5847,0.8411
1100,521,27776,143.5557,774.112,179.8934,204.6951,0.8313
1101,521,29666,600.9354,160.0429,220.211,215.2621,0.7527
1102,522,3482,566.2192,814.9212,262.3568,217.6411,0.834
1103,522,27776,175.7624,810.6098,176.4878,200.3541,0.8003
1104,522,28762,163.3733,159.4318,212.7922,203.3454,0.7946
1105,522,29666,631.4464,163.204,223.1326,215.5331,0.7764
1106,525,3482,122.1688,306.7158,272.6244,199.7013,0.8786
1107,525,28762,633.4184,864.4033,224.1243,214.9353,0.8292
1108,525,27732,564.2432,261.1022,302.7012,264.795,0.8111
1109,525,16231,138.9664,890.2949,200.0632,193.4255,0.5012
1110,526,30307,550.1528,706.0974,311.9788,476.627,0.9703
1111,526,3482,151.6835,219.4674,246.4758,220.9274,0.9117
1112,526,16261,98.8362,850.3685,251.9504,242.4175,0.7609
1113,526,19860,638.346,277.2911,222.0068,170.5702,0.3913
1114,527,30307,144.1589,71.0309,313.0202,468.6994,0.964
1115,527,3482,600.5248,868.1268,258.4426,229.3044,0.8389
1116,527,19860,125.8298,863.4115,222.6024,168.4639,0.8293
1117,527,16261,637.8281,177.3207,245.0803,231.1639,0.7962
1118,528,30307,126.7693,65.7926,299.2098,448.6433,0.9756
1119,528,3482,573.02,836.0928,262.2854,232.4769,0.8705
1120,528,16261,609.1725,172.7856,240.4068,227.8252,0.8507
1121,528,19860,89.997,826.6598,229.0556,176.5466,0.7809
1122,529,20237,618.2125,194.2752,226.2072,218.0994,0.901
1123,529,22346,107.1291,240.493,205.1032,197.95,0.8525
1124,529,3482,602.0725,845.7329,278.7905,186.8933,0.8401
1125,529,25468,49.2252,858.3014,375.2789,217.532,0.7688
1126,530,3482,124.5638,270.995,274.7524,189.514,0.8915
1127,530,22346,680.477,831.5885,213.1875,205.8303,0.8584
1128,530,20237,138.8968,848.9589,231.4326,227.0822,0.8244
1129,530,25468,572.0656,229.6498,367.9648,219.1837,0.8102
1130,531,20237,590.539,190.0856,220.9688,213.4517,0.9137
1131,531,3482,576.304,812.1311,279.7715,191.1467,0.8622
1132,531,25468,12.0281,809.799,384.5097,224.0181,0.8326
1133,531,22346,89.6677,230.1892,201.7942,194.5365,0.8263
1134,532,19551,116.7367,112.1857,378.6067,430.0542,0.9233
1135,532,2482,596.5944,115.6588,285.0979,439.2516,0.825
1136,532,5885,612.2658,698.0652,235.3394,507.3252,0.7756
1137,532,3742,74.9109,811.2338,330.6786,331.1318,0.6508
1138,533,19551,111.9626,71.3033,388.5254,437.1676,0.9222
1139,533,2482,610.5566,72.7415,275.95,461.7274,0.801
1140,533,3742,74.7147,799.6305,323.9822,319.8855,0.7806
1141,533,5885,598.6524,700.3432,242.4986,489.1312,0.7697
1142,534,19551,446.7512,697.6809,393.8234,435.2946,0.9569
1143,534,5885,94.6604,64.1892,243.8957,480.4035,0.8736
1144,534,2482,49.4311,679.386,283.6826,460.777,0.7235
1145,534,3742,534.9566,151.2506,316.1072,301.9177,0.5683
1146,535,36636,675.2069,170.4477,175.344,256.9756,0.8876
1147,535,3482,601.887,846.7122,278.4647,187.04,0.8268
1148,535,25468,84.778,831.1242,344.9004,300.7168,0.8225
1149,535,31884,89.1409,144.3737,402.3296,506.3452,0.7347
1150,536,36636,646.0882,168.0486,170.0286,251.5368,0.8911
1151,536,3482,573.9888,812.5584,280.9545,191.8486,0.8511
1152,536,25468,50.5069,789.2051,349.6824,299.6958,0.7872
1153,536,31884,67.3406,113.8831,400.2502,508.5114,0.7038
1154,537,36636,131.5884,828.5508,181.7602,263.166,0.9067
1155,537,3482,125.6889,271.134,273.2666,188.4584,0.8883
1156,537,25468,574.889,189.0837,327.6815,282.6436,0.8364
1157,537,31884,513.477,594.2266,406.4234,524.0522,0.7537
1158,539,3350,320.9726,132.9187,186.019,189.3981,0.8941
1159,539,20013,9.1685,669.5966,350.7287,343.0181,0.7456
1160,539,38161,592.4602,706.4358,199.0267,307.1445,0.6399
1161,540,3350,362.6878,188.9264,185.1893,183.7206,0.8632
1162,540,38161,631.3496,803.2733,194.2151,297.5374,0.8018
1163,540,20013,53.9982,754.1295,345.5038,337.3054,0.701
1164,541,3482,151.9742,220.1585,246.2646,220.6082,0.9209
1165,541,31884,581.5321,654.6738,331.8552,545.5052,0.7688
1166,541,16231,145.4327,897.7418,194.6651,196.204,0.6073
1167,541,19860,638.6018,277.4193,222.0266,170.3605,0.4243
1168,542,3482,572.7754,835.3024,262.4046,232.0932,0.8629
1169,542,19860,90.4166,826.6776,228.3543,176.5889,0.7865
1170,542,31884,71.3785,40.0233,317.1426,525.6902,0.6809
1171,542,16231,618.2668,173.2072,185.655,181.4217,0.4757
1172,543,19860,126.052,863.9841,222.6608,168.1624,0.8412
1173,543,3482,600.2078,868.8701,258.5798,228.4238,0.8309
1174,543,31884,86.7194,56.8257,322.2564,527.6916,0.7854
1175,543,16231,647.7296,176.9668,189.0742,183.1117,0.5389
1176,545,3482,176.5481,273.7277,262.4583,220.6929,0.8958
1177,545,22346,662.721,861.5675,214.8064,209.8783,0.813
1178,545,29666,126.1333,879.6292,232.2142,228.6994,0.8001
1179,545,27776,639.8762,294.0622,176.7764,196.2844,0.7973
1180,546,3482,536.2512,779.9879,266.6321,225.7168,0.8422
1181,546,22346,106.8063,201.1058,202.2302,194.482,0.8386
1182,546,27776,142.6299,773.8122,179.8186,205.1272,0.828
1183,546,29666,600.8082,160.4003,221.0447,215.5746,0.7526
1184,547,3482,649.9735,751.3971,212.066,267.6038,0.9441
1185,547,20876,118.4666,769.1954,326.3762,229.7777,0.9357
1186,547,36636,633.4611,209.5361,185.0526,250.6762,0.8574
1187,547,22346,120.8917,241.9647,206.4858,198.2368,0.84
1188,548,3482,142.472,291.7086,212.3821,256.2097,0.9277
1189,548,36636,166.5462,797.7352,191.4844,256.2761,0.8886
1190,548,22346,664.2586,829.6542,212.8555,207.6057,0.8539
1191,548,20876,545.107,293.1418,326.9704,234.7818,0.8213
1192,551,3482,129.9556,289.5509,277.9864,172.6747,0.9295
1193,551,30307,542.2762,685.3144,390.9798,431.471,0.9272
1194,551,27652,667.0387,254.2414,222.5757,199.6082,0.839
1195,551,20237,133.6376,868.0054,230.9168,226.7433,0.7689
1196,552,30307,82.2863,141.6771,380.2128,425.8405,0.9498
1197,552,3482,587.615,845.1863,286.3394,165.8826,0.8606
1198,552,20237,623.5249,176.5027,225.0505,216.2667,0.8569
1199,552,27652,97.3958,852.6704,223.8447,207.4456,0.772
1200,553,34596,13.5405,68.3442,412.7123,450.2472,0.922
1201,553,3482,576.7442,811.1934,279.0368,192.2119,0.8554
1202,553,25468,12.0502,809.5042,383.6531,224.6411,0.833
1203,553,16231,604.0236,214.4629,182.9277,180.9778,0.5767
1204,555,34596,25.6953,97.1017,425.3208,444.111,0.945
1205,555,3482,602.3551,845.679,278.6704,186.9775,0.8462
1206,555,25468,49.3593,858.0901,376.0259,217.1038,0.7646
1207,555,16231,627.742,219.1086,193.1878,188.8143,0.6601
1208,560,30307,115.1645,74.2776,279.6209,477.2758,0.9667
1209,560,35205,582.6422,96.4988,288.3652,377.453,0.9372
1210,560,3482,600.165,868.4835,259.2026,228.4736,0.8363
1211,560,19860,125.719,863.2443,222.9223,169.3833,0.8346
1212,564,33008,548.7781,835.7527,374.5957,198.5703,0.9126
1213,564,1899,149.83,253.9139,196.6305,162.4946,0.9076
1214,564,16550,591.078,102.7526,296.4836,478.3674,0.5522
1215,564,21770,161.467,805.2118,189.4468,186.0364,0.4632
1216,565,12080,647.559,690.321,247.8122,469.1417,0.7771
1217,565,5093,106.8766,809.8794,285.1111,287.6755,0.7334
1218,565,2482,621.7157,70.3874,229.3058,465.1462,0.6257
1219,569,12777,534.8588,577.284,304.2334,518.4582,0.7546
1220,569,2482,89.2808,663.5493,253.6807,476.8602,0.6803
1221,569,12080,106.9006,106.9203,233.6658,432.2724,0.6335
1222,569,3742,492.2461,167.1497,314.6724,297.5836,0.5521
1223,571,1899,581.2764,867.0985,213.0662,143.1184,0.8871
1224,571,21025,90.2228,831.3376,182.2716,179.3257,0.7986
1225,571,16550,535.8076,55.303,308.1002,453.1784,0.7515
1226,571,24849,122.0591,138.5136,176.8094,281.8036,0.5452
1227,572,1899,187.9727,273.4492,204.2848,137.8467,0.8524
1228,572,21025,684.731,275.4551,179.3989,172.8363,0.8523
1229,572,16550,98.5749,715.9288,326.477,474.5188,0.5966
1230,572,24849,674.6682,827.9491,186.3677,302.3287,0.4709
1231,573,1899,605.5592,899.3374,211.8488,137.2837,0.8765
1232,573,21025,124.2208,864.2888,180.1045,177.1966,0.7548
1233,573,16550,567.1068,62.0605,315.2003,465.5542,0.6333
1234,573,24849,137.7402,141.2367,182.7898,293.7166,0.4817
1235,574,22626,94.4297,177.0212,308.467,481.801,0.8686
1236,574,3742,116.4548,825.5858,324.0773,323.3716,0.8376
1237,574,13394,633.486,674.9536,224.8088,496.0879,0.8118
1238,574,2482,669.1796,76.0353,207.353,489.2664,0.5839
1239,575,13394,80.2798,73.3486,236.9562,489.675,0.8343
1240,575,22626,532.0658,545.9194,313.6344,485.8984,0.821
1241,575,3742,494.4104,125.1283,315.5308,307.4766,0.7977
1242,575,2482,58.1126,644.2196,207.5582,489.445,0.4676
1243,576,22626,97.7965,199.2669,304.3196,490.1732,0.9276
1244,576,3742,119.1319,838.9606,330.486,330.8931,0.8192
1245,576,13394,640.8394,675.5888,236.279,514.3274,0.7915
1246,576,2482,657.2351,113.7842,215.0657,473.1144,0.6133
1247,577,1899,132.6628,246.32,195.1906,156.054,0.9253
1248,577,33008,518.2274,792.3125,385.2234,209.4124,0.8952
1249,577,19606,138.2683,787.0011,161.0567,155.2581,0.8701
1250,577,16550,537.0038,68.8777,357.1038,426.544,0.6822
1251,578,33008,85.0701,255.8913,367.6048,207.5781,0.9342
1252,578,1899,640.5684,858.6486,206.2906,166.24,0.8982
1253,578,19606,661.2746,333.3045,154.7339,150.1168,0.8196
1254,578,16550,46.0026,725.6198,385.8301,446.3148,0.6738
1255,579,1899,149.4224,255.252,199.1309,157.0966,0.9114
1256,579,19606,171.8034,821.537,158.5367,153.6255,0.9084
1257,579,33008,549.0634,835.779,373.6781,198.2085,0.9076
1258,579,16550,566.4619,77.5552,366.2825,436.3882,0.6732
1259,581,33008,85.3825,255.455,367.7936,206.7133,0.9345
1260,581,1899,644.1074,852.9946,204.119,174.3742,0.8995
1261,581,24849,643.9428,207.5185,177.8132,273.9276,0.8491
1262,581,16547,102.7218,904.987,244.3826,239.3907,0.4225
1263,583,19551,471.5032,631.6812,332.6555,492.4454,0.9111
1264,583,5885,111.0764,77.271,235.7004,479.117,0.7947
1265,583,2482,68.6367,689.5922,253.4644,471.107,0.6978
1266,583,5093,547.069,186.3189,272.0682,266.7125,0.5068
1267,584,19551,147.4605,116.0059,324.138,486.0409,0.8566
1268,584,2482,605.0878,84.1799,256.1744,460.9842,0.7728
1269,584,5093,108.9792,814.6224,284.447,286.6466,0.6449
1270,584,5885,602.8682,683.5271,247.5195,502.9592,0.6085
1271,586,28762,145.7422,198.3949,210.5806,199.3793,0.8568
1272,586,3482,576.2536,812.5744,279.3734,191.596,0.8528
1273,586,36636,646.4669,168.2228,170.1946,248.9948,0.8329
1274,586,25468,51.0921,789.0144,348.0276,300.4334,0.7856
1275,587,36636,130.6786,828.212,181.941,262.0964,0.8873
1276,587,3482,125.2882,270.9827,273.4036,187.504,0.8866
1277,587,28762,613.8294,857.7025,222.6522,214.2974,0.8554
1278,587,25468,575.0352,188.3084,326.6108,284.1239,0.8333
1279,588,36636,675.666,170.2707,175.4297,256.8854,0.8506
1280,588,3482,601.5915,846.6284,278.7166,186.9826,0.8428
1281,588,25468,85.9084,830.7658,343.5469,301.8203,0.8422
1282,588,28762,163.3436,206.4045,213.0773,203.8827,0.8078
1283,589,25366,27.6292,113.3149,353.561,494.9204,0.9339
1284,589,19860,125.7903,863.2812,222.8805,168.7561,0.839
1285,589,3482,600.3115,868.8414,258.0222,228.1638,0.8365
1286,589,16261,637.7288,177.2435,244.1013,231.6218,0.787
1287,591,25366,623.177,644.5375,352.6732,508.475,0.9657
1288,591,3482,151.8557,219.6296,246.4193,220.9053,0.9188
1289,591,16261,98.8195,850.7091,251.6404,242.185,0.7511
1290,591,19860,638.7758,278.1128,221.9382,169.7802,0.454
1291,592,3482,153.371,219.1814,246.3382,218.8375,0.9172
1292,592,28762,650.9065,901.1976,220.5737,214.5781,0.891
1293,592,29666,117.889,844.0149,232.0581,227.6677,0.8297
1294,592,19860,640.456,277.5912,221.5708,169.9713,0.3502
1295,593,28762,113.5051,158.7426,208.7198,197.7118,0.8605
1296,593,3482,571.0521,837.7158,262.2322,230.767,0.8511
1297,593,19860,88.6691,826.6251,228.5596,175.7195,0.7872
1298,593,29666,608.6901,192.6731,221.2919,216.1736,0.7236
1299,594,28762,129.8122,163.7158,213.0243,202.2616,0.8695
1300,594,3482,598.7412,869.8777,258.7132,229.3949,0.8513
1301,594,19860,123.9739,863.2594,222.1448,168.7048,0.8348
1302,594,29666,638.1668,198.7906,225.0287,215.2575,0.7547
1303,595,3350,398.0065,866.2448,191.2056,192.1196,0.8426
1304,595,16231,648.7206,288.229,191.5947,189.7363,0.5909
1305,595,32309,111.9674,218.3519,247.7648,341.2722,0.3057
1306,596,32309,578.8582,617.5478,262.3252,370.4984,0.8634
1307,596,3350,351.4372,163.1282,180.4846,184.5072,0.8565
1308,596,16231,79.8795,733.731,196.4457,197.6934,0.3836
1309,598,33879,547.6086,191.0801,309.3923,419.6236,0.9684
1310,598,36636,172.3836,333.2405,183.0229,252.8215,0.8313
1311,598,3350,402.9604,874.0267,190.3271,191.3243,0.8018
1312,600,33879,114.8496,681.2082,307.4682,435.9149,0.9454
1313,600,3350,387.7324,226.6992,183.2548,182.402,0.8416
1314,600,36636,623.8543,720.432,183.807,259.9122,0.7015
1315,601,3482,122.1846,306.901,273.129,199.9476,0.875
1316,601,31884,504.6616,637.2458,447.685,482.9607,0.8482
1317,601,16261,150.9449,802.4766,251.1067,241.4878,0.8276
1318,601,27732,564.9416,260.2166,302.1294,264.5286,0.7912
1319,602,3482,580.7758,759.0628,273.5901,209.7489,0.8634
1320,602,16261,562.0372,216.8761,239.8508,230.6866,0.8328
1321,602,31884,46.8275,117.544,432.5394,463.0353,0.7965
1322,602,27732,86.0302,726.144,323.7918,282.1966,0.7276
1323,603,3482,607.3372,791.894,274.3435,207.7827,0.8835
1324,603,27732,123.3862,766.3755,316.6218,276.8254,0.8488
1325,603,16261,590.445,226.8572,242.8042,230.2357,0.7978
1326,603,31884,57.9731,145.0526,447.1421,463.6034,0.7715
1327,605,28762,147.2417,249.2352,210.9086,201.7212,0.901
1328,605,36636,644.233,206.4686,191.1462,248.5149,0.8664
1329,605,3482,587.8965,845.0032,285.5575,166.4263,0.8487
1330,605,27652,96.6547,853.9283,224.0597,206.6359,0.7616
1331,608,33879,47.6135,605.7614,312.4467,443.4978,0.9636
1332,608,3350,340.1756,191.054,184.1434,189.6801,0.8744
1333,608,29666,589.4901,721.6903,232.1338,232.5618,0.8189
1334,610,34596,0.0,102.1123,392.79,447.0338,0.9207
1335,610,3482,557.5174,812.4448,288.2854,174.4702,0.8688
1336,610,27652,60.9905,809.5208,225.1139,211.8528,0.8177
1337,610,16231,620.8108,220.2312,187.0183,183.8497,0.6391
1338,611,3482,132.2081,289.5938,277.3922,171.765,0.9275
1339,611,34596,582.1898,652.904,393.8102,459.8476,0.9154
1340,611,27652,669.4752,254.8782,222.4717,199.5411,0.8412
1341,611,16231,142.7858,843.8032,196.2282,195.5449,0.6976
1342,612,34596,3.9905,137.3062,408.6875,438.8031,0.9351
1343,612,3482,586.0402,844.9095,284.9946,167.2323,0.87
1344,612,27652,95.478,852.5513,222.8812,206.5286,0.7727
1345,612,16231,649.3744,230.5337,191.1648,180.795,0.4384
1346,614,19231,165.4284,651.837,242.2063,357.6428,0.965
1347,614,22073,635.2912,727.5838,187.2393,192.2407,0.8789
1348,614,3350,345.8299,153.2203,185.9514,189.7244,0.8728
1349,615,19231,207.9727,753.6214,238.0534,354.9832,0.9257
1350,615,3350,389.6081,213.1648,183.8677,181.8912,0.8375
1351,616,3482,151.6766,219.5433,246.3595,220.0491,0.9149
1352,616,28762,628.6225,886.9108,224.9328,214.5039,0.8601
1353,616,16231,143.7105,896.3976,194.6732,197.6265,0.5603
1354,616,19860,638.2022,277.1556,222.9109,170.326,0.4288
1355,617,28762,148.3636,178.0245,211.7011,203.1246,0.8812
1356,617,3482,600.5896,869.1136,258.9125,229.3322,0.8473
1357,617,19860,125.7888,863.9635,222.9621,168.5836,0.8395
1358,617,16231,646.9604,176.9758,191.3052,182.8486,0.5576
1359,618,28762,131.0571,171.8058,209.7006,198.6409,0.8496
1360,618,3482,572.5348,835.9532,262.2925,232.1206,0.8491
1361,618,19860,89.7252,827.1483,229.0326,175.6126,0.7856
1362,618,16231,618.6035,173.4003,183.1355,177.337,0.4005
1363,620,22361,79.2262,74.1398,254.7246,392.7651,0.9364
1364,620,23222,548.674,641.541,296.2778,508.994,0.8153
1365,620,5093,517.4431,150.0595,272.6035,265.6903,0.4982
1366,620,2482,82.0405,640.6656,205.7723,491.011,0.3203
1367,621,23222,90.3783,62.0057,298.6487,501.484,0.9134
1368,621,22361,606.138,778.4562,255.1058,408.1527,0.6668
1369,621,2482,648.1618,82.9996,201.082,487.1842,0.6615
1370,621,5093,137.3509,846.0695,278.3668,275.8723,0.5903
1371,622,22073,612.4294,289.189,186.1676,190.9482,0.9647
1372,622,41767,128.5829,291.8637,261.2377,296.4281,0.9356
1373,622,3350,396.4414,889.7284,189.2429,191.308,0.7895
1374,623,22073,124.8299,746.3314,192.5352,195.4027,0.8819
1375,623,3350,351.0494,148.3991,185.556,190.1212,0.8772
1376,623,41767,556.1066,630.7893,265.7827,310.4018,0.856
1377,624,22073,169.0689,839.2411,186.6024,185.9927,0.8572
1378,624,3350,392.3939,207.8075,186.3843,184.4315,0.8518
1379,624,41767,593.0442,721.152,266.1063,308.2184,0.7371
1380,625,30307,501.4995,697.6111,420.1198,397.1014,0.9359
1381,625,3482,122.1455,306.3402,272.4714,200.919,0.8774
1382,625,16261,150.3242,803.0976,251.8392,241.3976,0.8063
1383,625,27732,564.1388,261.9298,301.7993,263.906,0.7838
1384,627,30307,75.2995,147.1262,400.3285,377.957,0.9584
1385,627,3482,580.5454,759.4553,274.6047,210.2549,0.8712
1386,627,16261,561.5244,217.2618,240.2285,229.8655,0.8196
1387,627,27732,85.9374,727.1223,322.4534,281.4673,0.7459
1388,628,3482,122.117,306.0962,272.338,199.6678,0.8777
1389,628,22346,676.8504,850.6938,214.3599,209.2627,0.8543
1390,628,27732,564.8029,261.5168,302.109,264.4111,0.816
1391,628,16231,139.0073,890.109,200.2016,193.7032,0.4508
1392,632,25437,550.3388,180.7032,248.2724,253.2231,0.8557
1393,632,5885,114.7179,78.8293,235.4072,480.1944,0.8129
1394,632,23222,501.4704,605.2064,297.2997,506.4606,0.7935
1395,632,2482,62.0442,665.1098,216.6288,488.1411,0.4894
1396,633,23222,134.7304,136.0772,295.4846,496.4674,0.8818
1397,633,25437,130.7267,848.402,258.762,265.8893,0.8318
1398,633,5885,601.32,681.099,243.7434,503.4352,0.5527
1399,633,2482,652.5428,97.8592,200.5204,475.6717,0.5334
1400,635,33877,616.887,795.4892,169.6515,218.313,0.9726
1401,635,3543,182.0205,197.7326,204.9891,199.7073,0.8685
1402,635,4542,612.6118,154.7031,200.7001,196.978,0.7655
1403,635,16547,69.8125,751.7076,239.6948,234.5786,0.6218
1404,636,33877,193.3348,255.8328,164.5355,213.9265,0.9348
1405,636,3543,583.1142,858.5051,216.3799,212.4436,0.9024
1406,636,4542,131.9417,903.8663,213.977,212.4046,0.8676
1407,637,2482,597.8308,115.9851,283.5171,438.3774,0.8134
1408,637,5885,612.5356,699.7548,236.4452,505.285,0.759
1409,637,3742,74.0919,811.5283,332.088,330.6258,0.6988
1410,637,6191,53.7624,198.6177,471.932,337.1633,0.6246
1411,638,2482,611.4833,71.7921,275.7327,463.9968,0.8058
1412,638,5885,599.2118,700.6644,242.389,487.9663,0.7416
1413,638,3742,74.1932,799.5785,325.197,319.9404,0.695
1414,638,6191,47.6543,161.1598,479.0744,343.8018,0.6295
1415,640,3831,483.3606,284.0722,405.8766,340.1142,0.8903
1416,640,3350,406.6719,918.2748,189.0692,192.0628,0.8153
1417,640,20237,94.9347,298.4628,228.2491,221.335,0.4906
1418,641,20237,618.4463,708.2672,232.1026,229.8742,0.9119
1419,641,3350,342.3488,125.3728,184.1855,185.6335,0.8759
1420,641,3831,43.2136,579.0292,405.164,345.7502,0.7644
1421,644,6191,501.5857,607.2714,275.0375,538.1318,0.8688
1422,644,13394,71.981,75.4413,237.4174,491.3054,0.8455
1423,644,3742,483.5224,119.9065,315.3235,306.4882,0.7815
1424,644,2482,56.0684,647.936,214.9232,486.5212,0.5211
1425,646,3482,173.9593,274.2176,261.5088,220.4822,0.9088
1426,646,36636,129.5637,827.2342,194.7738,255.9559,0.9071
1427,646,27776,638.1935,293.9559,175.8523,196.283,0.8212
1428,646,34596,399.1532,633.4632,459.8678,429.2254,0.7855
1429,647,34596,143.7593,192.4639,447.5599,410.685,0.844
1430,647,3482,566.4225,813.9319,263.0972,217.4551,0.8357
1431,647,36636,664.6264,178.0822,188.833,251.4202,0.8126
1432,647,27776,178.8409,811.788,174.6785,199.9832,0.8096
1433,648,36636,635.8388,174.8427,184.2304,247.0165,0.8973
1434,648,34596,126.6097,156.2239,440.4273,419.6226,0.8663
1435,648,3482,537.4366,778.6216,266.6562,225.1228,0.8512
1436,648,27776,145.8228,774.9306,179.2341,205.3735,0.8371
1437,650,32309,0.0,708.0171,307.4468,313.2454,0.9344
1438,650,3350,368.6952,176.5365,180.7422,185.7272,0.879
1439,652,24849,116.8669,841.4316,299.0713,169.0911,0.9529
1440,652,1899,123.8262,256.69,200.0347,150.0304,0.8954
1441,652,31704,599.1208,694.4149,254.3648,455.8018,0.8213
1442,652,16550,561.0844,66.87,290.9277,460.8222,0.5927
1443,653,24849,547.224,266.0216,290.1474,164.2873,0.926
1444,653,1899,643.7354,857.5115,213.1387,155.5083,0.8554
1445,653,31704,127.0517,127.6956,247.91,422.5584,0.793
1446,653,16550,89.7321,692.1596,312.2294,485.8886,0.4754
1447,654,1899,141.6069,266.8305,203.0781,148.8955,0.9024
1448,654,24849,150.6339,879.1577,293.728,162.3313,0.879
1449,654,31704,627.7226,732.012,249.5681,447.4232,0.779
1450,654,16550,588.7594,78.9733,298.239,466.7516,0.5272
1451,656,6562,190.562,708.8358,217.5376,360.0602,0.9044
1452,656,3543,150.1088,190.312,208.3888,200.7484,0.8917
1453,656,16550,536.5972,180.5466,417.1332,385.5436,0.6979
1454,656,33877,630.628,849.0173,219.1863,136.8866,0.5273
1455,658,29450,496.6425,818.0637,400.5759,267.5756,0.8528
1456,658,18109,78.5606,787.5304,307.8706,291.8137,0.8295
1457,658,1899,167.1727,245.8092,184.8667,184.0953,0.7662
1458,658,16550,631.4322,12.2697,286.1194,482.01,0.6121
1459,659,29450,467.1056,782.4254,404.8566,273.3257,0.8659
1460,659,18109,42.802,747.7542,311.339,299.6926,0.8422
1461,659,1899,147.7444,237.8255,183.601,182.0818,0.7568
1462,659,16550,601.8916,10.7177,279.5039,465.1836,0.5655
1463,660,1899,642.5362,845.4572,189.9619,191.7788,0.8761
1464,660,18109,609.9846,223.1474,302.7699,290.0549,0.8665
1465,660,29450,113.454,213.7477,394.506,262.2442,0.7927
1466,660,16550,60.5227,739.145,295.987,506.1458,0.2594
1467,661,31862,179.3118,303.1424,206.6038,205.2882,0.9323
1468,661,3350,377.8662,878.433,189.6273,190.8101,0.8296
1469,662,3350,369.282,160.5962,184.5134,190.2911,0.8766
1470,662,31862,555.2311,725.035,211.0808,213.119,0.8161
1471,662,16231,43.6233,743.1778,194.5022,192.2932,0.3797
1472,664,3482,140.8323,293.0525,212.9989,256.0388,0.9273
1473,664,28762,629.1314,874.3729,224.5058,213.8727,0.8888
1474,664,36636,166.7075,799.0122,190.9814,256.7158,0.8743
1475,664,20876,543.8992,292.9338,327.9614,234.8451,0.819
1476,665,3482,626.4632,716.9798,207.7718,272.1638,0.9542
1477,665,20876,87.5462,725.9801,329.8092,239.1672,0.8981
1478,665,36636,604.3346,202.23,181.7522,245.095,0.8613
1479,665,28762,132.4577,183.8013,209.3348,200.2149,0.811
1480,667,22626,20.4827,145.6764,477.2242,273.7915,0.9075
1481,667,25437,122.7777,822.311,252.4862,253.946,0.8223
1482,667,12080,646.5443,700.0121,238.5046,453.2953,0.7782
1483,667,2482,574.1157,114.0133,298.0817,455.0309,0.7102
1484,668,25437,555.9519,194.9184,247.0557,251.8904,0.8271
1485,668,12080,62.9738,117.2719,233.0506,427.6704,0.765
1486,668,2482,69.0035,651.8611,301.7025,447.8159,0.7414
1487,668,22626,436.5617,778.5757,484.5591,294.44,0.3276
1488,670,35205,135.2059,725.4394,245.455,414.6206,0.9273
1489,670,3482,123.9119,271.1835,274.7152,189.3962,0.8854
1490,670,22346,679.7472,847.0693,216.2793,207.9885,0.8613
1491,670,25468,575.0892,188.5125,325.6516,284.1586,0.8413
1492,672,35205,613.5149,118.8636,230.2134,401.5789,0.9189
1493,672,3482,601.9886,845.7949,279.1517,186.8613,0.8441
1494,672,25468,86.4841,830.6979,343.0006,301.9434,0.8416
1495,672,22346,104.6006,223.8482,207.2534,198.3423,0.813
1496,674,27925,599.5879,159.4974,255.5906,449.1584,0.907
1497,674,1899,631.9081,895.3716,211.3694,133.4409,0.8417
1498,674,16547,151.6504,890.1049,242.7126,239.8078,0.6143
1499,675,44198,551.4496,831.3667,290.9949,147.5427,0.9632
1500,675,27925,97.2383,615.3912,271.5006,481.6478,0.876
1501,675,1899,138.781,238.5516,200.5419,129.3971,0.8464
1502,675,16547,566.3408,134.1054,230.9746,226.9818,0.7822
1503,677,27925,571.7632,629.7884,259.8685,484.6427,0.9108
1504,677,1899,142.6779,239.783,196.0039,130.0929,0.8802
1505,677,18109,15.0037,692.3946,310.2281,297.7058,0.7591
1506,677,16550,613.0618,15.2431,304.4046,452.104,0.6347
1507,679,22626,128.858,154.3427,340.6091,477.8764,0.9149
1508,679,5093,105.3094,811.2806,284.7682,286.0923,0.665
1509,679,2482,609.7902,84.3814,215.5795,474.896,0.6501
1510,679,4377,597.4623,702.5864,227.4419,469.9058,0.5724
1511,680,4377,134.9221,105.9842,217.3077,440.6278,0.7257
1512,680,2482,83.4542,676.1744,235.7443,480.3172,0.6299
1513,680,22626,472.9687,605.1832,338.4744,472.3734,0.5689
1514,680,5093,550.1729,190.2393,273.1362,269.8183,0.4217
1515,681,22626,130.5982,130.6688,338.2241,466.9659,0.8462
1516,681,2482,615.1711,49.8638,223.96,484.0956,0.6629
1517,681,4377,590.8572,697.0972,218.5296,456.0076,0.5831
1518,681,5093,104.8924,800.6515,278.1034,274.6769,0.5585
1519,684,29344,578.5324,715.773,323.7644,420.511,0.9375
1520,684,18109,80.4339,763.3236,307.5994,291.1227,0.9074
1521,684,1899,181.7573,264.9322,129.714,201.8815,0.792
1522,684,16550,525.1278,82.9024,367.0654,437.3964,0.6899
1523,685,6191,92.5514,8.18,301.3577,526.3442,0.8811
1524,685,25437,119.6407,820.427,253.0865,254.4891,0.8209
1525,685,12080,644.1142,703.0659,237.3418,451.1887,0.7682
1526,685,2482,575.2606,114.3462,297.3389,456.4234,0.7038
1527,688,20237,612.8948,185.3902,221.9688,214.7919,0.8771
1528,688,3482,580.2602,759.0078,275.1683,209.7578,0.8641
1529,688,34596,100.1267,182.729,454.601,399.1812,0.8336
1530,688,27732,85.8405,726.2958,322.9986,282.5017,0.7203
1531,692,3482,131.7088,288.6478,277.5802,173.1258,0.9269
1532,692,35205,104.3711,684.8378,203.2118,418.0784,0.8755
1533,692,27652,670.0468,255.1612,221.0549,198.2933,0.8322
1534,692,22346,657.5902,836.9694,213.707,206.2842,0.8287
1535,694,19231,501.8308,237.0342,330.4335,254.1262,0.9554
1536,694,35205,150.6713,279.2712,262.2608,388.6359,0.924
1537,694,3350,402.3158,851.1401,189.3118,189.2329,0.7875
1538,697,38161,139.9729,260.1272,225.0932,264.3489,0.9114
1539,697,3350,403.8664,854.932,189.4726,190.9255,0.8291
1540,697,18356,600.5384,204.0138,243.5514,340.9702,0.5016
1541,698,38161,570.2119,678.0324,241.8948,284.2573,0.9371
1542,698,18356,79.8965,632.7096,247.2714,372.0962,0.9193
1543,698,3350,347.1019,174.1317,180.9187,184.9414,0.8668
1544,700,30307,75.1585,132.941,380.9438,390.539,0.9527
1545,700,3482,573.5942,835.9798,260.8589,231.606,0.843
1546,700,19860,89.7648,826.7665,228.8386,176.4919,0.7737
1547,700,16231,619.1449,173.5596,182.2283,179.2866,0.3419
1548,701,30307,90.3289,146.4202,392.8055,407.3215,0.9567
1549,701,19860,126.0738,862.8176,222.693,169.6702,0.8408
1550,701,3482,600.3242,869.0858,259.0276,227.2864,0.84
1551,701,16231,647.4148,177.4848,189.4121,182.6965,0.4892
1552,702,3482,151.7272,219.807,246.5826,220.6056,0.9106
1553,702,30307,514.4184,699.8281,400.3767,410.9827,0.5601
1554,702,16231,145.6275,898.1166,194.6282,194.8319,0.5171
1555,702,19860,638.2082,277.8852,222.5947,170.2492,0.4206
1556,705,3482,593.2358,873.047,257.4331,231.4537,0.8619
1557,705,22346,121.2467,200.3427,206.7994,197.9838,0.841
1558,705,29666,638.1718,204.0653,225.3628,215.6046,0.7988
1559,705,19860,118.2404,863.0112,222.3994,169.0862,0.7963
1560,706,2482,605.4815,86.1339,254.9827,458.9262,0.7881
1561,706,12777,66.61,117.4937,356.8215,490.482,0.7623
1562,706,5885,602.466,682.61,248.4182,505.17,0.6308
1563,706,5093,109.149,814.4438,284.0224,287.1662,0.6228
1564,707,5885,111.3061,75.0681,236.8903,481.59,0.8432
1565,707,12777,533.3902,629.6072,363.5245,490.6211,0.8403
1566,707,2482,68.9456,688.0544,253.4525,473.0384,0.6282
1567,707,5093,547.1594,186.5117,272.072,267.0652,0.5141
1568,708,12777,59.1238,82.7753,363.2301,494.4685,0.8161
1569,708,2482,615.8905,49.3807,251.7112,473.3956,0.719
1570,708,5885,596.0332,683.7566,239.5318,489.3983,0.5716
1571,708,5093,108.6236,804.105,279.2442,275.9629,0.5472
1572,710,3482,579.8745,759.2128,275.9363,210.5144,0.8696
1573,710,28762,157.939,233.9798,210.184,200.4647,0.8372
1574,710,27732,85.9137,727.8442,324.3847,280.8232,0.811
1575,710,16261,562.0554,216.6867,240.1882,230.0789,0.8045
1576,712,13394,642.7073,676.377,239.7722,511.6292,0.7829
1577,712,2482,622.6753,101.7639,230.2385,472.7184,0.6897
1578,712,5093,134.0896,842.1833,284.9415,287.8943,0.671
1579,712,12777,104.1479,113.3648,293.0036,523.369,0.5703
1580,713,13394,78.3623,73.3404,235.2688,487.6366,0.841
1581,713,12777,544.9616,591.5456,291.905,530.8212,0.7223
1582,713,5093,520.7962,161.9753,271.8342,265.3736,0.6372
1583,713,2482,79.2894,658.2894,218.2856,492.3416,0.2934
1584,714,13394,636.6784,674.735,225.887,496.113,0.8244
1585,714,2482,635.668,61.9332,220.5112,487.3216,0.746
1586,714,12777,102.6503,83.7391,293.0331,522.5836,0.6582
1587,714,5093,135.0428,832.9912,277.4657,274.8782,0.5961
1588,716,19551,98.7613,131.7574,320.9979,500.7251,0.8437
1589,716,3742,119.4604,795.32,330.9716,332.6127,0.7496
1590,716,12080,609.517,714.0117,241.8961,464.4974,0.7367
1591,716,2482,585.2158,98.9313,235.2378,477.4046,0.7108
1592,717,19551,520.9823,605.449,326.8162,496.0388,0.9039
1593,717,2482,87.985,664.8124,254.015,476.4625,0.6923
1594,717,12080,106.4345,105.828,233.8822,433.813,0.6489
1595,717,3742,492.5854,166.8986,313.9226,297.0906,0.5669
1596,719,1899,122.4683,258.0866,200.2508,149.4828,0.9125
1597,719,31704,604.6623,687.9012,256.9776,455.8448,0.7979
1598,719,16547,552.9306,181.6642,232.1008,226.0439,0.6633
1599,719,21770,89.509,810.1658,196.0026,189.1352,0.4711
1600,720,1899,646.1332,857.3235,211.9058,153.4481,0.842
1601,720,31704,119.3766,133.5888,249.527,421.4232,0.7916
1602,720,16547,165.5818,841.0664,241.6067,238.6643,0.4711
1603,720,21770,672.6432,288.594,188.2044,178.7926,0.3923
1604,721,35205,568.4548,117.5195,253.5112,382.1114,0.9387
1605,721,3482,581.067,759.4668,274.2918,207.9004,0.8602
1606,721,31884,70.1095,166.5564,445.4836,460.6804,0.8078
1607,721,27732,87.0551,726.1349,322.8771,283.5593,0.7517
1608,724,10220,578.5503,167.0907,218.3953,213.3059,0.9199
1609,724,3543,132.9846,177.8045,204.4954,199.4989,0.8895
1610,724,31704,574.0269,675.0868,256.5985,453.0891,0.6952
1611,724,16547,106.8079,736.37,237.1006,232.8186,0.6814
1612,725,10220,151.1888,873.7976,229.2618,227.0171,0.932
1613,725,3543,635.7718,885.4609,215.5122,211.2574,0.9071
1614,725,31704,146.5839,147.2554,253.0688,421.424,0.8346
1615,725,16547,618.7051,300.2858,232.6794,225.5361,0.5018
1616,726,3543,148.4855,182.8734,208.1464,201.377,0.8977
1617,726,10220,606.9091,170.7977,222.6922,216.4672,0.8775
1618,726,31704,600.9428,710.967,254.2088,444.0048,0.8222
1619,726,16547,139.7695,775.5061,234.175,226.9077,0.7559
1620,727,25366,35.7639,152.5077,412.2259,447.6072,0.9333
1621,727,3482,576.6862,811.5294,279.1555,192.0178,0.856
1622,727,25468,12.3218,809.395,384.0455,224.5856,0.8209
1623,727,16231,604.4444,213.8453,182.2768,180.4005,0.4423
1624,728,25366,54.3725,174.6352,421.5919,452.4014,0.9149
1625,728,3482,602.8021,845.582,278.3286,186.0541,0.8423
1626,728,25468,49.1996,858.4031,375.7724,216.2797,0.7624
1627,728,16231,626.7722,218.7714,194.343,189.4025,0.5798
1628,731,29870,602.808,769.9792,208.1616,224.5635,0.9306
1629,731,3543,102.2478,159.5201,204.2147,199.5997,0.9207
1630,731,4542,611.95,141.0022,202.4133,197.6144,0.7428
1631,731,16547,119.1085,768.9381,239.1442,232.211,0.6913
1632,732,3543,667.9296,898.4633,217.1411,212.962,0.8854
1633,732,4542,132.2049,916.1255,213.5018,211.5672,0.8453
1634,732,29870,168.0991,277.2945,205.3222,211.8858,0.7607
1635,732,16547,607.1505,265.3458,230.8027,222.0057,0.3583
1636,738,44198,603.67,769.5864,169.3696,285.8928,0.9329
1637,738,1899,89.4023,258.4619,200.5998,127.3169,0.8478
1638,738,31704,136.7337,643.3125,255.3487,448.5322,0.844
1639,738,16550,584.5392,88.075,291.5493,462.9947,0.5521
1640,740,19606,655.6023,272.6977,155.7651,148.4741,0.8652
1641,740,1899,643.848,830.4574,169.582,200.8275,0.8578
1642,740,31704,130.652,128.2596,246.6987,420.4131,0.8108
1643,740,16547,119.648,803.9438,240.8544,235.3413,0.2662
1644,742,6191,565.1306,538.7504,279.1559,529.19,0.8414
1645,742,25437,568.3072,186.5825,245.7019,255.6178,0.8142
1646,742,4377,78.4529,101.3314,221.8032,437.6014,0.71
1647,742,2482,80.3893,671.4573,249.068,476.4077,0.6665
1648,743,6191,93.7064,132.5673,282.6552,529.2742,0.8732
1649,743,25437,110.7839,829.6864,254.1372,254.0664,0.7752
1650,743,2482,608.5568,64.4905,245.0343,474.8139,0.7563
1651,743,4377,640.7132,701.2458,224.676,458.3718,0.6913
1652,745,3350,351.7182,891.8214,190.9973,192.2878,0.8688
1653,745,16261,661.3256,271.4161,240.6677,230.2573,0.7997
1654,747,32309,637.8708,738.2072,232.574,389.6828,0.955
1655,747,3350,437.967,192.4201,183.1063,184.1386,0.8972
1656,747,16261,60.4152,798.2733,244.8279,237.1697,0.849
1657,750,29344,583.8512,132.2201,277.1914,410.372,0.9576
1658,750,44198,173.4013,199.3932,167.7623,270.9864,0.723
1659,750,1899,684.9362,807.9818,134.0102,206.9425,0.7157
1660,750,16547,146.85,787.3717,242.3144,238.2051,0.4228
1661,752,27992,547.2998,780.7723,308.2178,238.5681,0.9977
1662,752,3543,92.336,195.7406,203.6559,200.4939,0.9216
1663,752,6562,166.979,671.7278,217.0773,364.251,0.8815
1664,752,16547,557.7994,136.9653,231.7284,225.4689,0.6825
1665,754,3350,373.8337,197.6514,184.3433,181.9337,0.8666
1666,754,29666,626.7378,761.6634,228.098,220.4946,0.8178
1667,754,3831,88.2211,654.1676,377.8914,379.1526,0.758
1668,756,3831,514.5466,252.3039,369.5415,380.1053,0.8937
1669,756,29666,126.4868,318.7927,224.2235,224.798,0.8616
1670,756,3350,417.9524,889.1262,188.5351,191.2473,0.7705
1671,758,3482,152.0759,219.3459,247.083,219.9928,0.9123
1672,758,31884,558.3772,659.7376,347.1223,544.5071,0.8161
1673,758,36636,95.5486,906.3885,274.466,165.2866,0.7732
1674,758,19860,640.053,278.1468,221.715,169.6215,0.3947
1675,759,3482,570.5068,836.7482,262.4021,230.7085,0.8451
1676,759,31884,73.8082,31.754,333.2002,528.8022,0.8187
1677,759,36636,590.8871,195.516,259.582,154.1037,0.789
1678,759,19860,88.6697,826.0653,228.7829,176.8214,0.7871
1679,760,29344,86.6826,707.1653,295.1727,447.2906,0.9508
1680,760,1899,159.6261,257.8094,128.7532,199.582,0.769
1681,760,33207,654.893,803.6728,215.2724,205.7063,0.7246
1682,760,16547,580.386,202.006,234.647,226.1116,0.689
1683,761,29344,127.2098,748.2765,283.4599,441.811,0.9718
1684,761,1899,178.4446,266.6302,129.8293,202.0192,0.795
1685,761,16547,609.6952,210.3784,237.9936,227.2709,0.7549
1686,761,33207,684.7528,834.664,210.1343,201.5626,0.6647
1687,763,3482,122.0704,306.9522,272.9138,200.7019,0.8828
1688,763,31884,504.3554,641.3773,449.7344,485.5014,0.868
1689,763,27732,565.6195,261.0462,300.793,262.9112,0.8127
1690,763,20237,113.4017,852.5985,231.5133,228.0864,0.7746
1691,764,3482,607.4926,791.7028,274.8363,208.6596,0.8876
1692,764,20237,642.5556,189.8998,226.8567,217.5491,0.8787
1693,764,27732,123.6041,766.5178,316.1167,276.4678,0.8551
1694,764,31884,58.2861,144.3522,451.6565,459.3928,0.8035
1695,766,3482,143.2998,291.6329,211.5326,255.4486,0.9277
1696,766,34596,563.7677,729.0384,411.4093,476.5475,0.9118
1697,766,36636,166.6494,797.6994,191.8301,256.5812,0.8797
1698,766,20876,545.1352,294.0058,327.0405,234.2495,0.8223
1699,768,3482,624.6681,717.7563,209.8323,273.7395,0.9494
1700,768,34596,9.1274,13.9673,398.825,464.0074,0.9212
1701,768,20876,86.72,725.7862,330.4885,240.1624,0.8838
1702,768,36636,603.1646,203.1198,182.9226,246.577,0.8726
1703,772,1899,102.8597,268.7104,204.7916,125.7172,0.898
1704,772,31704,173.0058,683.5886,249.1928,445.9036,0.7528
1705,772,33207,640.5215,878.415,207.9816,200.5961,0.7323
1706,772,16550,553.1238,79.5106,290.758,476.406,0.6444
1707,773,1899,87.1982,257.9135,200.6911,127.9733,0.8638
1708,773,31704,137.3046,642.5471,253.9296,449.4663,0.8505
1709,773,33207,612.792,846.5347,211.0592,205.8986,0.6481
1710,773,16550,526.746,74.0078,285.6997,462.1566,0.59
1711,778,30307,86.5506,169.1476,401.118,399.5213,0.9442
1712,778,3482,602.9516,845.4458,278.3245,186.4071,0.8383
1713,778,25468,49.0836,858.0338,376.1912,217.2551,0.7624
1714,778,16231,628.047,219.1044,193.2454,189.19,0.5707
1715,779,30307,516.8908,682.689,406.3485,406.6482,0.9269
1716,779,3482,124.5504,271.2008,274.3,189.8626,0.8917
1717,779,25468,572.2468,230.0398,367.928,219.4633,0.8093
1718,779,16231,161.4846,854.652,196.7848,192.5702,0.5026
1719,780,30307,74.7031,143.3043,386.5079,397.8718,0.9499
1720,780,3482,577.5128,811.8319,278.3491,191.6502,0.8602
1721,780,25468,12.0934,809.1054,383.38,225.3268,0.8248
1722,780,16231,603.2224,214.0844,183.6886,180.2688,0.4277
1723,782,22073,586.6408,728.7726,188.7236,193.915,0.9727
1724,782,3350,339.5736,182.9311,184.1074,190.4672,0.883
1725,782,20013,6.727,625.0716,349.0212,339.988,0.782
1726,785,25366,538.0205,690.3069,396.6975,492.2884,0.9303
1727,785,3482,131.9405,288.6958,276.7751,173.0209,0.9298
1728,785,35205,104.363,685.388,204.6974,418.5045,0.8845
1729,785,27652,669.3363,255.1361,222.8706,199.0911,0.8434
1730,787,3482,152.1418,220.0046,246.127,219.2224,0.9211
1731,787,20237,112.398,855.8802,230.8678,227.9782,0.8099
1732,787,34596,537.47,649.3435,352.9205,518.4536,0.6929
1733,787,19860,638.733,277.5382,222.158,170.6649,0.4587
1734,788,20237,615.1701,184.5417,220.5526,214.4081,0.8532
1735,788,3482,573.0694,835.5255,261.844,233.1352,0.8459
1736,788,19860,90.2296,826.6323,228.7549,176.4712,0.7879
1737,788,34596,99.5644,65.9763,339.0142,487.8028,0.69
1738,797,27992,497.432,852.6167,333.4597,164.6196,0.9995
1739,797,3543,146.7159,190.4633,203.1851,198.4647,0.8808
1740,797,4542,602.4092,188.3715,203.0317,197.0085,0.7349
1741,797,16550,43.2014,525.7676,304.5539,477.0794,0.6405
1742,798,27992,524.043,888.2723,330.0696,160.8064,0.9993
1743,798,3543,163.2157,198.6702,208.4787,199.995,0.8733
1744,798,4542,630.1714,191.1231,210.2651,200.7534,0.7233
1745,798,16550,70.0944,578.1935,308.3228,466.0427,0.5592
1746,799,20237,643.8324,188.1989,226.1274,216.8056,0.8741
1747,799,19860,126.0054,863.5582,223.2872,168.9917,0.8413
1748,799,3482,600.7677,869.1917,258.4171,228.7339,0.8394
1749,799,28762,169.9769,179.7729,214.5062,201.9331,0.743
1750,807,25366,609.3432,707.5356,316.8088,522.0891,0.955
1751,807,3482,160.0385,215.4478,244.901,220.6935,0.9168
1752,807,29666,118.3297,839.8101,231.7959,226.614,0.8122
1753,807,19860,644.3916,278.242,221.8169,170.3313,0.3661
1754,808,6562,192.9921,706.9365,218.7182,361.5759,0.8915
1755,808,3543,108.3858,207.2378,209.1326,200.4996,0.8912
1756,808,29870,631.5306,825.657,172.0616,239.4661,0.8794
1757,808,16550,611.3585,46.1139,334.3408,460.7938,0.562
1758,810,29870,604.1218,787.9428,177.2906,248.3279,0.9254
1759,810,6562,161.5194,664.9608,218.7371,364.5372,0.8972
1760,810,3543,92.8205,198.5391,204.3325,198.9169,0.8739
1761,810,16550,584.2232,43.9685,327.3206,442.964,0.6789
1762,815,20237,98.6487,711.3244,231.1228,231.0493,0.8976
1763,815,3350,362.0656,169.5752,181.628,185.3197,0.8837
1764,815,32309,522.7893,613.9378,274.6502,356.7595,0.8222
1765,817,30307,98.2375,153.4927,381.621,421.8175,0.941
1766,817,3482,585.5544,845.2302,285.577,166.303,0.86
1767,817,27652,95.8574,852.7218,222.3215,206.5156,0.7761
1768,817,16231,649.4344,229.5684,191.2627,181.3898,0.4086
1769,818,30307,531.4743,675.7188,382.4885,424.1571,0.9429
1770,818,3482,131.9621,288.7541,277.534,172.7163,0.9312
1771,818,27652,669.4444,255.1156,222.1597,199.0425,0.8364
1772,818,16231,142.3366,844.5315,196.9182,194.125,0.6872
1773,819,30307,83.7866,136.5683,370.3795,412.9756,0.9456
1774,819,3482,559.1865,811.7584,286.5078,174.7756,0.8599
1775,819,27652,61.5937,809.799,225.3392,211.7336,0.8194
1776,819,16231,621.6972,220.1946,185.8237,183.7916,0.6103
1777,820,19551,484.321,641.4165,336.5708,487.8783,0.9225
1778,820,4377,130.2486,107.416,227.2589,435.4082,0.7965
1779,820,3742,482.0596,149.3705,313.5387,302.8562,0.7455
1780,820,2482,92.554,690.0659,217.4899,489.518,0.5048
1781,822,19551,121.8889,108.4048,335.6662,484.2372,0.8465
1782,822,3742,130.7673,811.1543,332.6544,332.6916,0.7888
1783,822,4377,593.6383,703.6925,237.1386,468.0246,0.7086
1784,822,2482,622.3144,71.5996,191.9873,467.9008,0.5552
1785,826,18146,534.8114,320.3496,307.8478,385.6067,0.9521
1786,826,3350,408.5665,862.4343,188.8211,190.7792,0.7826
1787,826,38161,177.3798,202.4576,251.1719,259.6395,0.7193
1788,828,38161,551.9833,863.5922,247.7261,252.79,0.9374
1789,828,18146,124.1853,574.4928,313.9664,409.6248,0.9252
1790,828,3350,382.341,237.5006,184.443,182.1222,0.8488
1791,829,36636,637.2356,175.0463,182.1454,245.1601,0.8921
1792,829,28762,97.2516,168.4256,209.1433,200.7667,0.8736
1793,829,3482,537.8358,778.4074,267.0657,224.5569,0.8524
1794,829,27776,145.6093,775.2014,179.1568,205.6185,0.8365
1795,830,3482,173.828,275.0578,261.6455,219.7836,0.8989
1796,830,36636,128.8946,827.7406,194.572,255.8276,0.8978
1797,830,27776,638.2636,292.9504,175.6538,196.2492,0.8439
1798,830,28762,662.7656,890.5157,226.4558,214.6205,0.8144
1799,831,28762,114.1168,175.5598,211.8601,202.1848,0.8848
1800,831,36636,666.2624,178.5687,187.9751,249.0604,0.8387
1801,831,3482,567.6814,813.7508,262.6154,217.4993,0.832
1802,831,27776,178.5292,812.6499,175.2362,199.3153,0.797
1803,832,1899,623.8628,888.3662,207.2317,139.1882,0.87
1804,832,16547,608.1509,162.8295,234.9271,224.9109,0.7451
1805,832,21025,137.3377,867.0858,180.3089,177.9199,0.721
1806,832,18109,58.6264,125.4867,305.4147,286.5374,0.6616
1807,838,27925,92.8478,615.1966,271.5186,481.3335,0.8896
1808,838,1899,143.2107,240.1225,196.4739,130.192,0.847
1809,838,33207,587.3135,800.4573,215.4841,204.2981,0.7291
1810,838,16547,593.2575,161.926,230.8322,225.4798,0.7202
1811,842,34596,469.2242,669.5252,464.4099,423.1884,0.8947
1812,842,3482,122.0125,307.5761,272.0302,198.8564,0.8712
1813,842,16261,150.442,802.4628,252.056,241.7664,0.8102
1814,842,27732,563.9755,261.3332,302.7108,264.9278,0.7838
1815,851,22626,108.9443,153.8704,306.1264,488.274,0.9209
1816,851,3742,122.3766,837.7048,334.3122,330.3728,0.8491
1817,851,22361,608.8802,732.8109,270.0608,421.6864,0.7821
1818,851,2482,630.4952,98.382,199.8196,474.9594,0.6731
1819,855,3742,131.0852,811.2166,332.7681,332.7438,0.7791
1820,855,12777,80.9632,135.857,320.6423,522.8418,0.7228
1821,855,4377,593.8589,703.6368,238.1305,468.5996,0.6963
1822,855,2482,621.3648,72.0752,193.9526,468.41,0.5249
1823,857,31862,573.9447,746.2662,211.2267,213.0203,0.9246
1824,857,3350,338.8856,133.6787,182.9502,188.5748,0.8731
1825,857,16261,91.0476,678.376,251.1248,245.3336,0.8601
1826,858,3350,381.0941,190.2624,182.6818,183.2976,0.8662
1827,858,16261,134.5624,769.016,244.3509,239.7038,0.8595
1828,858,31862,613.3069,835.5612,206.9431,205.3579,0.7671
1829,861,19551,68.8762,98.2304,345.6893,465.1258,0.8874
1830,861,12080,654.2824,705.285,251.4829,465.0862,0.7774
1831,861,25437,125.1782,832.8384,258.8372,265.5598,0.776
1832,861,2482,565.2737,149.0318,303.6483,438.375,0.6928
1833,862,34596,78.3225,132.5102,446.0265,417.9839,0.8993
1834,862,36636,674.534,170.084,175.4899,257.3209,0.8514
1835,862,3482,601.2904,846.7948,279.0073,186.8223,0.8417
1836,862,25468,86.1172,830.7968,342.7189,301.2146,0.8363
1837,864,34596,62.6766,101.5699,438.1725,422.7122,0.889
1838,864,3482,575.1678,812.2654,280.2622,192.0469,0.86
1839,864,36636,645.6434,167.6073,170.8171,252.1848,0.857
1840,864,25468,51.1015,788.5214,349.1242,300.2612,0.7875
1841,866,16687,31.0737,520.3135,433.7094,587.374,0.913
1842,866,3350,305.7846,173.5527,184.8394,188.7869,0.8895
1843,867,16687,72.7963,626.3492,433.2776,585.9684,0.9147
1844,867,3350,348.5165,233.7149,182.8342,182.9442,0.8613
1845,868,3482,585.9184,845.3,285.3435,166.3429,0.8743
1846,868,31884,33.8372,54.5336,409.1151,512.2582,0.7898
1847,868,27652,95.0932,852.9071,224.707,206.5389,0.7568
1848,868,16231,649.8912,229.9972,190.6035,180.5416,0.4961
1849,869,3482,559.2555,812.1388,287.2473,175.3352,0.8657
1850,869,27652,60.8682,809.5964,225.7563,211.5002,0.8241
1851,869,31884,21.1012,38.0716,395.4829,502.8692,0.7928
1852,869,16231,620.9588,220.2022,187.1791,184.3389,0.618
1853,870,3482,132.3647,288.2755,277.5562,173.2685,0.9232
1854,870,27652,669.5659,254.8266,222.5252,199.2178,0.8354
1855,870,31884,567.9308,672.0011,405.5562,523.5656,0.7867
1856,870,16231,142.9138,844.1093,196.4748,194.4805,0.6775
1857,873,18146,619.2094,672.518,284.1648,417.6456,0.932
1858,873,16687,71.7038,626.1092,435.041,586.9996,0.9056
1859,873,3350,344.3812,225.565,183.9668,183.5315,0.8604
1860,874,3482,625.1665,717.2599,209.1169,271.4388,0.9546
1861,874,20876,87.9648,726.2433,329.0978,239.1847,0.8993
1862,874,31884,149.5885,159.2282,426.9288,469.6396,0.8556
1863,874,16231,626.3021,219.2445,189.1123,184.2956,0.571
1864,875,3482,650.8974,749.2478,210.3407,268.5337,0.9465
1865,875,20876,120.0042,767.463,326.3605,230.225,0.9337
1866,875,31884,167.8314,185.3599,438.2722,472.9074,0.8281
1867,875,16231,655.8849,230.173,190.6016,179.6177,0.3318
1868,878,36636,643.4682,206.0644,190.9961,249.4736,0.8846
1869,878,3482,587.9008,845.3617,285.445,165.3928,0.8713
1870,878,34596,74.648,123.3278,340.8237,497.1064,0.8017
1871,878,27652,96.4982,853.4763,223.7434,206.2727,0.7657
1872,879,36636,613.7802,202.1977,186.072,242.6552,0.8966
1873,879,3482,560.5618,811.5345,286.963,174.4257,0.867
1874,879,27652,61.6794,810.1931,226.8973,211.3816,0.8267
1875,879,34596,59.443,96.2275,335.8313,495.6524,0.6725
1876,880,13394,64.3364,80.5084,237.5612,491.669,0.8033
1877,880,23222,505.2837,606.227,307.6214,503.4356,0.7907
1878,880,5093,506.9153,159.6652,271.1602,265.3418,0.6923
1879,880,2482,73.1794,662.3744,225.9304,492.9206,0.4161
1880,882,23222,123.7944,92.5016,305.7726,505.0019,0.8804
1881,882,13394,645.5774,665.905,232.092,497.5466,0.8064
1882,882,2482,636.1421,57.5326,223.936,485.039,0.7549
1883,882,5093,148.3507,836.0635,279.3516,274.6428,0.5452
1884,883,28762,143.6257,231.0172,212.4001,204.1634,0.8452
1885,883,3482,601.9184,845.304,279.392,187.062,0.8391
1886,883,25468,49.2338,858.181,375.4897,217.627,0.7753
1887,883,16231,626.8225,218.5711,194.3457,189.4481,0.6673
1888,886,31862,163.6383,283.3334,207.4597,207.2867,0.9671
1889,886,35205,537.774,261.6248,275.3539,388.4128,0.8988
1890,886,3350,411.2294,891.843,187.7367,191.1567,0.7772
1891,888,3350,381.1943,205.703,184.2435,183.2999,0.8715
1892,888,31862,610.4808,835.8348,207.4966,204.8888,0.8199
1893,888,35205,158.6253,646.4948,268.5464,395.7229,0.736
1894,889,3482,141.5363,292.6256,212.8376,256.4958,0.9309
1895,889,28762,709.2436,888.1676,222.5074,212.9834,0.824
1896,889,20876,544.0394,293.0889,327.5386,233.96,0.8152
1897,889,16231,133.962,841.1577,197.4392,195.7593,0.5904
1898,891,3482,625.3326,717.296,209.4148,272.3744,0.9505
1899,891,20876,87.5849,726.276,329.3065,240.2666,0.8895
1900,891,28762,56.9652,171.6678,208.1973,200.5861,0.8692
1901,891,16231,624.4698,217.6392,191.2682,186.989,0.6181
1902,894,3482,624.2796,717.5721,210.125,273.5913,0.954
1903,894,20876,83.925,724.374,332.0154,241.1206,0.8943
1904,894,36636,604.2679,203.1546,181.8022,246.4381,0.8868
1905,894,25366,29.3389,25.8781,412.8547,439.5472,0.8812
1906,895,10220,584.6712,776.3538,226.1624,220.4557,0.9173
1907,895,3543,93.035,221.5052,205.0615,198.9262,0.8844
1908,895,16550,530.8656,36.8117,299.8248,460.3535,0.6807
1909,895,21025,99.159,819.9707,182.9444,179.4441,0.6432
1910,896,10220,612.9485,812.3397,222.9762,215.9751,0.9561
1911,896,3543,109.1177,232.3488,209.1356,200.6582,0.8667
1912,896,16550,559.8808,45.3477,308.8454,469.09,0.6319
1913,896,21025,133.2744,853.907,180.4503,177.2411,0.4031
1914,897,10220,168.9915,274.8928,220.6581,214.8484,0.9534
1915,897,3543,674.9682,834.8038,215.8977,211.7225,0.8882
1916,897,16550,113.7906,722.1051,319.3372,487.5502,0.5767
1917,897,21025,676.9452,284.8206,176.896,172.16,0.4752
1918,898,12246,620.1504,205.4824,170.8335,186.7709,0.9889
1919,898,27925,568.2555,586.2352,262.0635,481.3961,0.9401
1920,898,3543,120.0332,171.5816,204.0325,198.6166,0.867
1921,898,16547,73.9539,778.0829,237.3695,232.8921,0.6864
1922,900,12246,648.0779,205.288,174.1172,189.7437,0.9891
1923,900,3543,136.1602,178.1729,207.7655,200.9307,0.9053
1924,900,27925,598.2688,629.5516,255.2344,475.8278,0.894
1925,900,16547,108.6571,820.6133,233.3422,228.2711,0.7383
1926,904,30307,159.9241,55.0521,288.5415,471.3476,0.9616
1927,904,3482,607.8382,791.7026,274.62,207.5403,0.8885
1928,904,20237,642.1382,189.7708,226.6477,217.4945,0.8838
1929,904,27732,123.4642,765.9948,314.9615,277.5228,0.8441
1930,906,3482,121.7442,306.348,272.8408,200.9929,0.8783
1931,906,30307,546.736,718.5472,297.8494,488.0006,0.7857
1932,906,20237,113.4364,852.7808,231.7364,228.617,0.7792
1933,906,27732,563.9016,261.8399,302.8724,264.8917,0.7526
1934,908,31862,574.4676,746.5344,210.9868,211.9514,0.9179
1935,908,3350,304.888,192.8877,183.1696,188.9462,0.8722
1936,908,20237,115.8328,714.5299,229.4141,230.1792,0.4031
1937,910,25366,514.5368,700.6942,453.2638,440.6726,0.9271
1938,910,3482,175.5438,273.8981,263.0482,221.6541,0.9047
1939,910,27776,640.0542,295.0119,175.9287,195.5209,0.8256
1940,910,29666,125.8628,879.8651,232.5081,228.5361,0.7896
1941,912,25366,30.6977,108.3271,433.0412,417.0936,0.8747
1942,912,27776,142.6689,773.7958,180.2095,204.8636,0.8392
1943,912,3482,535.9844,779.6576,266.9866,226.5105,0.8324
1944,912,29666,600.831,161.1594,219.5974,214.9468,0.7454
1945,914,13899,555.1884,707.237,204.5039,251.4302,0.9358
1946,914,3350,368.8604,123.9808,184.5479,190.2893,0.8906
1947,914,35205,40.9607,614.0985,347.169,354.4805,0.494
1948,915,13899,594.8244,797.9387,199.8597,243.0535,0.9415
1949,915,3350,412.4418,180.1494,184.2826,183.3361,0.8711
1950,915,35205,86.8787,709.3751,338.4849,347.6835,0.3937
1951,916,25366,509.2536,685.432,456.554,421.57,0.9337
1952,916,3482,121.238,306.3978,273.9408,200.615,0.8834
1953,916,27732,564.8623,260.7138,302.3507,264.7814,0.8107
1954,916,16231,140.1456,890.4957,200.0524,192.905,0.5329
1955,919,30307,492.9621,677.0224,371.4806,439.74,0.946
1956,919,3482,121.1515,307.8467,272.1975,200.6597,0.8835
1957,919,27732,562.7768,261.2441,302.5142,265.2244,0.7855
1958,919,36636,100.4647,882.0052,268.5216,179.2456,0.766
1959,920,30307,125.5326,123.5505,360.3611,423.9951,0.9423
1960,920,3482,581.5183,758.1017,275.0478,209.3554,0.8699
1961,920,27732,88.8926,726.0536,321.7361,284.9431,0.7694
1962,920,36636,592.3422,202.3604,254.5396,168.7774,0.7195
1963,923,25366,538.536,710.4109,435.2834,448.1746,0.9452
1964,923,3482,143.6318,291.4441,211.2933,257.0579,0.9292
1965,923,20876,545.489,293.7503,326.8425,235.0705,0.8183
1966,923,16261,108.5701,834.5487,251.6958,243.279,0.803
1967,925,34596,483.0506,626.5998,440.5271,452.135,0.9233
1968,925,3482,151.6479,219.5248,246.6287,220.6607,0.9126
1969,925,16231,144.5857,896.5825,196.1571,194.0574,0.5378
1970,925,19860,638.5888,277.9882,222.0549,169.934,0.3818
1971,927,34596,65.0892,140.0218,416.1683,437.598,0.9064
1972,927,3482,573.3141,836.657,261.4192,231.0679,0.8469
1973,927,19860,90.0369,827.0599,228.581,176.0299,0.7969
1974,927,16231,618.7756,173.1292,184.3159,181.8864,0.3922
1975,929,3482,577.175,811.6352,279.0228,192.116,0.8654
1976,929,25468,12.2893,809.795,384.0378,224.2975,0.8315
1977,929,31884,28.7281,39.3409,413.3848,491.2166,0.7623
1978,929,16231,605.5288,213.1984,181.5618,181.6257,0.488
1979,930,3482,124.6184,271.1352,274.8848,189.4546,0.8898
1980,930,25468,572.5846,230.2576,366.7666,218.581,0.8126
1981,930,31884,538.449,684.043,432.3504,517.6468,0.8075
1982,930,16231,163.0422,853.9994,194.9358,192.1599,0.4882
1983,931,19606,166.2869,916.8403,158.9752,155.949,0.985
1984,931,29344,576.9892,714.4939,325.1546,426.2561,0.9346
1985,931,1899,178.5084,267.165,129.3289,201.9734,0.7937
1986,931,16550,479.7398,240.8672,484.5156,266.6765,0.5228
1987,932,19606,131.0672,885.1836,162.4465,158.17,0.9897
1988,932,29344,549.9823,679.1698,330.0161,430.7302,0.9552
1989,932,1899,159.746,257.9523,128.2944,199.8168,0.748
1990,932,16550,453.6522,218.0658,479.6722,271.4854,0.6174
1991,933,19606,666.3174,250.2968,156.6763,153.9071,0.9724
1992,933,29344,116.3512,167.5924,311.0608,401.3504,0.8968
1993,933,1899,684.8854,807.5503,133.7355,207.2302,0.6961
1994,933,16550,18.6256,731.9616,495.444,283.5022,0.6111
1995,936,19551,112.6661,187.0949,317.9404,501.2478,0.8403
1996,936,25437,111.7701,841.0869,258.1564,267.9353,0.8076
1997,936,2482,596.9508,101.2824,251.456,458.3584,0.7628
1998,936,4377,651.9298,706.3052,223.0974,470.591,0.4322
1999,937,6191,120.8412,82.1307,303.8081,548.3162,0.9114
2000,937,3742,131.3534,812.4842,332.3128,332.6912,0.8099
2001,937,4377,594.0287,705.0641,237.1848,466.0058,0.72
2002,937,2482,621.6123,71.2449,194.4695,469.7052,0.5317
2003,938,6191,124.1557,70.2192,296.5211,527.7394,0.8647
2004,938,3742,130.7539,799.9644,326.1755,321.5719,0.8571
2005,938,4377,588.303,699.1853,226.3855,453.9148,0.6304
2006,938,2482,630.0225,29.5712,199.4474,486.3804,0.5995
2007,940,18146,200.6487,222.4921,221.8282,418.9485,0.8189
2008,940,3350,422.0704,899.3214,189.3562,189.8439,0.7664
2009,940,16231,642.4222,320.4699,191.0278,189.722,0.5152
2010,941,18146,517.0924,550.8566,213.6186,445.7508,0.9136
2011,941,3350,325.2209,142.8619,185.4207,188.8089,0.8758
2012,941,16231,88.25,710.2464,197.3318,194.6028,0.633
2013,942,3350,368.4416,199.7179,183.839,183.8821,0.8619
2014,942,18146,554.9428,645.6668,218.2088,442.9146,0.8414
2015,942,16231,129.6348,800.0364,195.0611,187.8862,0.474
2016,945,25366,624.1876,641.553,321.7502,517.6343,0.9499
2017,945,3482,151.9915,219.3288,246.4003,221.4037,0.9203
2018,945,20237,112.86,856.7885,229.8747,225.6981,0.837
2019,945,19860,638.2051,277.5668,222.4844,170.4028,0.4042
2020,947,3482,131.6968,288.1092,278.0898,173.4842,0.9309
2021,947,27652,670.5036,254.7272,221.0566,198.8322,0.8341
2022,947,28762,591.6246,886.7671,225.3074,213.207,0.8248
2023,947,16231,142.2197,844.4866,195.786,194.0239,0.7156
2024,948,28762,185.1037,178.8353,211.6925,201.6365,0.8944
2025,948,3482,586.2276,845.4054,285.9155,166.551,0.8568
2026,948,27652,95.2001,853.4558,224.3672,206.199,0.7638
2027,948,16231,649.4099,229.3863,192.0375,180.9691,0.4585
2028,949,30307,500.6398,723.417,420.5847,402.3972,0.9478
2029,949,3482,142.2008,292.1406,212.4862,255.8263,0.9299
2030,949,20876,544.517,293.6628,327.5166,234.2408,0.8309
2031,949,16261,108.1249,835.5348,251.872,241.7145,0.81
2032,950,30307,75.1467,117.9562,397.4754,386.0333,0.9582
2033,950,3482,625.0044,717.697,209.5093,272.7273,0.9506
2034,950,20876,87.3157,725.8853,329.0998,239.9616,0.8906
2035,950,16261,600.6299,186.9841,238.3533,227.7074,0.828
2036,951,30307,88.0861,134.6677,410.3391,393.219,0.952
2037,951,3482,650.2671,751.4403,209.9466,266.5838,0.9511
2038,951,20876,119.5792,767.5014,325.7057,230.4672,0.9318
2039,951,16261,629.4292,192.4519,243.3394,230.271,0.816
2040,952,30307,559.8811,648.8984,390.3286,429.7041,0.9403
2041,952,3482,124.3783,271.0458,274.7749,189.285,0.89
2042,952,16261,165.9377,832.6692,250.5447,243.7642,0.8193
2043,952,25468,572.8484,230.0239,366.7672,219.5126,0.8113
2044,953,30307,46.7077,160.3882,372.4185,413.9068,0.9473
2045,953,3482,576.7152,811.9186,279.3136,191.1865,0.8574
2046,953,16261,546.0648,188.6502,239.6982,227.7609,0.8435
2047,953,25468,12.5487,809.6304,383.3252,224.7383,0.8232
2048,954,30307,60.8151,181.0287,389.9682,423.5484,0.9491
2049,954,3482,602.2174,846.0724,278.8722,185.8721,0.8429
2050,954,16261,573.382,194.3746,242.4492,231.1645,0.8173
2051,954,25468,49.1852,857.9357,375.0633,216.8953,0.7665
2052,956,1899,158.2246,248.3235,202.6243,127.5812,0.92
2053,956,19606,142.0709,864.1785,158.5347,152.919,0.9183
2054,956,27925,602.2158,674.5916,250.8838,479.1904,0.9086
2055,956,16550,595.4318,0.0,308.4619,447.5891,0.5404
2056,957,27925,147.8695,142.7484,253.8732,456.3302,0.9286
2057,957,19606,689.8166,300.4474,155.1567,147.8873,0.9261
2058,957,1899,629.117,895.0276,212.1136,133.2747,0.8578
2059,957,16550,76.497,787.9328,315.1365,490.2168,0.6377
2060,962,19606,141.7038,846.9993,161.8986,157.0144,0.9683
2061,962,29450,475.3252,778.9796,402.5659,273.779,0.8898
2062,962,1899,147.2201,238.0551,182.7016,183.8328,0.629
2063,962,16550,626.2734,108.0093,279.3076,471.591,0.556
2064,966,1899,655.2716,902.7708,214.3238,147.3922,0.8937
2065,966,31704,131.3257,128.6446,246.8533,420.0357,0.8039
2066,966,18109,609.2258,215.6092,301.8064,286.7357,0.7458
2067,966,16547,125.0362,851.0884,245.1562,238.114,0.5813
2068,967,41767,125.9119,300.0094,258.7269,296.6376,0.9297
2069,967,29666,588.1112,305.6695,226.5976,224.1054,0.8198
2070,967,3350,408.3086,887.6724,186.8367,190.708,0.781
2071,968,3350,340.4154,155.4576,185.1733,189.4839,0.8775
2072,968,29666,112.3074,697.1179,231.4954,234.0901,0.7937
2073,968,41767,560.1286,620.3458,263.2354,309.2632,0.7884
2074,972,27925,572.6631,629.9964,261.1804,483.2461,0.9065
2075,972,1899,143.1752,241.1164,195.1158,129.3075,0.8779
2076,972,21770,120.4742,774.3822,199.1005,189.8705,0.7403
2077,972,16550,569.7778,12.7031,331.066,437.7462,0.6474
2078,973,29344,616.421,712.8498,279.6045,440.7254,0.9298
2079,973,1899,181.5596,265.2184,129.541,202.286,0.7867
2080,973,16550,569.5215,82.6647,308.2952,468.2003,0.6424
2081,973,21770,183.1543,881.826,192.0834,187.3384,0.2522
2082,974,29344,586.0854,674.8994,287.8505,450.7586,0.9637
2083,974,1899,162.8083,255.301,127.2371,200.416,0.7743
2084,974,21770,147.1974,847.954,197.0087,192.6716,0.6491
2085,974,16550,539.6554,73.307,300.9046,457.0562,0.6266
2086,975,29344,118.085,153.5076,271.7966,415.8179,0.9571
2087,975,1899,681.8088,806.675,133.116,209.293,0.705
2088,975,16550,103.6573,685.5868,321.2881,486.2364,0.4435
2089,975,21770,617.8628,249.7471,190.4039,183.3655,0.3537
2090,979,22073,584.4848,709.949,188.1381,193.0358,0.9916
2091,979,18356,68.7868,549.8352,289.0558,338.1872,0.9523
2092,979,3350,392.0624,157.2845,183.4756,187.7405,0.8582
2093,980,22073,171.1453,311.3626,185.2933,191.6235,0.9473
2094,980,18356,576.322,305.6783,281.5912,320.791,0.9243
2095,980,3350,354.6362,872.4634,188.2164,190.2025,0.8084
2096,980,31862,170.8597,311.8833,185.6765,191.0481,0.408
2097,982,23222,101.3551,122.8048,298.8847,500.5962,0.9264
2098,982,3742,118.8682,839.6456,330.3902,329.5592,0.8114
2099,982,13394,640.9312,676.1662,235.1443,512.8924,0.7979
2100,982,2482,657.287,115.2682,214.045,471.749,0.5861
2101,983,23222,99.983,79.793,299.0911,509.0446,0.8823
2102,983,3742,116.4858,826.8426,324.3546,322.4736,0.8242
2103,983,13394,633.2002,675.6502,224.3557,495.1252,0.8128
2104,983,2482,669.3585,74.9489,207.1926,492.8279,0.5371
2105,984,23222,538.0212,614.8119,299.6834,506.0194,0.8193
2106,984,13394,80.7312,73.3571,236.0414,488.5378,0.8097
2107,984,3742,493.5224,125.392,317.0606,308.1152,0.8002
2108,984,2482,57.8749,644.0553,207.7996,490.1374,0.461
2109,985,1899,139.1296,218.198,202.8138,151.0003,0.8694
2110,985,29450,524.0078,803.94,416.7383,233.2086,0.8644
2111,985,24849,116.799,734.7758,201.0258,287.6718,0.7987
2112,985,16547,576.773,187.099,231.0436,223.451,0.6518
2113,986,1899,632.174,897.7314,210.6057,156.8169,0.8717
2114,986,24849,641.0564,259.4994,196.6798,268.3735,0.8414
2115,986,29450,47.6448,232.1336,400.0404,228.7616,0.8121
2116,986,16547,142.311,836.0255,241.3119,238.5015,0.2772
2117,988,3482,598.7566,869.5697,258.5613,229.1926,0.8481
2118,988,22346,158.5228,182.0126,207.82,197.8993,0.8335
2119,988,19860,123.9749,863.1857,221.8149,168.9124,0.8172
2120,988,36636,619.5802,200.4263,266.2141,150.3189,0.7553
2121,989,3482,571.2655,837.0663,261.9729,231.0571,0.853
2122,989,22346,141.8498,176.2981,202.5438,195.3013,0.8332
2123,989,19860,88.603,826.1146,228.8752,176.96,0.7651
2124,989,36636,590.3228,195.13,260.1709,152.8154,0.7643
2125,990,3482,152.354,218.422,247.416,220.5565,0.9137
2126,990,22346,625.4328,886.5499,216.7398,209.4536,0.8365
2127,990,36636,94.9705,905.8538,275.4616,165.5842,0.7561
2128,990,19860,639.2306,277.767,222.8982,170.0024,0.324
2129,991,10220,584.5186,776.1941,226.6952,220.6453,0.9254
2130,991,3543,93.1684,221.2573,204.9073,199.2961,0.8831
2131,991,16547,571.2534,221.5438,232.5261,225.0647,0.7003
2132,991,21025,99.0774,820.0528,182.9852,179.71,0.6888
2133,993,10220,613.0196,812.3402,222.9617,216.186,0.9528
2134,993,3543,108.8706,232.3676,208.582,200.3736,0.8723
2135,993,16547,599.961,233.1328,236.4143,226.2116,0.7005
2136,993,21025,132.9969,853.5367,180.6322,177.5212,0.3795
2137,994,30307,506.6676,753.1836,395.6013,430.7802,0.9324
2138,994,3482,132.1687,288.711,277.1478,172.5932,0.9198
2139,994,27652,668.1208,255.2277,223.0026,198.8387,0.8401
2140,994,16261,116.7901,844.1058,252.2986,243.9924,0.7679
2141,996,30307,110.7001,75.1758,387.4724,423.8608,0.9478
2142,996,3482,586.3832,845.2014,285.6487,166.6764,0.8763
2143,996,16261,621.8209,182.1734,244.089,232.3572,0.8083
2144,996,27652,95.6282,852.8799,223.3484,206.3738,0.7576
2145,997,29450,462.1732,808.726,418.9024,225.9326,0.8506
2146,997,1899,147.1632,237.9654,182.9768,183.2294,0.6532
2147,997,21770,119.767,806.4148,197.422,188.0642,0.6453
2148,997,16550,589.3846,61.4115,280.0929,468.937,0.4998
2149,998,29450,494.111,847.1318,414.2593,220.1785,0.8943
2150,998,1899,166.9482,247.8013,183.9864,182.8231,0.7569
2151,998,16550,616.0062,70.5348,286.5054,479.7272,0.5697
2152,998,21770,157.5483,840.5883,189.7258,184.481,0.2679
2153,999,1899,642.5644,843.9485,190.1412,192.0572,0.8691
2154,999,29450,107.8187,235.1024,404.4862,221.5049,0.7782
2155,999,21770,642.5249,287.2875,188.7238,184.4955,0.556
2156,999,16550,80.3042,684.5008,294.0234,499.7326,0.2796
2157,1003,34596,38.5875,157.1581,443.69,417.7826,0.9416
2158,1003,3482,607.1891,791.734,275.6414,207.7371,0.8897
2159,1003,27732,123.1544,765.056,316.6077,278.2301,0.8509
2160,1003,16231,646.456,182.8803,194.5802,182.5304,0.5615
2161,1004,34596,510.8491,659.2782,458.6318,432.6317,0.8931
2162,1004,3482,122.406,306.7574,272.2813,200.0096,0.8792
2163,1004,27732,564.189,261.4555,302.3054,264.5632,0.7912
2164,1004,16231,139.9833,890.7034,199.8455,192.3814,0.4904
2165,1005,3482,579.9014,759.6546,275.0315,209.7363,0.8697
2166,1005,34596,23.9752,130.2548,434.8496,420.0714,0.8689
2167,1005,27732,85.7183,725.8902,323.6679,283.086,0.7533
2168,1005,16231,621.1218,173.917,186.2506,186.3135,0.6221
2169,1006,25366,44.301,175.8298,445.876,424.0799,0.9605
2170,1006,20237,618.5547,194.6445,225.9166,219.6809,0.8723
2171,1006,3482,602.2998,846.0435,278.945,186.2932,0.8342
2172,1006,25468,49.272,858.2333,375.3429,217.1649,0.7667
2173,1007,25366,30.0906,152.8564,434.0108,422.7812,0.9265
2174,1007,20237,589.282,190.5718,221.7496,213.7383,0.887
2175,1007,3482,576.5062,811.9087,279.3154,191.2874,0.8673
2176,1007,25468,12.1753,809.2488,383.4262,224.6582,0.8243
2177,1009,3482,576.6629,811.509,279.3723,191.8286,0.868
2178,1009,22346,78.1612,197.3348,201.7437,196.057,0.8488
2179,1009,16261,546.6814,188.467,239.9647,227.259,0.8325
2180,1009,25468,12.0383,809.8906,383.7834,223.9356,0.8236
2181,1010,3482,602.1418,845.7228,278.5183,187.2777,0.8464
2182,1010,22346,93.7792,205.788,206.7892,198.276,0.8328
2183,1010,16261,574.4867,194.3536,242.781,231.6466,0.805
2184,1010,25468,49.0953,858.3579,375.3107,217.8484,0.7696
2185,1012,27925,572.9319,629.6584,262.0061,484.5508,0.9049
2186,1012,1899,142.0647,241.3471,197.0866,129.4872,0.8801
2187,1012,16547,611.7442,157.8035,231.4114,224.4641,0.634
2188,1012,24849,138.2705,703.2414,186.1249,294.6754,0.4323
2189,1013,27925,145.3173,142.102,255.1219,456.2871,0.9165
2190,1013,1899,630.3739,893.7966,210.9365,132.0017,0.8546
2191,1013,24849,637.1584,275.6326,179.7978,275.8702,0.394
2192,1013,16547,105.1001,865.0601,240.4495,238.5305,0.318
2193,1014,1899,156.7322,251.0067,202.4626,125.2899,0.9142
2194,1014,27925,604.2694,674.7872,250.8721,479.1428,0.8903
2195,1014,16547,641.4578,163.8184,235.3035,225.1148,0.6084
2196,1015,30307,70.4195,124.6832,397.5899,405.444,0.9545
2197,1015,3482,651.0074,748.4695,210.9867,269.7188,0.9488
2198,1015,20876,119.6803,767.7064,326.2293,230.096,0.9324
2199,1015,35205,657.1991,173.7769,225.9365,403.0146,0.9255
2200,1016,30307,534.9306,721.2576,409.3871,416.0814,0.9416
2201,1016,3482,141.1927,293.198,212.7569,256.2529,0.9369
2202,1016,35205,97.161,669.9102,237.5569,412.4536,0.924
2203,1016,20876,544.521,293.7157,327.1156,233.664,0.835
2204,1018,30307,439.6654,741.452,472.3937,307.4524,0.9463
2205,1018,3482,121.9214,307.0687,273.1313,199.6941,0.8805
2206,1018,27732,560.7068,256.7067,301.4264,262.1532,0.8066
2207,1018,29666,87.1514,862.0217,231.4392,229.0305,0.7674
2208,1019,30307,93.5117,207.1061,464.2862,302.2035,0.9632
2209,1019,3482,607.442,792.5475,275.2261,206.5403,0.884
2210,1019,27732,129.8613,773.5819,314.3748,278.0786,0.8725
2211,1019,29666,668.7827,181.4471,223.5437,214.0118,0.7812
2212,1020,30307,76.0834,191.554,452.7354,294.8494,0.9536
2213,1020,3482,580.3279,759.6874,274.8281,208.1299,0.8727
2214,1020,27732,92.1745,732.1831,321.7777,281.7144,0.7848
2215,1020,29666,639.061,176.3234,219.4563,215.2136,0.7687
2216,1022,29450,39.5605,800.2216,418.3903,227.7982,0.8142
2217,1022,33207,583.1458,809.9372,213.9152,204.981,0.7412
2218,1022,1899,147.3295,238.8208,182.6775,182.3606,0.6658
2219,1022,16550,626.8445,22.3022,279.4529,469.0581,0.6055
2220,1023,29450,76.9722,842.9344,410.5011,220.1904,0.9081
2221,1023,1899,166.5183,247.7328,184.2816,183.4268,0.7837
2222,1023,33207,610.9218,842.5266,208.866,201.4102,0.6841
2223,1023,16550,651.2378,23.6871,291.467,487.2828,0.3769
2224,1025,3482,142.3519,291.7515,212.7122,256.5932,0.9257
2225,1025,28762,642.1427,862.0261,224.0537,212.3817,0.8534
2226,1025,16261,107.5751,835.1271,252.1818,242.9186,0.8279
2227,1025,20876,544.7462,293.6279,327.4446,233.9108,0.8217
2228,1026,3482,650.6336,750.9476,211.2342,267.577,0.9501
2229,1026,20876,119.5608,767.8852,325.8395,230.7771,0.936
2230,1026,28762,134.9492,205.1971,211.4051,202.814,0.8823
2231,1026,16261,629.993,192.417,243.4027,230.9106,0.799
2232,1027,13899,190.0345,283.8884,198.0592,235.4134,0.9697
2233,1027,3350,354.8988,883.6511,188.7715,190.8257,0.7599
2234,1028,13899,553.6526,707.4992,206.0308,249.2474,0.9466
2235,1028,3350,391.1043,156.5273,184.7085,189.5908,0.8835
2236,1028,16231,131.1191,775.9412,195.5472,193.647,0.2712
2237,1029,13899,594.0628,797.7317,199.5298,241.6487,0.9344
2238,1029,3350,435.9513,215.5874,184.5127,183.4454,0.8728
2239,1030,35205,565.7214,117.7286,256.9137,381.4496,0.9408
2240,1030,34596,45.4426,141.9896,443.4014,415.4188,0.8927
2241,1030,3482,580.237,758.8006,275.6857,209.0027,0.8716
2242,1030,27732,87.2762,726.2616,321.7758,282.4197,0.7608
2243,1034,3482,152.2372,219.5193,246.1286,220.1078,0.9218
2244,1034,28762,648.7407,882.2003,223.9905,213.616,0.8964
2245,1034,36636,95.0233,907.4669,275.3936,164.6769,0.7527
2246,1034,19860,638.6684,277.1707,222.5737,170.105,0.3774
2247,1039,28762,126.722,214.1316,213.069,202.6097,0.8835
2248,1039,3482,602.2468,845.7445,278.6692,187.2232,0.8366
2249,1039,16261,574.0454,194.212,242.3484,231.6048,0.8216
2250,1039,25468,49.415,858.3883,374.8247,217.31,0.7739
2251,1041,3482,124.4167,270.73,275.1096,190.1544,0.8906
2252,1041,28762,650.9094,851.3137,224.3332,214.3686,0.8634
2253,1041,25468,572.7079,229.6078,367.4616,219.4168,0.8086
2254,1041,16261,165.0864,833.065,251.5961,243.0399,0.7874
2255,1043,18356,50.5103,627.8096,268.9108,352.1838,0.9477
2256,1043,3350,314.5674,169.6988,182.7855,187.1216,0.8946
2257,1043,35205,511.3254,603.5628,245.9682,417.7024,0.8582
2258,1044,18356,93.9718,725.5427,265.5074,349.4114,0.9395
2259,1044,3350,354.0758,227.6978,184.3788,184.0454,0.8665
2260,1044,35205,552.6332,703.5312,235.888,408.136,0.5936
2261,1045,3482,624.3877,718.2602,210.0752,273.9718,0.9499
2262,1045,20876,41.4001,752.2136,327.8404,254.7554,0.9068
2263,1045,28762,133.4938,212.7751,209.6678,200.872,0.8269
2264,1045,29666,595.2818,177.5487,221.6323,215.8778,0.7834
2265,1046,3482,649.997,751.1068,211.4468,268.2212,0.9473
2266,1046,20876,73.1764,798.5785,327.0399,242.783,0.9165
2267,1046,28762,150.7646,222.9113,214.5194,201.4043,0.8903
2268,1046,29666,623.4693,182.423,224.748,215.5236,0.7638
2269,1047,3482,142.5715,291.607,211.8746,255.8539,0.9263
2270,1047,28762,625.7708,843.8441,223.8513,213.119,0.8749
2271,1047,20876,591.0274,261.487,323.5456,238.7305,0.8596
2272,1047,29666,132.3357,860.3987,232.8103,228.6372,0.7628
2273,1050,22626,95.644,174.5885,334.8027,469.9656,0.8132
2274,1050,22361,606.0487,778.0316,255.03,407.9354,0.7039
2275,1050,2482,649.1142,81.9298,200.1172,487.2712,0.6813
2276,1050,5093,136.287,846.7859,278.0962,275.2737,0.5984
2277,1051,4377,134.8979,106.6656,217.313,440.1088,0.736
2278,1051,23222,485.7832,660.2118,386.3381,466.4726,0.6521
2279,1051,2482,87.1123,674.8184,230.3008,483.5526,0.5944
2280,1051,5093,549.3614,191.1481,273.232,268.8928,0.4148
2281,1053,23222,77.5742,79.6267,380.6761,462.597,0.8674
2282,1053,2482,617.2571,50.2573,220.3071,483.853,0.6522
2283,1053,4377,591.1254,695.9482,218.0246,457.8082,0.567
2284,1053,5093,104.773,800.9785,278.5104,274.1892,0.3504
2285,1055,3482,573.181,767.7272,275.8308,205.724,0.8644
2286,1055,31884,62.834,27.5972,417.7218,489.9638,0.7996
2287,1055,27732,80.2938,732.3544,329.5857,269.797,0.7975
2288,1055,29666,646.7984,184.1594,221.3582,215.4839,0.725
2289,1056,3482,597.467,800.0384,280.3901,205.4497,0.8773
2290,1056,27732,116.7795,772.8041,323.9534,268.3425,0.8485
2291,1056,31884,77.999,59.2074,430.0605,480.7348,0.7601
2292,1056,29666,677.0381,189.3973,225.5724,214.5458,0.7319
2293,1057,12777,74.9487,76.0572,343.1061,506.5764,0.8097
2294,1057,25437,111.3427,829.8374,253.1309,253.8367,0.7779
2295,1057,2482,609.1625,63.4522,242.8714,472.2357,0.7579
2296,1057,4377,640.7932,702.8006,224.054,456.8632,0.6952
2297,1058,25437,112.3998,841.7922,256.7786,264.5559,0.8034
2298,1058,2482,596.8812,101.8507,251.4075,457.6334,0.7524
2299,1058,12777,79.1651,107.8496,343.5479,504.4118,0.7145
2300,1058,4377,653.5556,706.2492,221.0005,471.1527,0.4036
2301,1060,25437,556.4366,205.7079,245.934,250.5297,0.8207
2302,1060,13394,111.5949,46.0503,243.4898,485.2972,0.774
2303,1060,22626,531.9444,642.4588,352.255,470.5272,0.7454
2304,1060,2482,114.3989,677.6957,217.1982,491.5874,0.5017
2305,1064,34596,60.1612,131.951,447.7848,414.7623,0.905
2306,1064,20237,617.45,194.6272,227.2854,219.2427,0.8647
2307,1064,3482,602.859,845.8335,278.4608,186.5267,0.8431
2308,1064,25468,48.9157,858.365,376.0459,216.8574,0.7652
2309,1065,3482,124.3904,270.6082,275.1968,190.815,0.8941
2310,1065,34596,483.1608,686.1424,462.1587,434.2922,0.8692
2311,1065,25468,572.172,229.6552,367.9088,219.75,0.8149
2312,1065,20237,140.0462,848.6487,231.3448,227.1494,0.7573
2313,1067,3482,131.4662,288.8514,278.03,172.7168,0.9303
2314,1067,27652,669.3676,255.4142,222.5171,198.8683,0.8405
2315,1067,16261,117.111,844.4032,251.6322,243.7868,0.7971
2316,1067,31884,555.2984,678.0149,402.3572,522.712,0.7538
2317,1069,1899,623.2796,888.4142,206.7609,139.3638,0.8762
2318,1069,21025,136.5806,867.6353,180.2018,177.854,0.7344
2319,1069,21770,111.5203,202.8532,196.5136,187.5071,0.7117
2320,1069,16547,643.9011,163.7938,235.7297,226.998,0.6737
2321,1070,1899,174.7686,279.8582,203.7348,140.9488,0.8905
2322,1070,21025,673.641,272.1188,177.7764,172.8816,0.8818
2323,1070,21770,687.9518,884.0457,196.8165,192.0953,0.6106
2324,1070,16547,101.9381,863.5238,241.2286,239.5759,0.3579
2325,1073,36636,637.0556,176.1449,182.5437,244.9978,0.8766
2326,1073,3482,536.8094,779.2064,266.8282,224.9761,0.8386
2327,1073,22346,115.2535,198.2227,202.197,195.7407,0.8333
2328,1073,27776,143.7739,773.9822,180.1112,205.137,0.833
2329,1075,3543,102.1238,159.8475,204.7971,199.6316,0.9162
2330,1075,29870,602.2312,769.886,208.3914,225.5862,0.8912
2331,1075,4542,611.5498,141.541,202.6191,197.9455,0.7152
2332,1075,16550,89.1353,591.449,344.9526,463.4968,0.69
2333,1076,3543,667.7366,898.3909,217.0715,213.7298,0.8869
2334,1076,4542,132.0767,916.4783,213.6684,211.1734,0.8265
2335,1076,29870,167.9857,278.2207,204.697,212.5419,0.6914
2336,1076,16550,534.6964,188.8843,330.618,441.9714,0.6068
2337,1077,3543,117.4069,165.8144,207.814,202.1002,0.8813
2338,1077,29870,630.2603,805.5666,205.1189,220.1044,0.861
2339,1077,4542,640.722,140.8068,207.0387,202.6043,0.7269
2340,1077,16550,126.4332,643.2884,333.7762,455.3476,0.6855
2341,1079,3482,647.0832,754.5784,211.7161,268.9863,0.9376
2342,1079,20876,71.8165,798.4448,324.683,242.9197,0.9133
2343,1079,22346,119.3312,218.9844,205.7279,198.5815,0.8135
2344,1079,29666,625.1656,184.7336,224.8579,216.5665,0.7552
2345,1080,3482,620.3102,721.1148,210.7452,274.2014,0.9407
2346,1080,20876,39.0417,751.4932,327.1776,254.6511,0.9042
2347,1080,22346,102.4166,209.9194,202.6324,196.0289,0.8281
2348,1080,29666,595.8147,180.1729,222.4746,216.6002,0.7885
2349,1081,44198,92.2341,185.6204,256.5321,226.1138,0.9385
2350,1081,1899,611.204,898.3358,204.9788,138.531,0.8752
2351,1081,21025,124.7095,865.5492,179.8639,176.9058,0.7499
2352,1081,16550,482.5301,202.269,459.775,324.8448,0.6576
2353,1085,3482,625.196,716.6894,209.476,273.9995,0.9511
2354,1085,25366,31.6811,131.5068,439.1142,409.1265,0.9334
2355,1085,20876,87.7896,726.3216,329.4348,239.4538,0.8975
2356,1085,16231,624.8114,219.3828,190.0632,185.8049,0.5993
2357,1087,10220,622.1981,205.598,219.7576,213.0136,0.8886
2358,1087,3543,133.9459,175.5801,204.6569,199.4088,0.8814
2359,1087,31704,568.6816,675.7034,259.2888,453.2922,0.6598
2360,1087,16550,87.6846,589.2687,293.8314,483.4062,0.6386
2361,1089,10220,105.4792,833.681,229.7266,225.9466,0.9043
2362,1089,3543,633.933,887.1298,216.1931,212.2612,0.9022
2363,1089,31704,147.4642,145.4397,256.757,422.8746,0.8108
2364,1089,16550,579.0617,175.2556,296.7708,465.6252,0.6175
2365,1092,44198,133.21,243.3437,243.9532,231.5999,0.9393
2366,1092,1899,650.2728,848.3165,212.8899,160.5486,0.8591
2367,1092,33008,566.7053,213.2944,324.4678,292.7104,0.7956
2368,1093,3482,151.4707,219.2555,246.9543,220.6752,0.9168
2369,1093,34596,502.6624,692.381,459.2517,433.6665,0.8933
2370,1093,16261,98.6271,849.9536,252.0592,242.063,0.7697
2371,1093,19860,638.37,278.0739,222.6721,169.9673,0.4203
2372,1095,34596,44.7158,122.247,445.9498,416.3391,0.9156
2373,1095,3482,600.5105,869.1466,258.5638,228.2703,0.8415
2374,1095,19860,125.8417,862.871,222.8836,169.3708,0.8345
2375,1095,16261,637.1584,176.6425,244.738,231.3446,0.7976
2376,1096,27992,547.1815,781.1392,308.9005,237.7434,0.9976
2377,1096,3543,92.5405,196.272,203.832,199.5162,0.9211
2378,1096,6562,166.6409,671.6546,217.3727,363.7925,0.8909
2379,1096,16550,477.4606,115.0108,450.1252,323.4407,0.7172
2380,1097,27992,575.6825,816.0022,303.2661,228.2965,0.9984
2381,1097,3543,107.4521,205.6142,208.8238,200.3172,0.8718
2382,1097,6562,198.4394,715.4883,216.3737,359.7542,0.8467
2383,1097,16550,504.7792,126.0005,455.7382,327.6057,0.647
2384,1098,6562,580.3598,228.7618,214.6704,340.733,0.9013
2385,1098,3543,676.5412,861.5459,216.8578,211.9364,0.8739
2386,1098,16550,18.6658,784.6156,471.1422,346.0681,0.6437
2387,1098,27992,124.4089,256.2759,297.6758,228.7651,0.5048
2388,1100,36636,636.5319,176.441,183.0806,245.5548,0.905
2389,1100,3482,536.6656,779.1706,266.4778,226.1925,0.8458
2390,1100,27776,143.826,773.4945,179.6398,205.6497,0.8324
2391,1100,31884,61.2448,95.703,414.4028,496.0283,0.7239
2392,1101,36636,665.0836,179.407,188.4675,250.4709,0.8636
2393,1101,3482,565.8933,814.2213,262.0471,217.7001,0.8298
2394,1101,27776,175.8989,810.2395,176.4672,200.2727,0.8073
2395,1101,31884,77.6364,127.494,424.0486,485.673,0.7387
2396,1105,35205,601.5016,124.9522,257.0425,390.1884,0.9278
2397,1105,3482,608.1809,791.3219,275.6602,207.3749,0.8893
2398,1105,27732,124.4057,766.3977,315.4983,277.8181,0.8543
2399,1105,22346,112.2212,211.9416,205.3821,196.7158,0.8205
2400,1109,28762,140.6792,226.2346,210.8233,201.1398,0.8861
2401,1109,3482,586.3154,845.1315,286.3479,166.2478,0.8733
2402,1109,16261,622.7412,181.7116,243.4886,232.2327,0.7857
2403,1109,27652,96.2715,852.7659,224.1151,206.3188,0.7585
2404,1111,28762,116.6944,189.3276,206.4745,197.7861,0.9222
2405,1111,3482,558.3805,810.9842,287.117,176.0493,0.869
2406,1111,27652,60.4648,809.4976,226.5107,211.7781,0.8182
2407,1111,29666,603.1497,175.8343,220.9978,214.8326,0.7956
2408,1114,30307,557.037,695.3065,404.2617,421.3006,0.9444
2409,1114,3482,131.4542,289.2446,277.6806,172.3611,0.9302
2410,1114,35205,104.4268,684.9316,204.5694,418.3469,0.8871
2411,1114,27652,668.2646,254.5452,223.6267,199.3023,0.8398
2412,1115,30307,41.0408,125.4869,381.1927,402.6474,0.9455
2413,1115,35205,647.8056,143.1578,201.4973,399.9564,0.9404
2414,1115,3482,559.4858,812.4739,287.0864,174.3906,0.8637
2415,1115,27652,61.3977,809.9209,226.3246,211.5376,0.8216
2416,1116,30307,55.1481,137.2544,393.3564,420.3247,0.9532
2417,1116,35205,678.7546,150.3931,202.5374,410.0903,0.9272
2418,1116,3482,586.7822,845.4701,285.5083,166.0312,0.8708
2419,1116,27652,96.0538,852.343,221.3625,207.324,0.7692
2420,1118,29870,198.7322,240.6441,171.0988,233.7152,0.9786
2421,1118,6562,584.7336,234.7825,214.5356,340.7961,0.9319
2422,1118,3543,676.1107,859.1024,215.9414,213.3062,0.8985
2423,1118,16547,100.0133,879.7832,243.0756,241.2031,0.4152
2424,1119,3543,108.4844,207.7604,207.9401,200.0198,0.8959
2425,1119,29870,632.1948,825.857,171.8884,240.0524,0.8915
2426,1119,6562,193.1945,707.4868,218.8412,361.3151,0.8805
2427,1119,16547,644.4625,146.6304,235.8188,226.5885,0.8333
2428,1121,3482,124.8082,270.6776,274.2623,188.5837,0.886
2429,1121,28762,620.812,858.9004,220.6853,214.121,0.8442
2430,1121,25468,576.2674,190.2004,327.0701,281.2593,0.8388
2431,1121,29666,139.3401,871.2694,230.2006,227.8616,0.7585
2432,1123,25366,497.281,666.1606,442.8999,437.2894,0.9301
2433,1123,3482,122.3569,306.2246,272.626,200.8137,0.8811
2434,1123,27732,564.7044,260.5838,302.5006,265.4021,0.8285
2435,1123,16261,150.2671,802.8808,252.2586,241.4277,0.8265
2436,1125,25366,67.6296,159.6962,443.473,419.524,0.9229
2437,1125,3482,607.6294,791.861,274.3264,207.8945,0.8839
2438,1125,27732,124.0149,766.0375,315.8125,277.4495,0.8483
2439,1125,16261,589.9584,226.7019,243.5078,230.6755,0.7995
2440,1126,3482,143.8558,291.474,211.7489,255.4087,0.9245
2441,1126,31884,511.9983,732.183,460.478,474.3022,0.8459
2442,1126,16261,108.5386,834.6568,252.2708,242.2014,0.8254
2443,1126,20876,545.6836,293.5521,327.0462,234.1089,0.8155
2444,1129,3482,122.0498,306.3795,273.4805,200.4708,0.8774
2445,1129,22346,681.2757,826.2066,213.0594,206.9287,0.8543
2446,1129,20237,113.449,852.6663,230.4014,228.1084,0.8372
2447,1129,27732,564.5428,260.7832,302.8137,264.1114,0.8197
2448,1135,1899,149.5497,254.3375,197.1097,162.0736,0.9124
2449,1135,33008,549.1562,835.8025,372.7589,198.148,0.9068
2450,1135,18109,79.1037,789.1304,305.2875,291.4614,0.6166
2451,1135,16550,603.8968,55.2932,288.232,479.109,0.4833
2452,1136,33008,84.1791,256.3084,369.4406,207.3671,0.9381
2453,1136,1899,643.2013,854.8865,203.4522,173.4822,0.9117
2454,1136,18109,609.475,219.8736,302.3196,286.0197,0.5862
2455,1136,16550,88.8813,704.8686,296.893,493.4105,0.335
2456,1138,34596,30.839,83.9055,375.7842,481.4324,0.9215
2457,1138,20237,594.7,173.3732,219.5022,212.7874,0.8981
2458,1138,3482,560.976,810.9984,287.4836,173.9492,0.8651
2459,1138,27652,62.8229,810.1717,226.4772,211.3726,0.8202
2460,1140,34596,45.9501,115.0506,383.0288,476.132,0.8887
2461,1140,20237,622.8972,176.2294,225.5869,216.3153,0.8678
2462,1140,3482,588.1372,845.3401,285.3519,166.0039,0.8615
2463,1140,27652,97.5534,852.7545,223.335,207.0352,0.7714
2464,1141,23222,569.868,571.8304,301.6536,502.298,0.8319
2465,1141,25437,556.2568,194.8505,246.1772,251.2976,0.8199
2466,1141,12080,63.4649,117.4378,232.6067,427.4071,0.7538
2467,1141,2482,69.0769,649.378,299.2899,449.8764,0.7117
2468,1142,23222,62.0983,133.0397,299.2779,499.9442,0.8852
2469,1142,25437,122.1329,821.9492,253.2172,255.6289,0.8242
2470,1142,12080,645.4457,701.2168,240.4006,452.1492,0.7959
2471,1142,2482,575.9002,112.4759,296.0164,457.7116,0.705
2472,1143,23222,63.415,166.5196,299.8499,497.1494,0.9045
2473,1143,12080,655.3324,705.3136,250.2304,464.904,0.802
2474,1143,25437,125.498,832.8192,258.1641,266.373,0.7689
2475,1143,2482,567.013,148.8345,301.8818,440.3052,0.7218
2476,1144,3482,602.3398,845.5585,278.5672,186.765,0.8403
2477,1144,31884,63.3774,180.8957,427.839,477.2624,0.8152
2478,1144,16261,573.5364,194.1159,242.5161,231.9343,0.8151
2479,1144,25468,49.1045,858.2655,375.9931,216.563,0.7702
2480,1148,3350,384.717,160.7488,183.0032,190.007,0.8981
2481,1148,41767,556.2116,629.9729,265.8504,310.5064,0.8264
2482,1148,16231,144.851,729.6952,195.7214,192.4863,0.4117
2483,1149,3350,427.2937,220.8981,184.2821,183.1364,0.8662
2484,1149,41767,593.0454,721.1264,265.3442,308.3367,0.7509
2485,1149,16231,187.7481,818.1098,194.2322,191.9098,0.4386
2486,1150,34596,84.0845,54.6713,403.357,462.2046,0.918
2487,1150,3482,565.5216,815.0497,262.6566,216.7912,0.8393
2488,1150,27776,175.5252,810.3592,176.2428,200.436,0.8033
2489,1150,29666,630.4552,163.6564,223.7826,215.5872,0.7372
2490,1153,3482,600.5672,868.8184,257.8696,228.7544,0.8349
2491,1153,19860,125.8962,864.058,222.847,167.8828,0.8251
2492,1153,22346,145.4488,209.3031,206.2815,197.7361,0.8193
2493,1153,16231,647.5001,177.2843,190.6237,182.4487,0.5166
2494,1154,3482,573.489,836.9967,262.5508,231.4534,0.8629
2495,1154,22346,126.8564,201.2022,203.1637,195.5378,0.8409
2496,1154,19860,90.0388,826.8264,228.5782,176.4501,0.7816
2497,1154,16231,617.2544,171.662,186.5947,181.1807,0.431
2498,1155,3482,151.686,219.8452,246.6632,219.7034,0.9253
2499,1155,22346,640.6962,860.308,215.0396,207.7928,0.8579
2500,1155,16231,145.4568,896.6332,194.4993,196.3012,0.559
2501,1155,19860,638.4636,277.241,222.6878,170.4257,0.4296
2502,1156,13899,182.2711,283.2455,205.7797,229.4492,0.9659
2503,1156,16261,572.6884,308.7757,242.54,235.4908,0.8824
2504,1156,3350,393.3391,857.2386,188.6434,191.3774,0.7812
2505,1157,13899,554.0,715.2648,212.7294,243.505,0.9415
2506,1157,3350,355.0621,181.5814,184.0036,189.7027,0.8777
2507,1157,16261,109.0604,675.6604,250.4415,246.1221,0.8359
2508,1158,13899,594.9146,806.1538,206.5218,235.5149,0.9415
2509,1158,3350,396.9916,242.7953,184.439,183.0371,0.8731
2510,1158,16261,152.3919,766.1875,246.8812,240.8242,0.862
2511,1159,18356,153.4186,299.9904,240.9059,354.9401,0.8754
2512,1159,3350,403.072,809.1832,188.293,189.8015,0.8218
2513,1161,18356,581.9349,614.9486,241.7771,371.9388,0.9517
2514,1161,3350,388.2226,278.972,183.7795,182.6876,0.8763
2515,1161,16231,129.147,817.9588,191.4662,184.345,0.3863
2516,1163,3543,117.9401,185.058,208.2849,201.4521,0.8817
2517,1163,29450,494.9275,805.3733,408.5718,237.469,0.8491
2518,1163,16550,41.1753,602.9591,304.7069,474.332,0.7022
2519,1163,10220,655.8518,200.3676,225.0095,212.6392,0.6728
2520,1164,3543,103.0363,179.8885,204.3869,199.4716,0.9046
2521,1164,10220,627.4835,192.271,218.3714,214.133,0.8324
2522,1164,29450,461.9436,766.6288,417.9022,246.5432,0.8177
2523,1164,16550,11.939,553.3112,302.925,482.4044,0.6565
2524,1166,25366,565.9077,685.3094,399.3432,487.5095,0.929
2525,1166,36636,131.5634,828.7937,181.4765,262.8388,0.8995
2526,1166,3482,125.1968,271.0852,274.1268,188.5782,0.8928
2527,1166,25468,574.845,188.7832,326.9214,283.9979,0.8371
2528,1167,25366,45.9603,88.6,395.8818,479.404,0.9461
2529,1167,36636,675.046,170.3354,175.4441,256.8295,0.8663
2530,1167,3482,601.6054,846.8676,278.894,186.3238,0.8488
2531,1167,25468,85.8868,830.7345,343.3815,301.3664,0.8287
2532,1168,30307,44.8725,10.3147,348.3975,432.2855,0.9618
2533,1168,3482,575.7522,811.7504,279.3557,191.3179,0.8604
2534,1168,25468,49.6482,789.4756,349.6712,299.1596,0.7891
2535,1168,29666,590.7705,167.6405,219.5359,215.9483,0.7614
2536,1170,30307,54.4168,17.1685,363.7606,443.984,0.9515
2537,1170,25468,84.3619,830.7832,345.4328,300.482,0.846
2538,1170,3482,601.0471,846.0305,279.2908,186.8394,0.8401
2539,1170,29666,619.5874,171.5656,223.1571,216.5111,0.7362
2540,1171,10220,93.2217,789.4488,224.6166,220.8473,0.9174
2541,1171,3543,121.7156,180.9457,205.0016,199.6972,0.8946
2542,1171,4542,639.4485,152.0432,202.0059,197.9327,0.8745
2543,1171,16547,578.5756,744.2641,241.7016,233.8724,0.7913
2544,1173,10220,643.4797,262.5964,218.2482,210.4146,0.9349
2545,1173,4542,104.1488,905.0458,214.9412,211.2467,0.8629
2546,1173,3543,646.0742,876.36,215.7884,213.2028,0.8509
2547,1173,16547,158.9496,285.2993,233.6071,226.3202,0.5067
2548,1174,30307,573.6327,756.2004,397.6014,427.708,0.9377
2549,1174,3482,132.5032,289.2962,278.3424,172.5675,0.9273
2550,1174,27652,668.9294,255.6574,223.1453,198.451,0.8348
2551,1174,29666,124.6094,863.4884,231.6208,227.5477,0.7753
2552,1176,30307,42.0705,71.3752,388.2533,424.167,0.947
2553,1176,3482,585.0202,845.3154,285.6206,166.1665,0.8669
2554,1176,27652,94.9194,851.1566,221.8966,207.3718,0.7816
2555,1176,29666,633.2608,180.0242,223.4685,215.3418,0.7682
2556,1178,20237,575.7712,190.2888,221.718,214.8927,0.8842
2557,1178,27776,144.8619,776.1618,179.2009,205.6683,0.8484
2558,1178,3482,538.7617,781.5057,266.1566,225.5772,0.8405
2559,1178,31884,103.8383,46.9563,408.8009,501.3322,0.7818
2560,1180,19231,495.6045,232.1836,330.1182,255.825,0.9599
2561,1180,21324,188.0702,307.3713,165.742,224.5328,0.9279
2562,1180,3350,394.7516,916.1183,190.5239,191.3331,0.7614
2563,1184,21025,684.0554,274.3804,178.9812,173.2998,0.8769
2564,1184,1899,187.0537,271.3344,204.3729,138.9434,0.8721
2565,1184,16547,142.6983,877.1992,243.2316,239.2551,0.5265
2566,1184,24849,674.379,827.3344,186.0666,301.8411,0.4937
2567,1185,1899,610.979,897.9432,205.3071,138.6299,0.8795
2568,1185,16547,601.9027,149.8439,237.4819,226.1662,0.8174
2569,1185,21025,124.8076,864.9839,179.9656,177.7022,0.7593
2570,1185,24849,137.3928,141.2763,182.5823,294.3226,0.4081
2571,1186,19551,509.6798,556.487,323.5505,492.8795,0.924
2572,1186,4377,136.4954,104.6361,215.973,439.8532,0.7228
2573,1186,2482,83.3258,675.0094,235.5137,482.0001,0.6179
2574,1186,5093,549.8156,190.9037,272.9247,268.2547,0.4287
2575,1187,19551,105.6694,153.7572,325.554,491.8987,0.863
2576,1187,2482,616.8,51.1636,224.4319,481.0753,0.6501
2577,1187,4377,590.6061,696.3356,218.7922,457.1096,0.5987
2578,1187,5093,104.4686,800.7379,278.6132,274.4964,0.5461
2579,1189,22626,97.8064,132.273,309.6201,486.068,0.9056
2580,1189,3742,119.3781,784.385,326.0852,320.4302,0.8138
2581,1189,2482,592.3149,66.0696,242.5621,478.995,0.7273
2582,1189,12080,601.4034,707.6782,235.396,450.1882,0.6447
2583,1190,22626,100.4423,159.7514,307.5313,488.852,0.9271
2584,1190,3742,120.9651,796.4638,330.6037,332.5014,0.7794
2585,1190,12080,610.076,713.4582,242.197,464.6106,0.7134
2586,1190,2482,584.7404,98.7785,236.5005,476.9369,0.7048
2587,1191,22626,526.6526,586.164,311.86,487.636,0.8168
2588,1191,2482,88.5919,664.2546,254.0027,476.7512,0.6866
2589,1191,12080,106.2426,108.0768,232.7284,430.6296,0.6443
2590,1191,3742,491.6847,166.1922,314.7969,297.9519,0.5871
2591,1192,33008,84.9422,256.1681,368.0034,207.3577,0.9387
2592,1192,1899,644.1261,854.4095,203.0166,174.0455,0.9036
2593,1192,24849,643.7076,208.2494,177.8889,273.9618,0.8379
2594,1192,16550,83.5227,693.1384,293.9559,497.884,0.312
2595,1194,33008,549.0822,835.9346,374.2044,197.8693,0.9091
2596,1194,1899,149.4338,253.7792,196.8372,163.1016,0.9073
2597,1194,16550,611.9894,65.4228,287.3648,477.529,0.5754
2598,1196,35205,139.6049,706.345,239.6266,410.522,0.9373
2599,1196,3482,172.6858,276.1478,261.2366,219.6831,0.9002
2600,1196,28762,612.2376,885.9391,226.3611,215.5873,0.8365
2601,1196,27776,637.7276,292.824,175.3143,196.702,0.8359
2602,1197,35205,615.6852,139.1993,225.272,403.4173,0.9411
2603,1197,3482,568.2974,813.3646,263.5181,217.6936,0.8313
2604,1197,27776,179.1628,812.4217,175.2941,199.9428,0.8133
2605,1197,28762,162.9435,178.5597,213.438,202.6229,0.6128
2606,1198,20237,605.6614,195.7651,225.5737,216.3215,0.9169
2607,1198,3482,567.8542,816.1421,263.7847,217.7568,0.8378
2608,1198,27776,178.1358,813.8066,175.4181,199.8975,0.7919
2609,1198,28762,131.0075,215.0718,211.9388,203.1816,0.7778
2610,1199,3482,172.9808,272.462,262.0612,220.7905,0.8967
2611,1199,28762,648.0716,849.7151,222.4187,213.5166,0.8863
2612,1199,20237,151.5416,850.1143,230.8313,225.5947,0.8749
2613,1199,27776,638.5756,292.17,175.668,196.1813,0.822
2614,1201,12246,584.338,813.1759,210.8723,158.241,0.9775
2615,1201,3543,144.2117,188.3769,204.0654,198.057,0.9095
2616,1201,16547,584.7058,211.9038,232.6173,224.502,0.7471
2617,1201,21025,100.4452,821.5707,183.7115,178.9724,0.6615
2618,1204,22073,686.9978,264.2009,182.45,184.9957,0.9833
2619,1204,32309,69.1826,218.7952,339.7457,251.5886,0.9041
2620,1204,3350,393.5448,861.2981,189.8353,191.1536,0.8354
2621,1206,22073,94.1683,852.9697,184.8157,188.6489,0.9757
2622,1206,32309,568.9286,815.6644,349.6841,273.8386,0.9604
2623,1206,3350,396.1719,224.4642,183.4082,183.3889,0.8828
2624,1207,3482,172.2222,274.2496,262.5195,221.1382,0.8974
2625,1207,27776,637.4996,293.0381,175.4912,196.1703,0.8373
2626,1207,22346,685.7116,812.4654,213.5203,207.3375,0.8238
2627,1207,16231,154.6846,826.6718,188.7713,193.4941,0.5867
2628,1209,3482,567.9792,813.8522,264.2844,218.46,0.8354
2629,1209,27776,179.2517,812.4413,175.2875,199.7286,0.8042
2630,1209,22346,101.7406,259.8294,205.6788,197.499,0.7964
2631,1209,16231,641.8401,249.8493,189.2681,183.1414,0.5923
2632,1210,3482,651.5301,748.3106,210.512,269.3,0.9492
2633,1210,20876,119.654,767.2084,325.9789,230.022,0.9283
2634,1210,35205,654.82,173.4646,228.1318,402.9886,0.9197
2635,1210,34596,70.3705,140.3534,465.7307,381.6527,0.9173
2636,1212,3482,141.7565,292.8953,212.5758,256.4921,0.9323
2637,1212,35205,97.6491,669.7075,237.8917,412.738,0.9164
2638,1212,34596,456.2175,707.9572,480.5208,403.5462,0.8675
2639,1212,20876,544.5268,293.9682,327.2478,234.639,0.8092
2640,1213,22626,107.7884,2.7028,309.7776,485.0268,0.9051
2641,1213,25437,130.8238,836.7036,251.8409,252.8629,0.7729
2642,1213,2482,660.731,61.0935,202.7788,485.4041,0.5901
2643,1213,5885,593.4512,679.5198,235.3889,490.5374,0.5555
2644,1214,22626,109.488,33.5292,307.1848,493.1599,0.9339
2645,1214,25437,130.1125,848.7805,259.2761,264.9363,0.8159
2646,1214,5885,600.7617,680.5991,243.813,503.1865,0.6234
2647,1214,2482,652.7223,97.9522,199.8174,476.5929,0.5748
2648,1216,27925,155.2734,173.291,263.1354,454.7356,0.918
2649,1216,10220,132.7596,846.1351,227.0121,227.8198,0.9037
2650,1216,3543,660.5378,864.9368,214.143,212.6903,0.8969
2651,1216,16550,618.0674,177.899,280.1352,463.2903,0.7369
2652,1219,29344,578.7705,663.1515,283.4335,453.1039,0.9597
2653,1219,3543,103.7421,240.8372,206.6907,200.3843,0.9065
2654,1219,10220,649.1142,208.1217,218.8613,213.6774,0.7633
2655,1219,16550,65.1916,582.5149,332.5612,464.4184,0.6656
2656,1220,29344,605.0562,704.1146,282.1114,442.8142,0.9565
2657,1220,3543,120.396,251.4178,209.4073,202.1158,0.8929
2658,1220,10220,678.6966,214.902,225.3147,216.3201,0.685
2659,1220,16550,93.2905,625.7316,335.6474,462.3539,0.6604
2660,1222,25366,94.8105,105.5997,321.2622,488.9662,0.9218
2661,1222,36636,613.2354,202.3466,187.8582,242.8691,0.9045
2662,1222,3482,559.6906,811.4452,287.3502,175.1892,0.8667
2663,1222,27652,61.3425,810.0828,225.7721,211.2598,0.8094
2664,1224,25366,116.1769,122.0211,326.5096,500.4544,0.9283
2665,1224,36636,643.3416,206.7372,190.5102,248.9892,0.8852
2666,1224,3482,586.3294,845.2462,285.7427,165.4448,0.868
2667,1224,27652,96.4929,853.1788,221.7032,206.2761,0.7667
2668,1226,35205,579.2208,96.6081,292.0652,376.8463,0.9392
2669,1226,19860,125.9491,863.4972,222.368,168.6256,0.8325
2670,1226,3482,600.1176,868.4578,258.7727,229.1886,0.8291
2671,1226,31884,120.92,10.4364,327.1165,535.2539,0.7265
2672,1227,35205,105.8593,772.33,304.2335,388.5798,0.9489
2673,1227,3482,151.9474,219.6121,246.7406,220.7486,0.9178
2674,1227,31884,540.812,694.7572,339.3662,542.0456,0.7673
2675,1227,19860,637.831,277.5088,222.8037,170.2583,0.4616
2676,1232,3482,145.1013,289.0278,212.7908,255.5594,0.9328
2677,1232,20876,593.9478,260.0562,322.9162,241.7195,0.8485
2678,1232,31884,543.506,654.9823,400.3538,520.9441,0.783
2679,1232,29666,131.8667,857.3926,231.524,227.6172,0.7352
2680,1235,1899,149.0727,253.5977,196.7816,162.8518,0.912
2681,1235,16547,621.0562,144.0357,239.0766,228.2346,0.8981
2682,1235,33008,549.5274,836.69,373.4009,198.3591,0.8847
2683,1235,21770,160.9017,806.0228,190.0866,186.6907,0.5327
2684,1237,44198,633.9739,800.57,163.0537,278.9949,0.9477
2685,1237,1899,103.5522,268.4046,203.4846,125.9579,0.9032
2686,1237,31704,171.8195,683.525,249.1466,445.7912,0.7993
2687,1237,16547,614.3812,189.3638,237.0134,224.0339,0.703
2688,1238,44198,205.0004,233.8824,160.6189,267.1203,0.9254
2689,1238,31704,568.051,172.8431,253.0195,424.1092,0.8013
2690,1238,1899,681.9611,878.2466,210.8403,134.113,0.7995
2691,1238,16547,130.4684,842.8452,243.0152,238.492,0.2764
2692,1239,44198,603.7478,770.0378,169.884,284.6011,0.9293
2693,1239,1899,88.5244,258.3276,199.8804,127.9313,0.86
2694,1239,31704,136.2384,642.5722,255.544,449.0866,0.8592
2695,1239,16547,584.6532,179.7569,232.3502,226.2448,0.6639
2696,1242,29344,90.423,706.3964,289.7042,448.3056,0.9531
2697,1242,44198,634.6128,805.2842,165.5774,288.2712,0.9062
2698,1242,1899,159.5097,257.1666,128.3511,200.656,0.7665
2699,1242,16550,544.8312,92.1462,288.5976,466.8134,0.5986
2700,1243,30307,69.1966,134.212,373.2683,433.3144,0.9399
2701,1243,35205,598.3864,125.237,260.1772,390.1769,0.9314
2702,1243,3482,608.2988,791.0994,274.029,207.6997,0.8932
2703,1243,27732,124.9936,765.1408,315.7197,278.6924,0.8476
2704,1244,30307,558.6568,689.7472,387.5354,433.8948,0.9409
2705,1244,35205,122.9987,731.3015,273.6759,403.9319,0.9341
2706,1244,3482,121.1908,306.9256,273.4993,200.4154,0.8782
2707,1244,27732,563.3804,262.0652,302.2288,263.6716,0.7924
2708,1245,30307,52.6436,122.1715,365.0245,413.0636,0.9467
2709,1245,35205,570.07,117.4804,252.1871,381.0212,0.9365
2710,1245,3482,580.476,758.8835,275.7232,209.2696,0.877
2711,1245,27732,87.239,726.0637,322.4532,282.988,0.788
2712,1246,34596,57.199,76.9919,396.5975,465.2332,0.912
2713,1246,27776,144.5328,775.0418,179.8833,206.8784,0.844
2714,1246,3482,537.6802,781.0697,266.4902,226.093,0.8394
2715,1246,16261,574.0606,187.4708,239.8316,228.1205,0.8368
2716,1248,34596,522.2608,661.905,416.5873,481.9154,0.9019
2717,1248,3482,173.8099,273.268,261.5658,219.484,0.8958
2718,1248,16261,135.1708,834.195,252.2423,243.564,0.826
2719,1248,27776,639.0008,292.3505,175.448,196.8487,0.8246
2720,1250,12777,95.6561,57.509,306.1312,533.148,0.6878
2721,1250,5093,104.5125,811.0923,285.189,285.6865,0.6571
2722,1250,2482,610.3768,85.7303,215.4585,473.7874,0.6342
2723,1250,4377,597.5396,701.0772,227.8169,470.5415,0.5707
2724,1251,12777,543.253,655.2602,301.7102,516.7245,0.7666
2725,1251,4377,135.8047,106.4143,216.4349,438.3849,0.756
2726,1251,2482,82.8338,675.5818,235.1158,483.3548,0.5921
2727,1251,5093,549.6876,191.3145,272.8005,268.6528,0.4387
2728,1252,30307,81.4808,76.7959,391.193,413.1024,0.9622
2729,1252,3482,647.056,754.1034,211.8179,268.6389,0.9449
2730,1252,20876,72.5084,798.0356,323.9606,242.7326,0.9182
2731,1252,29666,624.6159,184.4345,225.0066,216.514,0.7349
2732,1254,3482,621.4178,721.6255,211.175,273.1216,0.9455
2733,1254,30307,65.1395,67.7431,384.5672,397.4376,0.9454
2734,1254,20876,39.4194,751.3808,327.1382,255.6158,0.8975
2735,1254,29666,595.4952,180.4033,221.9784,216.3398,0.7675
2736,1256,19606,655.9192,272.089,155.5234,148.7955,0.9032
2737,1256,1899,643.9199,830.5464,169.7849,200.8243,0.8492
2738,1256,31704,131.3936,126.1554,247.0859,423.1122,0.8153
2739,1256,16550,88.4828,663.049,304.3809,488.5202,0.4499
2740,1261,3482,587.2649,845.3718,284.1095,166.8583,0.8762
2741,1261,22346,141.1335,168.9214,206.4208,197.6194,0.8207
2742,1261,27652,95.8831,852.2159,220.7795,207.4974,0.7608
2743,1261,16231,647.7523,231.5018,194.4199,178.2767,0.477
2744,1262,3482,559.3672,812.5884,286.9949,173.7681,0.8723
2745,1262,27652,61.5346,810.0954,224.961,211.5598,0.8129
2746,1262,22346,124.8356,164.3743,200.3529,194.3671,0.7991
2747,1262,16231,621.3081,219.2733,186.9441,185.1191,0.6343
2748,1263,3482,132.2275,288.5831,276.9581,172.4305,0.9319
2749,1263,22346,645.6606,901.9467,214.7046,207.9143,0.854
2750,1263,27652,667.5036,254.7455,224.0122,199.1541,0.8358
2751,1263,16231,142.2967,843.6691,195.8412,196.7504,0.6833
2752,1264,31862,638.409,320.6556,206.7097,205.9657,0.9591
2753,1264,36636,228.0207,319.0238,203.3946,238.4896,0.8674
2754,1264,3350,392.297,861.7751,187.9893,190.6399,0.8003
2755,1265,31862,82.2115,704.8624,208.0524,211.8974,0.8802
2756,1265,3350,355.5027,176.777,185.1899,190.1009,0.8652
2757,1265,36636,506.2671,661.6671,209.9206,251.071,0.7857
2758,1266,3350,398.5936,237.7173,184.4811,183.0228,0.8542
2759,1266,36636,547.3642,751.3312,205.2383,245.9133,0.8366
2760,1266,31862,123.2488,790.6437,206.4556,204.5718,0.7325
2761,1269,13899,619.2406,761.3016,173.4037,260.0852,0.9694
2762,1269,3350,362.851,233.0332,182.4508,182.3129,0.8519
2763,1269,36636,217.3912,770.6154,211.6236,240.3059,0.6122
2764,1270,27925,146.5716,142.4519,255.8906,456.5388,0.9173
2765,1270,1899,629.932,895.4911,211.5826,132.6533,0.8543
2766,1270,18109,639.462,267.0556,300.2722,290.8108,0.7199
2767,1270,16547,114.6115,851.387,242.734,239.3319,0.369
2768,1272,1899,156.308,248.7372,204.1901,126.5118,0.917
2769,1272,27925,602.2877,674.0976,250.3386,478.9695,0.8898
2770,1272,16547,630.9322,176.9752,238.2392,226.6279,0.8464
2771,1272,18109,48.2752,737.3805,306.7892,287.8733,0.6546
2772,1273,6191,546.7411,591.2561,288.7693,526.531,0.8264
2773,1273,25437,554.8706,203.8692,246.637,251.3876,0.8095
2774,1273,13394,109.0636,43.8805,244.3895,486.1336,0.7739
2775,1273,2482,106.5435,676.9818,228.0307,490.785,0.5755
2776,1274,6191,102.1588,75.8279,296.913,531.344,0.9009
2777,1274,25437,125.1787,812.542,254.3016,253.861,0.8103
2778,1274,13394,590.3009,713.1192,235.1299,494.5866,0.775
2779,1274,2482,601.396,43.5914,218.4494,485.643,0.6122
2780,1278,3831,148.4981,602.1377,311.5692,419.09,0.9362
2781,1278,38161,621.9874,703.3978,189.999,295.3679,0.8962
2782,1278,3350,418.3458,256.5737,182.0388,180.6705,0.8349
2783,1279,1899,645.4534,856.8621,213.2644,154.1445,0.8611
2784,1279,31704,119.911,132.9406,248.5204,422.3646,0.7956
2785,1279,16550,89.0013,770.7868,297.4635,491.9366,0.4181
2786,1279,21770,672.6458,288.3886,188.4823,178.8202,0.3891
2787,1280,1899,122.6152,258.2447,200.4779,149.4549,0.905
2788,1280,31704,604.9341,687.6098,255.7698,456.7312,0.8032
2789,1280,16550,572.5692,0.0,283.0606,455.3476,0.5935
2790,1280,21770,90.0062,810.1474,196.0147,189.063,0.5195
2791,1282,19551,504.8926,590.9199,310.991,494.6273,0.9078
2792,1282,13394,79.7037,72.1834,239.2358,489.1717,0.8045
2793,1282,3742,494.2376,124.845,316.1628,307.3476,0.8011
2794,1282,2482,58.4572,645.0806,205.2383,488.4306,0.4632
2795,1284,3742,116.9594,826.4529,324.0299,322.2552,0.8169
2796,1284,13394,634.0935,674.9488,223.8752,496.5832,0.8076
2797,1284,19551,121.425,117.917,313.1882,497.2411,0.8051
2798,1284,2482,668.234,78.275,209.0891,487.4373,0.557
2799,1290,29344,590.5152,530.4269,271.5868,445.0148,0.9536
2800,1290,1899,163.3994,255.927,126.6978,199.7169,0.7849
2801,1290,16547,538.203,138.2036,231.1885,226.2928,0.7847
2802,1290,18109,43.9844,721.3235,310.5428,298.9761,0.7711
2803,1293,30307,115.2258,80.6916,309.5658,451.1659,0.9708
2804,1293,20237,576.0882,190.2847,221.6882,214.367,0.8979
2805,1293,27776,145.2209,775.6966,179.1447,206.1885,0.8427
2806,1293,3482,539.3961,781.315,265.8435,225.5596,0.8378
2807,1294,35205,678.4353,150.1882,203.1233,410.1405,0.9262
2808,1294,34596,14.4128,45.5834,415.298,454.5949,0.91
2809,1294,3482,586.3942,845.1655,285.1094,166.4365,0.8619
2810,1294,27652,95.5774,852.6814,224.8302,207.0808,0.7575
2811,1295,35205,646.1986,142.8525,204.1625,400.2106,0.9443
2812,1295,34596,6.0441,18.2037,399.219,458.6737,0.92
2813,1295,3482,558.7228,813.1112,287.7144,172.672,0.8715
2814,1295,27652,61.4785,809.7334,225.8807,211.8508,0.8164
2815,1296,3482,132.1848,289.2531,277.0538,172.6782,0.9328
2816,1296,34596,565.9904,728.2738,409.3867,475.0807,0.9235
2817,1296,35205,104.6698,685.7057,205.4261,418.7464,0.8997
2818,1296,27652,669.3008,254.9642,221.6583,199.3232,0.8376
2819,1297,12419,687.5124,273.5531,183.9327,172.0136,0.9533
2820,1297,3543,643.5402,918.9799,216.7144,215.1177,0.8887
2821,1297,4542,157.4255,890.77,213.7783,210.8143,0.7949
2822,1297,16547,151.4653,245.263,231.6791,224.8716,0.4858
2823,1298,12419,118.9788,861.0586,183.4074,179.5646,0.9683
2824,1298,3543,139.5074,144.876,209.2992,201.3536,0.894
2825,1298,16547,616.8582,828.5945,237.0149,228.4958,0.7745
2826,1298,4542,616.8225,167.6327,208.7029,202.1686,0.6926
2827,1300,3482,585.5764,845.4261,284.851,165.5525,0.8538
2828,1300,27652,94.6795,852.2383,221.9173,206.0864,0.782
2829,1300,31884,79.8824,131.9522,450.026,459.3236,0.7819
2830,1300,29666,632.3572,179.4127,224.053,216.6311,0.7519
2831,1302,3482,556.9862,811.6721,289.0604,174.2044,0.8631
2832,1302,27652,60.4246,808.973,226.2735,211.8555,0.8218
2833,1302,29666,602.1506,176.859,221.6655,214.1624,0.7742
2834,1302,31884,66.5794,106.3632,440.0462,459.6371,0.7217
2835,1305,27925,599.0054,160.1901,257.5735,448.4474,0.9006
2836,1305,1899,631.843,895.5963,211.4343,133.6982,0.8313
2837,1305,16550,77.3496,668.9735,337.5374,471.824,0.6808
2838,1309,3482,121.4672,306.8468,272.8614,198.7288,0.8814
2839,1309,28762,581.7329,870.9547,225.6126,214.0034,0.8619
2840,1309,27732,561.4508,256.4791,300.6577,262.719,0.8382
2841,1309,29666,86.7677,861.7639,231.8942,229.4588,0.8002
2842,1311,3482,579.9745,759.1824,275.9782,208.608,0.8764
2843,1311,28762,176.6124,187.4488,207.7579,200.4585,0.8609
2844,1311,27732,92.8166,733.1364,321.1478,280.4062,0.8064
2845,1311,29666,639.1616,175.9662,220.0853,215.1973,0.8029
2846,1312,22626,66.2743,60.1787,329.9945,477.3864,0.8849
2847,1312,2482,615.6958,51.9276,251.1517,470.1358,0.7276
2848,1312,5885,596.5088,683.2639,238.3584,489.8003,0.6101
2849,1312,5093,108.7248,804.4309,278.8458,275.2546,0.5433
2850,1315,19231,543.1062,207.8358,296.759,285.6633,0.972
2851,1315,16687,146.265,85.8132,274.5025,611.2683,0.8045
2852,1315,3350,423.381,878.1672,187.8169,191.4777,0.7917
2853,1316,19231,83.3541,693.9544,308.254,305.2466,0.9755
2854,1316,16687,514.5722,480.8676,290.0466,654.2279,0.9489
2855,1316,3350,325.2205,162.1564,185.6139,188.4529,0.8762
2856,1322,6191,483.275,592.8594,333.4617,504.0662,0.8177
2857,1322,4377,134.9281,107.5346,216.709,438.7992,0.7309
2858,1322,2482,83.3308,675.3786,236.84,480.8188,0.6087
2859,1322,5093,548.7266,190.5876,274.0979,269.6344,0.5
2860,1323,6191,124.6204,110.1254,340.1608,496.4385,0.8985
2861,1323,2482,614.0703,48.5958,225.4164,485.6187,0.6529
2862,1323,4377,590.1824,697.4736,218.7644,457.0237,0.5923
2863,1323,5093,104.3961,800.7946,278.9542,274.1807,0.4604
2864,1326,18356,162.2833,672.838,264.3285,347.7872,0.9252
2865,1326,20237,600.6,839.5101,226.5388,222.7883,0.8968
2866,1326,3350,369.516,245.4196,183.4879,182.6733,0.8916
2867,1327,1899,642.7588,844.3113,190.136,191.5391,0.8716
2868,1327,29450,509.3236,241.3374,412.4304,222.5297,0.8711
2869,1327,44198,175.6535,233.386,200.1234,262.1428,0.8608
2870,1327,16547,166.4152,812.0525,243.2866,238.8912,0.2962
2871,1328,29450,76.4424,842.3038,410.5238,220.0267,0.9002
2872,1328,1899,167.1873,247.5773,183.8932,183.5658,0.7723
2873,1328,16547,581.9638,215.4432,235.791,228.2473,0.7298
2874,1328,44198,626.2642,809.43,208.0447,271.2596,0.6351
2875,1329,29450,38.3649,801.1136,419.5738,226.4216,0.8292
2876,1329,16547,554.1587,207.3056,231.8064,225.9066,0.7928
2877,1329,1899,147.1918,238.097,183.3665,183.1756,0.654
2878,1329,44198,598.631,777.7339,216.067,277.0165,0.6381
2879,1330,35205,608.2516,119.342,234.6356,400.0769,0.9301
2880,1330,34596,93.1736,160.6403,441.3582,421.2578,0.9185
2881,1330,3482,602.0974,846.0253,278.9566,185.4235,0.8353
2882,1330,25468,86.5193,830.5117,344.7837,301.9834,0.8292
2883,1331,35205,579.3382,111.0026,229.9453,391.041,0.9353
2884,1331,3482,576.6226,812.151,279.4258,190.6077,0.8575
2885,1331,34596,76.8084,130.3999,434.5924,429.0164,0.8558
2886,1331,25468,52.4074,788.8634,348.1155,301.6665,0.7862
2887,1332,35205,135.26,725.3792,250.9594,414.323,0.9388
2888,1332,3482,124.2206,271.2824,274.4652,189.7799,0.8932
2889,1332,34596,459.87,649.3955,451.7899,438.1878,0.8738
2890,1332,25468,574.3803,188.632,326.4974,283.7464,0.8353
2891,1333,36636,157.6035,284.5881,193.6782,244.8031,0.8835
2892,1333,20013,577.8278,281.9182,341.1894,319.7197,0.8052
2893,1333,3350,401.0089,921.6495,190.3599,193.5201,0.7909
2894,1337,29450,496.6241,818.5443,400.8668,267.6763,0.8506
2895,1337,18109,78.6569,787.6271,307.4762,291.8032,0.8209
2896,1337,1899,167.5441,246.4081,183.7417,182.9059,0.7746
2897,1337,16547,578.2992,187.2419,236.6192,226.2773,0.7593
2898,1340,24849,581.8874,287.3242,287.613,168.0066,0.9516
2899,1340,1899,642.238,859.6926,211.3389,156.6934,0.8195
2900,1340,31704,132.6774,125.9897,246.3884,421.0203,0.8081
2901,1340,16547,185.3157,823.7674,243.0531,238.5842,0.6926
2902,1345,25468,83.8011,831.1152,346.0252,300.0415,0.8495
2903,1345,3482,601.3932,846.3936,278.4573,186.5105,0.8328
2904,1345,31884,170.5181,127.692,415.8934,499.1333,0.7573
2905,1345,29666,618.4329,173.4464,222.7341,215.8448,0.7203
2906,1347,3482,126.0528,271.0542,273.7662,189.123,0.8875
2907,1347,25468,575.5784,190.3469,326.6756,280.9087,0.8415
2908,1347,29666,140.9276,870.5863,230.0511,227.1233,0.7268
2909,1347,31884,419.373,620.5542,418.0796,501.5302,0.7198
2910,1348,31862,185.6068,265.0793,206.665,204.5218,0.9377
2911,1348,3350,362.0118,880.104,189.9114,190.0426,0.8268
2912,1348,31862,674.8472,309.0354,184.8583,189.7515,0.5577
2913,1350,22073,106.7624,814.2104,185.295,187.3984,0.9737
2914,1350,3350,426.4442,220.6224,184.3657,182.8652,0.8654
2915,1350,31862,587.2285,857.4629,206.3738,205.3836,0.7521
2916,1353,34596,512.0612,677.5102,440.6866,456.7666,0.9058
2917,1353,3482,172.3321,274.3884,262.1476,221.3411,0.8977
2918,1353,27776,637.8162,293.2757,175.023,196.5599,0.8348
2919,1353,16231,154.09,826.0926,190.8209,193.6914,0.43
2920,1354,30307,575.4998,735.5318,340.2466,467.0497,0.9371
2921,1354,3482,141.4076,293.355,213.3654,256.4773,0.9212
2922,1354,36636,167.5074,799.0802,190.8936,256.2781,0.8678
2923,1354,20876,544.236,293.879,327.5148,233.4212,0.8258
2924,1355,30307,81.2393,48.2321,327.1242,441.3016,0.9557
2925,1355,3482,625.9165,717.1626,208.5886,272.1797,0.9545
2926,1355,36636,604.406,202.0908,180.9343,246.1462,0.8944
2927,1355,20876,87.7881,726.5058,329.3492,238.9866,0.8935
2928,1357,6562,165.6106,672.462,218.41,363.9623,0.9233
2929,1357,3543,94.973,228.0285,205.5189,200.5828,0.92
2930,1357,12419,626.5412,813.336,190.4006,186.622,0.8766
2931,1357,16547,576.8373,167.9658,233.5305,225.3535,0.6333
2932,1358,12419,652.7063,847.7334,188.5825,179.8136,0.8911
2933,1358,6562,197.7111,715.7274,216.2893,361.3476,0.8903
2934,1358,3543,111.8622,240.1527,207.7593,200.5803,0.8887
2935,1358,16547,605.5148,176.1148,238.2908,226.1951,0.8036
2936,1359,12419,163.3139,277.1869,184.7463,179.6096,0.9714
2937,1359,6562,581.7351,228.6091,214.8733,340.443,0.9266
2938,1359,3543,673.5372,826.3958,215.3789,212.0268,0.8979
2939,1359,16547,139.2584,852.979,242.621,239.0405,0.3793
2940,1361,19231,168.9291,649.279,241.4474,359.72,0.9309
2941,1361,3350,357.1732,148.7589,184.474,188.5616,0.8672
2942,1361,29666,628.7342,690.2191,229.0794,231.5178,0.8084
2943,1363,33879,451.479,241.0103,432.5967,291.4808,0.9811
2944,1363,16261,118.2682,291.5228,245.3369,238.0189,0.8511
2945,1363,3350,433.9958,887.468,188.4974,191.6326,0.7889
2946,1366,3482,132.3345,288.9588,278.3629,172.2148,0.9308
2947,1366,22346,662.2828,838.1593,214.2986,205.4429,0.8406
2948,1366,27652,669.1584,254.9674,223.1437,199.5359,0.8282
2949,1366,29666,124.2885,864.3243,231.7258,227.3207,0.7702
2950,1367,3482,557.1259,811.682,289.0044,174.472,0.8806
2951,1367,27652,60.5678,809.031,225.6142,212.2936,0.8258
2952,1367,29666,603.0161,175.8856,221.2703,215.1211,0.8057
2953,1367,22346,106.952,225.9737,201.8594,193.701,0.8007
2954,1369,22346,119.3625,213.5626,205.8881,198.1495,0.8601
2955,1369,3482,600.7284,868.8007,258.0928,229.2095,0.8515
2956,1369,19860,125.9142,863.9828,222.4972,168.3035,0.8275
2957,1369,16261,637.7893,176.854,244.7586,231.7226,0.7769
2958,1371,3482,572.3421,835.8646,263.6172,232.6858,0.8508
2959,1371,16261,608.7791,172.3136,241.0635,227.9321,0.8236
2960,1371,22346,102.6265,205.1702,202.3933,194.9481,0.8185
2961,1371,19860,89.6153,826.6239,229.5677,176.6322,0.7935
2962,1372,22626,79.7246,96.0887,321.3301,482.1275,0.9204
2963,1372,2482,597.8036,117.0587,284.4138,439.433,0.7865
2964,1372,5885,612.7831,698.6386,235.9216,507.2304,0.7746
2965,1372,3742,74.8516,811.0615,330.7624,330.8906,0.7022
2966,1376,1899,641.5792,858.9832,205.8044,166.8823,0.9181
2967,1376,33008,585.116,241.175,357.1998,238.4561,0.9171
2968,1376,33207,151.3293,297.5656,207.3236,192.3997,0.753
2969,1376,16550,88.1391,704.6797,296.1234,491.6577,0.3164
2970,1377,1899,149.3501,255.4207,199.853,156.5852,0.9192
2971,1377,33008,46.4788,820.7798,364.6323,234.0823,0.7336
2972,1377,33207,642.7894,807.7138,208.4375,198.2612,0.7334
2973,1377,16550,604.7069,56.9902,287.864,479.1486,0.4628
2974,1378,35205,105.2461,773.4288,304.8153,388.3032,0.9483
2975,1378,3482,151.8432,219.649,246.812,220.5529,0.9185
2976,1378,22346,624.7736,868.1157,211.0167,208.9346,0.8651
2977,1378,19860,638.0904,277.3834,222.9736,169.963,0.4031
2978,1379,35205,584.8174,97.083,287.1677,375.7294,0.9288
2979,1379,3482,600.7295,867.4597,258.5293,230.4026,0.8457
2980,1379,22346,161.2239,201.38,206.563,198.444,0.8452
2981,1379,19860,125.6922,863.5066,223.1997,168.9949,0.8243
2982,1381,21324,632.4591,277.8176,239.3281,138.5666,0.9118
2983,1381,32309,35.2593,234.1222,365.9142,236.6942,0.8838
2984,1381,3350,407.2368,844.8142,190.2349,190.1956,0.8533
2985,1384,25366,51.2624,92.9705,421.1989,456.4,0.9338
2986,1384,20237,604.0868,194.9264,227.0784,217.3975,0.9073
2987,1384,3482,567.9922,815.7622,262.1096,217.8594,0.8346
2988,1384,27776,177.6774,812.9979,175.1571,200.1162,0.795
2989,1385,20237,576.484,190.3215,221.1172,213.9409,0.8936
2990,1385,27776,144.883,776.3842,179.1901,205.2874,0.8438
2991,1385,3482,538.9168,781.6554,265.8894,225.0189,0.8351
2992,1385,25366,38.6435,78.1269,406.158,446.2401,0.8012
2993,1386,25366,533.5772,700.781,429.3884,469.1706,0.9451
2994,1386,3482,173.4929,273.0383,261.7922,221.2969,0.8928
2995,1386,20237,152.1114,849.7377,231.9745,225.8851,0.8318
2996,1386,27776,638.8254,292.1617,175.4004,196.4955,0.8267
2997,1387,20876,138.6399,830.542,274.5172,314.6922,0.9567
2998,1387,3482,642.897,757.812,204.069,274.2417,0.9555
2999,1387,20237,601.6924,181.019,227.1196,216.732,0.8832
3000,1387,22346,111.8679,240.5868,207.795,198.3179,0.825
3001,1390,22626,107.7316,157.9732,365.359,460.8202,0.9129
3002,1390,25437,155.6381,872.4247,263.2846,267.7322,0.7938
3003,1390,22361,605.2318,746.849,265.743,418.9002,0.6582
3004,1390,2482,600.692,112.3037,203.9558,469.4833,0.2855
3005,1392,22626,104.7017,133.2638,369.7996,450.7386,0.8892
3006,1392,25437,155.0972,860.8937,255.0446,253.2286,0.8358
3007,1392,2482,604.7846,77.6622,217.6842,483.7528,0.6551
3008,1392,22361,597.6746,742.6117,260.2226,408.758,0.6188
3009,1393,3482,173.6005,273.297,262.6028,220.4646,0.9013
3010,1393,22346,682.2433,870.5708,214.703,208.2725,0.847
3011,1393,27776,639.0659,292.4474,175.7643,196.443,0.8332
3012,1393,16261,134.8641,834.6214,251.7826,242.9892,0.8238
3013,1395,3482,537.9126,780.4049,266.81,227.0203,0.8453
3014,1395,27776,144.3049,775.6781,179.568,205.6052,0.8393
3015,1395,22346,88.3695,193.0782,200.8994,195.0237,0.838
3016,1395,16261,575.5308,188.0876,239.3096,226.8068,0.8197
3017,1396,19551,508.2224,593.4128,328.2748,489.0432,0.9177
3018,1396,13394,78.1465,73.9592,234.9298,487.7151,0.8385
3019,1396,5093,521.0631,161.7588,271.6778,265.8284,0.6674
3020,1396,2482,78.6465,658.334,218.9444,492.1252,0.338
3021,1401,3482,125.7576,270.919,273.3909,188.4508,0.8865
3022,1401,22346,649.3789,851.1288,215.4394,208.0568,0.8526
3023,1401,25468,574.8674,189.615,328.5493,281.9482,0.8332
3024,1401,29666,137.9938,870.3851,231.7372,228.6006,0.7546
3025,1402,33879,462.239,198.1888,387.6502,361.3291,0.9705
3026,1402,3350,425.55,884.8953,189.9044,191.4529,0.7766
3027,1402,20237,84.6468,335.4496,227.0012,220.7073,0.6209
3028,1404,33879,118.1316,740.145,390.0732,375.4386,0.9559
3029,1404,20237,668.872,762.0906,227.6973,222.2578,0.9112
3030,1404,3350,365.7448,214.7133,184.5121,182.861,0.8763
3031,1407,38161,601.5487,792.9566,247.7374,255.0878,0.9558
3032,1407,33879,102.3603,680.4,309.1887,432.0298,0.943
3033,1407,3350,380.5375,230.7373,182.7874,182.1408,0.8686
3034,1408,1899,186.7953,272.1105,204.3878,138.0548,0.8705
3035,1408,21025,683.7938,274.2246,179.2771,173.45,0.8474
3036,1408,33207,656.4485,899.8157,217.6628,210.5582,0.7557
3037,1408,16547,72.1837,806.418,243.4436,238.0409,0.5656
3038,1411,30307,73.2578,128.4573,385.9242,419.7221,0.9583
3039,1411,36636,643.7489,206.573,190.2884,248.9562,0.8904
3040,1411,3482,587.1786,845.1599,286.1099,166.3618,0.8681
3041,1411,27652,96.5037,852.9158,224.2502,207.2402,0.7661
3042,1413,30307,548.1604,705.3739,396.4363,425.7234,0.9424
3043,1413,3482,130.3044,290.0502,278.0255,172.048,0.9199
3044,1413,36636,151.0954,801.5982,194.3568,255.391,0.8653
3045,1413,27652,667.9717,254.5538,222.2608,199.2768,0.836
3046,1414,10220,600.6762,192.6115,217.4497,210.8266,0.9409
3047,1414,27925,554.5941,596.1616,276.4482,485.7311,0.9248
3048,1414,3543,109.9338,194.2896,203.3796,199.002,0.9088
3049,1414,16547,55.1089,776.1378,239.4635,233.3457,0.7321
3050,1418,1899,126.1439,255.2819,199.402,150.1696,0.8962
3051,1418,31704,593.5726,696.314,255.1158,457.066,0.8178
3052,1418,16550,103.8752,652.2222,295.0076,487.7621,0.721
3053,1420,16687,549.383,68.9066,260.5361,599.0847,0.9087
3054,1420,41767,100.8263,240.3767,289.7984,267.322,0.8735
3055,1420,3350,410.755,874.819,189.1904,190.8404,0.842
3056,1421,16687,108.6576,511.2048,275.8652,657.22,0.8881
3057,1421,3350,337.7835,166.2715,184.9071,188.8148,0.8611
3058,1421,41767,551.4651,720.9986,302.689,286.7412,0.7869
3059,1424,35205,582.0215,132.0635,222.3517,394.1973,0.9363
3060,1424,27776,144.696,774.7418,179.7392,205.9186,0.8438
3061,1424,3482,538.469,778.6255,266.4696,225.1514,0.832
3062,1424,31884,92.6692,79.1285,363.5419,509.411,0.7093
3063,1425,35205,611.8444,138.9414,227.9143,404.381,0.9497
3064,1425,3482,567.5412,813.9604,262.9827,217.7617,0.8321
3065,1425,27776,177.539,812.084,174.907,199.6014,0.8085
3066,1425,31884,109.0533,100.2939,370.5143,524.995,0.6874
3067,1429,29344,606.6242,704.7132,280.4168,442.6326,0.9536
3068,1429,3543,120.5953,251.1105,208.5905,202.4459,0.8953
3069,1429,16547,124.9948,830.541,238.4695,228.5972,0.6964
3070,1429,10220,678.6484,215.1969,225.2734,216.1407,0.6881
3071,1431,29344,579.8103,664.4454,282.8949,451.8174,0.9597
3072,1431,3543,103.4229,240.6471,205.9646,201.0745,0.8791
3073,1431,10220,648.8363,207.6197,219.1819,214.1506,0.7519
3074,1431,16547,90.2888,789.113,241.7877,236.2821,0.6411
3075,1433,3350,367.8374,173.2553,181.7124,185.0467,0.9043
3076,1433,32309,0.4877,665.8582,298.441,325.0132,0.8951
3077,1433,38161,610.159,755.038,290.323,207.3818,0.8839
3078,1435,13899,169.7925,340.4547,171.7033,253.374,0.9711
3079,1435,3350,399.1048,853.7255,187.2825,190.0913,0.7937
3080,1436,13899,600.1882,626.8864,175.9644,265.534,0.941
3081,1436,3350,349.7767,186.359,183.806,189.0086,0.8979
3082,1438,12246,174.7338,301.9662,204.9848,128.4049,0.9296
3083,1438,3543,696.9046,857.4945,217.4175,211.9706,0.9161
3084,1438,6562,580.8136,229.2827,214.1715,340.3336,0.914
3085,1438,16547,207.1897,840.78,241.6542,237.6455,0.5107
3086,1439,12246,592.5276,847.2718,213.4104,128.6565,0.9833
3087,1439,6562,167.0101,672.2248,218.6567,363.6268,0.9128
3088,1439,3543,72.4806,199.6638,205.3634,200.5109,0.8843
3089,1439,16547,512.1206,179.2442,235.7848,226.1826,0.7958
3090,1441,3482,580.1644,760.284,275.3181,208.7114,0.8632
3091,1441,22346,117.6013,173.0243,202.7037,195.1688,0.8387
3092,1441,27732,92.1592,734.0353,321.8751,279.8064,0.7993
3093,1441,36636,593.3258,203.3639,254.9484,168.134,0.7484
3094,1442,3482,608.2564,792.0048,274.2586,208.1069,0.8834
3095,1442,27732,129.4769,775.1516,313.6027,278.064,0.8701
3096,1442,22346,134.0512,178.0246,207.13,197.6057,0.8064
3097,1442,36636,622.6347,206.9066,259.937,170.729,0.7288
3098,1444,23222,522.8347,628.8106,297.3928,505.8022,0.8133
3099,1444,4377,131.1052,106.8989,225.839,437.6272,0.7714
3100,1444,3742,481.9726,149.3732,314.2854,302.7387,0.7207
3101,1444,2482,92.9889,691.8514,218.6402,486.6614,0.4206
3102,1446,23222,119.8061,68.3167,295.5393,505.7748,0.87
3103,1446,3742,129.6438,799.4474,326.7694,322.383,0.8507
3104,1446,4377,587.3378,698.6766,227.1668,454.2116,0.6544
3105,1446,2482,629.2844,30.0759,201.061,485.9261,0.6068
3106,1447,3543,103.3826,180.3118,203.2484,198.6258,0.9069
3107,1447,29450,462.1728,765.9142,418.1458,247.1111,0.8337
3108,1447,10220,627.8938,192.653,218.259,213.4871,0.8297
3109,1447,16547,45.2449,789.8968,241.1647,236.2297,0.5644
3110,1449,3543,117.9542,185.0617,208.0966,201.4769,0.8859
3111,1449,29450,494.3207,805.5316,410.1892,237.267,0.8481
3112,1449,10220,655.3567,198.9273,225.8196,215.4154,0.7058
3113,1449,16547,80.5361,831.4011,238.5244,229.4604,0.688
3114,1450,25437,125.3212,813.0312,252.6442,252.4685,0.8064
3115,1450,13394,589.8968,713.1728,235.4862,495.0976,0.7849
3116,1450,12777,108.549,61.455,293.3998,527.9591,0.6901
3117,1450,2482,602.2235,43.8727,216.5875,484.7896,0.6317
3118,1452,13394,604.1314,712.7474,230.3294,516.2876,0.7742
3119,1452,25437,126.0677,825.5098,259.1544,264.7566,0.7577
3120,1452,2482,596.9486,84.1396,205.9722,468.076,0.716
3121,1452,12777,108.7855,102.7286,292.7394,522.3094,0.6384
3122,1453,18356,50.3398,310.424,274.7899,329.3046,0.9384
3123,1453,3350,457.5792,907.9017,190.9543,190.2633,0.8164
3124,1453,16687,476.8589,124.6509,429.6762,528.9272,0.8141
3125,1455,18356,652.8755,649.9031,279.1355,342.3448,0.9391
3126,1455,3350,333.6556,192.4287,183.8933,182.9604,0.8727
3127,1455,16687,74.1907,621.5096,433.875,590.5274,0.8644
3128,1458,23222,73.7043,168.7263,303.5775,499.9591,0.8774
3129,1458,25437,109.9877,830.492,255.4548,253.3518,0.7786
3130,1458,2482,610.9218,63.3373,243.2411,475.5059,0.7539
3131,1458,4377,638.4668,702.5017,229.6814,456.5814,0.6782
3132,1459,12080,647.109,689.8528,246.737,469.6196,0.7795
3133,1459,22626,71.5054,178.3966,318.7761,481.3184,0.7624
3134,1459,5093,106.6962,810.4084,284.124,287.0132,0.7206
3135,1459,2482,624.4058,69.1685,226.193,466.5834,0.6404
3136,1460,22626,543.0164,573.5726,318.925,482.5006,0.897
3137,1460,12080,69.2363,127.1756,229.287,434.4566,0.8152
3138,1460,2482,53.8058,697.8924,250.0564,480.7768,0.626
3139,1461,12080,641.3138,686.2332,235.2637,455.7266,0.7577
3140,1461,2482,630.3885,29.9216,238.2242,481.4356,0.6803
3141,1461,22626,70.0159,152.099,318.9319,478.5443,0.6589
3142,1461,5093,106.2189,799.5946,278.0518,276.1842,0.5575
3143,1462,25366,525.2268,673.1856,424.239,468.5497,0.9362
3144,1462,3482,130.8864,289.0957,278.0046,172.8475,0.931
3145,1462,27652,667.4162,254.6084,223.1474,200.1457,0.8279
3146,1462,20237,133.7698,867.8804,230.6783,226.6244,0.7764
3147,1463,25366,61.6269,122.1597,420.3626,452.0076,0.9392
3148,1463,3482,586.8956,845.2303,285.4102,166.7529,0.8726
3149,1463,20237,623.5478,176.3712,225.5654,216.9107,0.8689
3150,1463,27652,96.5496,853.6531,224.1405,206.5254,0.7631
3151,1464,25366,43.866,105.5107,414.3644,445.6839,0.9142
3152,1464,20237,595.6728,173.729,218.8684,212.808,0.8785
3153,1464,3482,560.3313,811.6228,286.4348,175.1985,0.8682
3154,1464,27652,62.353,810.4889,225.5571,210.8447,0.819
3155,1466,3482,558.1747,811.9832,288.396,174.533,0.8685
3156,1466,22346,105.7277,178.4136,201.8893,195.1077,0.8287
3157,1466,27652,61.1374,809.554,226.2954,212.0281,0.8197
3158,1466,16261,595.2956,177.1092,236.1524,227.4181,0.8163
3159,1473,1899,615.4776,859.3157,201.4951,160.0061,0.9002
3160,1473,19606,150.9488,218.5477,158.6146,152.3243,0.8312
3161,1473,21025,125.0458,865.3431,180.0961,177.4382,0.7446
3162,1473,16550,574.8444,88.8016,285.229,481.9808,0.6455
3163,1474,34596,69.2808,99.585,434.2854,425.0732,0.9338
3164,1474,3482,608.643,790.5379,274.6914,207.0706,0.8827
3165,1474,27732,125.8329,765.5246,315.3011,278.0334,0.8573
3166,1474,36636,620.2788,205.9307,261.0465,170.7086,0.7398
3167,1476,34596,56.4331,70.1851,423.6204,436.2094,0.9072
3168,1476,3482,580.8387,758.5878,275.8874,208.9202,0.8687
3169,1476,27732,88.218,726.0206,322.3046,283.9862,0.793
3170,1476,36636,591.97,202.3636,255.0984,169.02,0.7692
3171,1477,18356,358.403,681.1994,250.3604,367.8076,0.9506
3172,1477,3350,652.0262,288.8684,180.707,182.4109,0.7513
3173,1477,36636,88.3039,230.9769,239.7206,212.9138,0.5605
3174,1480,10220,159.5616,261.9178,218.7873,210.7628,0.9685
3175,1480,6562,590.5196,237.689,214.5769,339.412,0.9366
3176,1480,3543,642.0018,875.4067,216.4602,212.866,0.8889
3177,1480,16547,173.4145,834.206,240.1554,237.6634,0.3706
3178,1483,35205,104.5858,773.0432,305.7955,388.9314,0.9467
3179,1483,3482,151.9296,219.735,246.4311,220.6667,0.9159
3180,1483,28762,630.3708,897.8895,223.8545,215.4617,0.9017
3181,1483,19860,638.0368,277.2707,223.1446,170.5864,0.4019
3182,1485,35205,585.0808,97.3416,286.3936,375.9838,0.9314
3183,1485,28762,148.6183,168.2597,211.3239,202.7677,0.845
3184,1485,3482,601.6626,868.9083,257.1211,229.1399,0.8405
3185,1485,19860,126.0308,863.2819,222.6288,169.0126,0.8293
3186,1488,3350,392.5796,206.6859,184.0124,182.2721,0.863
3187,1488,21324,210.5252,826.218,202.4438,199.6298,0.855
3188,1488,31862,627.8883,831.1972,205.1069,205.4502,0.8294
3189,1489,20237,184.1193,280.9393,224.9731,218.3691,0.9008
3190,1489,20013,535.815,287.9944,337.8584,317.5869,0.8017
3191,1489,3350,402.7786,850.3538,190.0991,190.5789,0.7503
3192,1492,21324,184.7139,276.8233,159.5332,230.3304,0.9123
3193,1492,3350,380.2955,904.8298,188.6388,189.28,0.818
3194,1492,18146,525.7834,295.0168,339.7356,357.9894,0.7561
3195,1493,3350,367.6917,136.6933,183.7391,190.9921,0.8907
3196,1493,21324,597.8749,721.1746,160.6383,241.4321,0.8569
3197,1493,18146,58.1195,543.2338,348.734,378.422,0.7582
3198,1497,3482,566.1097,840.5557,259.7256,234.0482,0.8567
3199,1497,19860,83.8455,825.5092,228.0326,177.2417,0.7545
3200,1497,29666,608.8736,198.1159,220.9068,215.6809,0.6993
3201,1497,34596,58.7505,60.2797,310.5223,495.0587,0.68
3202,1500,38161,197.078,733.2138,185.1381,297.8085,0.8882
3203,1500,3350,351.9711,236.842,182.6653,183.1033,0.8741
3204,1500,41767,575.211,858.7491,343.3379,179.1669,0.7059
